tipo,pregunta,materia,opcion_a,opcion_b,opcion_c,opcion_d,opcion_e,opcion_f,correctas,respuesta_correcta,respuesta_modelo,criterios
opcion_unica,¿Cuál es la definición de Derecho Administrativo?,Derecho,Es la rama del derecho privado que regula los contratos entre el Estado y los ciudadanos.,Es el conjunto de normas que regulan la organización del Poder Judicial y su función jurisdiccional.,"Es el conjunto de normas jurídicas que regulan la actividad del Estado en su función administrativa, como rama del derecho público.",Es el conjunto de normas que regulan las relaciones entre particulares y el Estado en materia civil.,,,2,"Es el conjunto de normas jurídicas que regulan la actividad del Estado en su función administrativa, como rama del derecho público.","La definición correcta se basa en que el Derecho Administrativo regula la función administrativa del Estado, como rama del derecho público.",
opcion_unica,¿Dónde y cuándo surge el Derecho Administrativo?,Derecho,"Surge en México en el siglo XX, con la Constitución de 1917.","Surge en Alemania en el siglo XIX, con el concepto de Estado de derecho.","Surge en Francia en el siglo XIX, con los primeros conceptos de servicio público y ciencia social.","Surge en Inglaterra en el siglo XVIII, con la Revolución Industrial.",,,2,"Surge en Francia en el siglo XIX, con los primeros conceptos de servicio público y ciencia social.","El Derecho Administrativo moderno se origina en Francia durante el siglo XIX, asociado a la noción de servicio público.",
opcion_unica,¿Cuáles son las fuentes del Derecho Administrativo?,Derecho,Solo los tratados internacionales y los reglamentos.,Solo la Constitución y las leyes federales.,"La Constitución, leyes federales y locales, tratados internacionales, reglamentos, jurisprudencia, doctrina, usos y costumbres, e ideas político-sociales.",Solo la jurisprudencia y la doctrina.,,,2,"La Constitución, leyes federales y locales, tratados internacionales, reglamentos, jurisprudencia, doctrina, usos y costumbres, e ideas político-sociales.","Las fuentes del Derecho Administrativo son diversas, incluyendo normas escritas, costumbres, jurisprudencia y doctrina.",
opcion_unica,¿Qué regula el Derecho Administrativo?,Derecho,"La estructura y organización del Poder Ejecutivo, sus medios patrimoniales y financieros, el ejercicio de la función administrativa y la situación de los particulares frente a la administración.",Solo la organización del Poder Judicial y sus procedimientos.,Solo las relaciones entre particulares en materia contractual.,Solo la actividad legislativa del Congreso.,,,0,"La estructura y organización del Poder Ejecutivo, sus medios patrimoniales y financieros, el ejercicio de la función administrativa y la situación de los particulares frente a la administración.","El Derecho Administrativo regula la organización y actividad de la administración pública, así como sus relaciones con los particulares.",
opcion_unica,¿Qué es el Estado de Derecho?,Derecho,"Es aquel en el que el gobernante actúa sin sujeción a normas, según su voluntad.",Es aquel en el que el poder se ejerce de facto sin reconocimiento legal.,Es aquel en el que solo se aplican las normas religiosas.,"Es aquel cuyo poder se encuentra determinado por preceptos legales, de modo que no puede exigir acciones u omisiones sin fundamento en una norma jurídica prestablecida.",,,3,"Es aquel cuyo poder se encuentra determinado por preceptos legales, de modo que no puede exigir acciones u omisiones sin fundamento en una norma jurídica prestablecida.",El Estado de Derecho se caracteriza por la sujeción del poder a normas jurídicas preestablecidas.,
opcion_unica,La actitud del Estado de resolver casos individuales sin sujeción a las normas generales de derecho constituye la definición clásica de:,Derecho,Democracia,Autocracia,Estado de derecho,Despotismo,,,3,Despotismo,"El despotismo se define como el ejercicio del poder sin sujeción a normas generales, resolviendo arbitrariamente.",
opcion_unica,¿Cómo está constituido el Estado de Derecho en México y cuál es su forma de gobierno?,Derecho,Mediante un gobierno oligárquico.,Mediante un gobierno democrático.,Mediante una monarquía constitucional.,Mediante un gobierno autoritario.,,,1,Mediante un gobierno democrático.,"México se constituye como una república democrática, representativa y federal, según su Constitución.",
opcion_unica,¿Cuál es la diferencia entre derecho público y derecho privado?,Derecho,El derecho público es nacional; el privado es internacional.,El derecho público regula solo las relaciones entre particulares; el privado regula las del Estado.,El derecho público se basa en la igualdad de las partes; el privado en la subordinación.,El derecho público regula las relaciones del Estado con los particulares cuando actúa con autoridad; el derecho privado regula las relaciones entre particulares y las del Estado cuando actúa sin imperio.,,,3,El derecho público regula las relaciones del Estado con los particulares cuando actúa con autoridad; el derecho privado regula las relaciones entre particulares y las del Estado cuando actúa sin imperio.,"La distinción radica en la posición de las partes: en el público el Estado actúa con autoridad, en el privado las partes están en igualdad.",
opcion_unica,¿Qué es atribución del Estado?,Derecho,Es la obligación de los ciudadanos de pagar impuestos.,Es la facultad exclusiva del Poder Judicial para interpretar leyes.,Es el conjunto de bienes patrimoniales del Estado.,"Es el contenido de las actividades del Estado, es decir, lo que el Estado puede o debe hacer.",,,3,"Es el contenido de las actividades del Estado, es decir, lo que el Estado puede o debe hacer.",Las atribuciones del Estado comprenden las actividades que legalmente le corresponden realizar.,
opcion_unica,"En la Constitución política de 1857, ¿cómo se le conoce a la atribución del Estado?",Derecho,Neoliberalismo.,Estado de bienestar.,Socialismo democrático.,Liberalismo individualista.,,,3,Liberalismo individualista.,"La Constitución de 1857 refleja el pensamiento liberal individualista, que limitaba la intervención del Estado.",
opcion_unica,¿Qué modelo de intervención estatal se adoptó en la Constitución Política de 1917?,Derecho,Liberalismo clásico,Intervencionismo de Estado,Estado mínimo,Socialismo democrático,,,1,Intervencionismo de Estado,"La Constitución de 1917 estableció un modelo intervencionista, donde el Estado participa activamente en la economía y la sociedad.",
opcion_unica,¿Qué situaciones o actos se regulan por normas especiales del derecho público?,Derecho,Los actos de comercio y las sociedades mercantiles,Los contratos entre particulares y las obligaciones civiles,Las relaciones familiares y sucesorias,"Los agentes públicos, los bienes nacionales, el régimen de impuestos, las expropiaciones, los contratos administrativos y los actos jurídico-administrativos.",,,3,"Los agentes públicos, los bienes nacionales, el régimen de impuestos, las expropiaciones, los contratos administrativos y los actos jurídico-administrativos.","El derecho público regula la organización del Estado y sus relaciones con los particulares cuando actúa con autoridad, como en los casos mencionados.",
opcion_unica,"¿Cómo se agrupan actualmente las atribuciones del Estado, considerando su evolución histórica?",Derecho,"En atribuciones de control, fiscalización y sanción","En atribuciones de mando, policía o coacción; regulación de actividades económicas; creación de servicios públicos; e intervención directa en la vida económica, cultural y existencial del país.","En atribuciones exclusivamente legislativas, ejecutivas y judiciales","En atribuciones federales, estatales y municipales",,,1,"En atribuciones de mando, policía o coacción; regulación de actividades económicas; creación de servicios públicos; e intervención directa en la vida económica, cultural y existencial del país.","Las atribuciones estatales se agrupan en cuatro categorías: mando, regulación económica, servicios públicos e intervención directa.",
opcion_unica,¿Qué es la actividad o función del Estado?,Derecho,La prestación de servicios públicos a la comunidad,"El conjunto de actos materiales y jurídicos, operaciones y tareas que realiza en virtud de las atribuciones que la legislación positiva le otorga.",La administración de los recursos económicos del país,El ejercicio del poder público para mantener el orden social,,,1,"El conjunto de actos materiales y jurídicos, operaciones y tareas que realiza en virtud de las atribuciones que la legislación positiva le otorga.","La actividad del Estado comprende todos los actos y operaciones que realiza conforme a las atribuciones legales, con el fin de alcanzar sus fines.",
opcion_unica,¿En qué consiste la función legislativa?,Derecho,En aplicar las leyes a casos concretos para resolver controversias,En ejecutar las leyes y administrar los recursos públicos,En vigilar el cumplimiento de la Constitución y las leyes,En formular las normas generales que deben reglamentar la estructura del Estado y las relaciones entre el Estado y los ciudadanos.,,,3,En formular las normas generales que deben reglamentar la estructura del Estado y las relaciones entre el Estado y los ciudadanos.,La función legislativa consiste en crear normas generales y abstractas que regulan la organización estatal y las relaciones con los ciudadanos.,
opcion_unica,¿Cuál es el propósito de la función judicial?,Derecho,Tutelar el ordenamiento jurídico definiendo la norma precisa que se aplica en los casos particulares.,Crear leyes que regulen la conducta de los individuos,Administrar los recursos del Estado para el bienestar social,Representar al Estado en sus relaciones internacionales,,,0,Tutelar el ordenamiento jurídico definiendo la norma precisa que se aplica en los casos particulares.,La función judicial busca proteger el orden jurídico al resolver controversias mediante la aplicación de la norma adecuada a cada caso.,
opcion_unica,¿En qué consiste la función administrativa del Estado?,Derecho,"En actuar promoviendo la satisfacción de las necesidades de los ciudadanos, fomentando el bienestar y el progreso de la actividad.",En formular las leyes que rigen la vida social,En resolver conflictos entre particulares aplicando la ley,En representar al Estado en la celebración de tratados internacionales,,,0,"En actuar promoviendo la satisfacción de las necesidades de los ciudadanos, fomentando el bienestar y el progreso de la actividad.",La función administrativa es la actividad concreta del Estado para satisfacer necesidades públicas y promover el bienestar general.,
opcion_unica,¿Qué artículo constitucional establece las facultades y obligaciones del Presidente de la República?,Derecho,El artículo 89 Constitucional,El artículo 73 Constitucional,El artículo 94 Constitucional,El artículo 49 Constitucional,,,0,El artículo 89 Constitucional,El artículo 89 de la Constitución mexicana enumera las facultades y obligaciones del Presidente de la República.,
opcion_unica,¿En qué consiste el principio de legalidad?,Derecho,En que el Estado debe actuar conforme a la Constitución y las leyes,En que ningún órgano del Estado puede realizar actos individuales que no estén previstos en la ley.,En que las leyes deben ser claras y precisas para los ciudadanos,En que todos los actos de los particulares deben estar permitidos por la ley,,,1,En que ningún órgano del Estado puede realizar actos individuales que no estén previstos en la ley.,El principio de legalidad implica que la actuación de los órganos estatales debe estar expresamente autorizada por una ley.,
opcion_unica,¿Cuándo se habla de la reserva de la ley?,Derecho,Cuando es competencia exclusiva del Poder que está encargado de legislar.,Cuando la ley solo puede ser modificada por el voto popular,Cuando el Ejecutivo tiene facultades para legislar en ciertas materias,Cuando los tratados internacionales tienen jerarquía superior a la ley,,,0,Cuando es competencia exclusiva del Poder que está encargado de legislar.,"La reserva de la ley se refiere a que ciertas materias solo pueden ser reguladas por el Poder Legislativo, no por otros órganos.",
opcion_unica,¿En qué consiste la facultad discrecional de la Administración Pública?,Derecho,"Permite adaptar la ley a circunstancias imprevistas, apreciar técnicamente los elementos del caso y hacer equitativa su aplicación.",Es la facultad de crear nuevas leyes cuando la Administración lo considere necesario.,Permite a la Administración actuar sin sujetarse a ningún marco legal.,Consiste en la obligación de aplicar la ley de manera estricta sin considerar las circunstancias particulares.,,,0,"Permite adaptar la ley a circunstancias imprevistas, apreciar técnicamente los elementos del caso y hacer equitativa su aplicación.","La facultad discrecional otorga a la Administración un margen de apreciación para adaptar la ley a situaciones concretas, garantizando equidad y eficacia.",
opcion_unica,¿Qué es un reglamento en el ámbito jurídico mexicano?,Derecho,Acuerdo entre particulares que regula sus relaciones privadas.,Norma jurídica abstracta e impersonal expedida por el Ejecutivo para facilitar la observancia de las leyes del Legislativo.,Decisión judicial que interpreta una ley para un caso concreto.,Conjunto de normas emitidas por el Poder Legislativo con carácter general y obligatorio.,,,1,Norma jurídica abstracta e impersonal expedida por el Ejecutivo para facilitar la observancia de las leyes del Legislativo.,"El reglamento es una norma general emitida por el Ejecutivo en ejercicio de facultad propia, que desarrolla y facilita el cumplimiento de las leyes.",
opcion_unica,¿Qué ley regula y ajusta el aparato administrativo del Estado mexicano?,Derecho,Ley Federal de Procedimiento Administrativo,Ley Orgánica de la Administración Pública Federal,Ley Federal de Servidores Públicos,Ley de Amparo,,,2,Ley Federal de Servidores Públicos,La Ley Federal de Servidores Públicos es la que regula las relaciones del Estado con sus servidores públicos y su funcionamiento.,
opcion_unica,¿Qué artículo constitucional fundamenta la Ley Federal de Servidores Públicos?,Derecho,Artículo 73 constitucional,Artículo 90 constitucional,Artículo 89 constitucional,Artículo 123 constitucional,,,1,Artículo 90 constitucional,"El artículo 90 de la Constitución establece las bases para la organización de la Administración Pública Federal, fundamentando dicha ley.",
opcion_unica,¿Quién está facultado para organizar la administración pública y qué lo faculta?,Derecho,"El Congreso de la Unión, con base en su facultad legislativa.","El Poder Judicial, mediante sus sentencias.","Los gobernadores de los estados, en ejercicio de su soberanía.","El Presidente de la República, con fundamento en la Constitución y leyes, integra la Administración Pública Centralizada.",,,3,"El Presidente de la República, con fundamento en la Constitución y leyes, integra la Administración Pública Centralizada.","El Presidente de la República, facultado por la Constitución, organiza la administración pública centralizada.",
opcion_unica,¿Qué es el derecho económico?,Derecho,Normas que regulan exclusivamente las relaciones entre particulares en materia comercial.,Rama del derecho que estudia las leyes del mercado y la oferta y demanda.,Conjunto de principios éticos que rigen la economía de un país.,Conjunto de normas que regulan la dirección y realización de la actividad económica y las relaciones entre organismos socialistas.,,,3,Conjunto de normas que regulan la dirección y realización de la actividad económica y las relaciones entre organismos socialistas.,"El derecho económico comprende las normas que estructuran y dirigen la actividad económica, incluyendo las relaciones entre entes socialistas.",
opcion_unica,¿Por qué el derecho económico se ubica en el derecho privado?,Derecho,"Porque regula conductas entre particulares, limitándose a vigilar sus asuntos.",Porque regula la actividad del Estado en su función soberana.,Porque se enfoca en las relaciones entre Estados y organismos internacionales.,Porque establece las normas para la creación de empresas públicas.,,,0,"Porque regula conductas entre particulares, limitándose a vigilar sus asuntos.","El derecho económico se considera parte del derecho privado al regular las relaciones entre particulares, con intervención estatal limitada.",
opcion_unica,¿De qué elementos se integra el derecho privado?,Derecho,Elemento formal (estructura de la norma) y elemento material (contenido y finalidad).,Elemento subjetivo (sujetos) y elemento objetivo (objeto).,Elemento nacional e internacional.,Elemento público y privado.,,,0,Elemento formal (estructura de la norma) y elemento material (contenido y finalidad).,El derecho privado se compone de un aspecto formal relativo a la estructura normativa y un aspecto material referente a su contenido y fin.,
opcion_unica,¿Cuáles son los sujetos del derecho privado?,Derecho,Exclusivamente las empresas y los comerciantes.,Solo las personas físicas y morales de carácter privado.,"Todos los que participan en la actividad económica: Estado, particulares, empresas y familia.",Únicamente el Estado y sus organismos descentralizados.,,,2,"Todos los que participan en la actividad económica: Estado, particulares, empresas y familia.","Los sujetos del derecho privado incluyen al Estado, particulares, empresas y familia, en tanto intervienen en la actividad económica.",
opcion_unica,¿Cuáles son las características del derecho económico?,Derecho,"Privado, público, social, individual y colectivo.","Estático, formal, abstracto, nacional y unilateral.","Humanista, dinámico, complejo, concreto, multidisciplinario e internacional.","Sancionador, coercitivo, jerárquico, local y bilateral.",,,2,"Humanista, dinámico, complejo, concreto, multidisciplinario e internacional.","El derecho económico se caracteriza por ser humanista, dinámico, complejo, concreto, multidisciplinario e internacional.",
opcion_unica,¿Cuál es la razón por la que el derecho económico tiene un carácter humanista?,Derecho,Porque busca maximizar las ganancias de los inversionistas.,Porque regula exclusivamente las relaciones entre Estados.,Porque procura la protección de los sectores más desprotegidos de la sociedad.,Porque se enfoca en el desarrollo económico de las grandes empresas.,,,2,Porque procura la protección de los sectores más desprotegidos de la sociedad.,El derecho económico es humanista porque busca proteger a los sectores más vulnerables de la sociedad.,
opcion_unica,¿Por qué se considera complejo el derecho económico?,Derecho,Porque es una rama del derecho privado que no involucra al Estado.,Porque sus normas son sencillas y de fácil aplicación.,Porque sus normas regulan las relaciones económicas y las relaciones jurídicas entre Estados.,Porque solo regula las actividades comerciales internas de un país.,,,2,Porque sus normas regulan las relaciones económicas y las relaciones jurídicas entre Estados.,La complejidad del derecho económico radica en que abarca tanto las relaciones económicas internas como las internacionales entre Estados.,
opcion_unica,¿Por qué se dice que el derecho económico es multidisciplinario?,Derecho,Porque estudia las distintas actividades del proceso económico.,Porque se limita al estudio de las leyes fiscales.,Porque solo analiza las actividades de producción.,Porque no se relaciona con otras ciencias.,,,0,Porque estudia las distintas actividades del proceso económico.,El derecho económico es multidisciplinario porque abarca el estudio de las diversas actividades que conforman el proceso económico.,
opcion_unica,¿En qué momento el derecho económico adquiere un carácter internacional?,Derecho,Cuando las empresas multinacionales actúan sin intervención estatal.,Cuando un Estado suscribe acuerdos o tratados con otros Estados para regular actividades económicas.,Cuando la economía de un país se vuelve autosuficiente.,Cuando un Estado regula unilateralmente su economía interna.,,,1,Cuando un Estado suscribe acuerdos o tratados con otros Estados para regular actividades económicas.,El derecho económico se vuelve internacional cuando los Estados celebran tratados para regular actividades económicas conjuntas.,
opcion_unica,¿Cuál es la importancia de la actividad económica?,Derecho,Establecer normas para el comercio internacional.,Acumular riqueza exclusivamente para el Estado.,Regular las relaciones familiares y personales.,"Producir bienes y prestar servicios que las personas necesitan o desean, mediante la producción, comercialización y consumo.",,,3,"Producir bienes y prestar servicios que las personas necesitan o desean, mediante la producción, comercialización y consumo.","La actividad económica es importante porque busca satisfacer las necesidades humanas mediante la producción, comercialización y consumo de bienes y servicios.",
opcion_unica,¿Qué se entiende por actividad económica?,Derecho,Procesos de intercambio de bienes y servicios entre países.,Acciones del gobierno para regular el mercado.,Conjunto de actividades destinadas a convertir los bienes de la naturaleza en objetos útiles para el ser humano.,Actividades exclusivamente financieras realizadas por los bancos.,,,2,Conjunto de actividades destinadas a convertir los bienes de la naturaleza en objetos útiles para el ser humano.,La actividad económica es el proceso de transformar recursos naturales en bienes útiles para las personas.,
opcion_unica,¿Cuál es el funcionamiento de la actividad económica?,Derecho,"Inversión, ahorro y gasto.","Importación, exportación y reexportación.","Producción, comercialización y consumo.","Extracción, transformación y distribución.",,,2,"Producción, comercialización y consumo.","El funcionamiento de la actividad económica se basa en las fases de producción, comercialización y consumo.",
opcion_unica,¿Qué busca la actividad económica?,Derecho,Busca la acumulación de bienes sin importar el costo.,Busca la autosuficiencia de cada individuo.,Busca maximizar el beneficio de los intermediarios.,Busca la forma más rápida y menos costosa para obtener servicios.,,,3,Busca la forma más rápida y menos costosa para obtener servicios.,"La actividad económica busca eficiencia, es decir, obtener servicios de manera rápida y con el menor costo posible.",
opcion_unica,¿Cuáles son los factores productivos de la actividad económica?,Derecho,"Inversión, ahorro y consumo.","Tierra, tecnología y conocimiento.","Recursos naturales, trabajo y capital.","Materia prima, maquinaria y mano de obra.",,,2,"Recursos naturales, trabajo y capital.","Los factores productivos clásicos son tres: recursos naturales, trabajo y capital.",
opcion_unica,¿Qué es la economía?,Derecho,Es una rama del derecho que regula las actividades comerciales.,"Es una ciencia social que estudia los procedimientos productivos, de intercambio y el consumo de bienes y servicios.",Es una disciplina que estudia únicamente el comportamiento del consumidor.,Es una ciencia exacta que se enfoca en el cálculo matemático de las ganancias.,,,1,"Es una ciencia social que estudia los procedimientos productivos, de intercambio y el consumo de bienes y servicios.","La economía es una ciencia social que analiza la producción, distribución y consumo de bienes y servicios.",
opcion_unica,¿Cómo se clasifica la economía?,Derecho,"Según su tamaño, su población y su territorio.","Según su naturaleza, su objeto y su funcionamiento.","Según su nivel de desarrollo, su tecnología y su cultura.","Según su sector primario, secundario y terciario.",,,1,"Según su naturaleza, su objeto y su funcionamiento.","La economía se clasifica con base en su naturaleza, objeto y funcionamiento.",
opcion_unica,¿Cuál es la importancia de la economía?,Derecho,Permite a las empresas maximizar sus ganancias sin considerar el bienestar social.,Permite a los gobiernos controlar todos los precios de los bienes y servicios.,"Permite el desarrollo de los países al resolver qué, cómo y para quién producir, generando ganancias y desarrollo.",Permite a los países acumular riqueza sin necesidad de comerciar con otros.,,,2,"Permite el desarrollo de los países al resolver qué, cómo y para quién producir, generando ganancias y desarrollo.",La economía es importante porque orienta la producción y distribución de bienes para el desarrollo de los países.,
opcion_unica,¿Qué es la macroeconomía y cuáles son sus objetivos?,Derecho,Estudia las decisiones de las empresas; busca minimizar sus costos de producción.,"Estudia los sistemas económicos de una región o país en su conjunto; busca crecimiento económico, pleno empleo y estabilidad de precios.",Estudia el comportamiento de los consumidores individuales; busca maximizar su utilidad.,Estudia los mercados específicos; busca determinar el precio de equilibrio.,,,1,"Estudia los sistemas económicos de una región o país en su conjunto; busca crecimiento económico, pleno empleo y estabilidad de precios.","La macroeconomía analiza la economía en su conjunto y persigue crecimiento, empleo y estabilidad de precios.",
opcion_unica,¿Qué es la microeconomía y cuáles son sus objetivos?,Derecho,Analiza la economía de un país en su conjunto; su objetivo es controlar la inflación.,Analiza las políticas fiscales del gobierno; su objetivo es reducir el déficit público.,Analiza el comercio internacional; su objetivo es equilibrar la balanza de pagos.,Analiza la actividad económica de los agentes individuales; su objetivo es determinar los precios de bienes y factores en el mercado.,,,3,Analiza la actividad económica de los agentes individuales; su objetivo es determinar los precios de bienes y factores en el mercado.,La microeconomía se centra en el comportamiento individual y en la formación de precios en el mercado.,
opcion_unica,¿En qué países encontramos los inicios del derecho económico?,Derecho,Japón y China.,Estados Unidos y Francia.,Inglaterra y España.,Alemania e Italia.,,,3,Alemania e Italia.,El derecho económico tuvo sus orígenes en Alemania e Italia.,
opcion_unica,¿Cuándo nace esta rama del derecho?,Derecho,Con la crisis económica de 1929 en Estados Unidos.,Tras la caída del muro de Berlín en 1989.,Durante la Revolución Industrial en el siglo XVIII.,A partir de los desafíos que la Segunda Guerra Mundial impuso a las economías de los países beligerantes.,,,3,A partir de los desafíos que la Segunda Guerra Mundial impuso a las economías de los países beligerantes.,El derecho económico surge tras la Segunda Guerra Mundial para enfrentar los retos económicos de los países involucrados.,
opcion_unica,¿Con qué fin el Estado comenzó a tomar parte de manera organizada en la economía?,Derecho,Con fines de monopolizar los sectores estratégicos.,Con fines de eliminar la propiedad privada.,Con fines de recaudación fiscal y control político.,"Con fines de regulación, control, promoción y desarrollo.",,,3,"Con fines de regulación, control, promoción y desarrollo.","El Estado interviene organizadamente para regular, controlar, promover y desarrollar la economía.",
opcion_unica,¿Cuáles son las fuentes reales de los antecedentes de México en 1917?,Derecho,"Nacionales: grupos de presión internos (empresarios, agricultores, sindicatos); extranjeras: organismos financieros internacionales (FMI, BM), inversionistas, banqueros y gobiernos extranjeros.",Nacionales: los tratados internacionales; extranjeras: las costumbres jurídicas.,Nacionales: las Leyes de Reforma; extranjeras: el Código Napoleónico.,Nacionales: la Constitución de 1824; extranjeras: la Constitución de Cádiz.,,,0,"Nacionales: grupos de presión internos (empresarios, agricultores, sindicatos); extranjeras: organismos financieros internacionales (FMI, BM), inversionistas, banqueros y gobiernos extranjeros.",Las fuentes reales de 1917 incluyen presiones internas de grupos sociales y externas de organismos financieros y gobiernos.,
opcion_unica,¿Qué artículos de la Constitución mexicana hablan de los derechos económicos?,Derecho,"Artículo 28, que prohíbe monopolios, y artículo 25, que regula la rectoría económica del Estado.","Artículo 27, que entrega a la nación el origen de toda propiedad, y artículo 5, que reconoce la libertad de trabajo y la libre concurrencia.","Artículo 3, que garantiza la educación, y artículo 123, que regula el trabajo.","Artículo 14, que establece la irretroactividad de la ley, y artículo 16, que protege la legalidad.",,,1,"Artículo 27, que entrega a la nación el origen de toda propiedad, y artículo 5, que reconoce la libertad de trabajo y la libre concurrencia.",Los artículos 27 y 5 establecen bases económicas: propiedad originaria de la nación y libertad de trabajo y concurrencia.,
opcion_unica,¿En qué año adquiere relevancia constitucional el derecho económico en México?,Derecho,"En 1824, con la Constitución Federal.","En 1910, con el inicio de la Revolución Mexicana.","En 1857, con la Constitución de la Reforma.","En 1917, con la Constitución de Querétaro.",,,3,"En 1917, con la Constitución de Querétaro.",El derecho económico adquiere relevancia constitucional en 1917 con la Carta de Querétaro.,
opcion_unica,¿Cuáles son las fases del proceso económico?,Derecho,"Extracción, transformación y comercialización.","Ahorro, inversión y gasto.","Circulación, distribución, consumo, inversión y producción.","Producción, distribución y consumo.",,,2,"Circulación, distribución, consumo, inversión y producción.","Las fases del proceso económico son circulación, distribución, consumo, inversión y producción.",
opcion_unica,¿En qué benefician estas fases al consumidor?,Derecho,Permiten que el productor obtenga mayores ganancias.,Garantizan que los precios sean siempre bajos.,Aseguran que todos los productos sean de alta calidad.,Permiten que el consumidor satisfaga sus necesidades de compra y consumo.,,,3,Permiten que el consumidor satisfaga sus necesidades de compra y consumo.,El beneficio es que el consumidor puede satisfacer sus necesidades de compra y consumo.,
opcion_unica,¿Cuáles son las dos reglas de la circulación?,Derecho,1) El bien debe producirse en masa; 2) el bien debe anunciarse.,1) El bien debe tener precio fijo; 2) el bien debe ser de fácil acceso.,1) El bien debe almacenarse; 2) el bien debe venderse al contado.,1) El bien debe transportarse del lugar de producción al de los consumidores; 2) el bien debe pasar del poder del productor al poder del consumidor.,,,3,1) El bien debe transportarse del lugar de producción al de los consumidores; 2) el bien debe pasar del poder del productor al poder del consumidor.,Las reglas son el transporte del bien y la transferencia de su propiedad o poder al consumidor.,
opcion_unica,¿Cuáles son los factores de distribución?,Derecho,"Producción, distribución y consumo.","Tierra, trabajo y capital.","Naturaleza, trabajo, capital, empresa y estado.","Materia prima, mano de obra y tecnología.",,,2,"Naturaleza, trabajo, capital, empresa y estado.","Los factores de distribución son naturaleza, trabajo, capital, empresa y estado.",
opcion_unica,¿Qué es la inversión?,Derecho,Es el gasto en bienes de consumo duradero.,Es el ahorro de una parte del ingreso.,"Es el financiamiento de un nuevo proceso productivo mediante la adquisición de bienes de capital (herramientas, maquinarias e insumos).",Es la compra de acciones en la bolsa de valores.,,,2,"Es el financiamiento de un nuevo proceso productivo mediante la adquisición de bienes de capital (herramientas, maquinarias e insumos).",La inversión financia un nuevo proceso productivo mediante bienes de capital.,
opcion_unica,¿Qué propone la Ley de Planeación?,Derecho,Definir los impuestos para el desarrollo.,"Establecer un marco normativo para la planeación, regulando su ejecución conforme a las necesidades del desarrollo nacional.",Regular la inversión extranjera.,Crear un sistema de control de precios.,,,1,"Establecer un marco normativo para la planeación, regulando su ejecución conforme a las necesidades del desarrollo nacional.",La Ley de Planeación propone un marco normativo para la planeación del desarrollo nacional.,
opcion_unica,¿Qué establecen las disposiciones generales de la Ley de Planeación?,Derecho,Que buscan limitar la participación ciudadana.,Que son de carácter informativo y no obligatorio.,Que solo aplican al sector privado.,"Que sus disposiciones son de orden público e interés social, permitiendo a la administración pública actuar con flexibilidad en beneficio general.",,,3,"Que sus disposiciones son de orden público e interés social, permitiendo a la administración pública actuar con flexibilidad en beneficio general.","Las disposiciones son de orden público e interés social, otorgando flexibilidad a la administración pública.",
opcion_unica,¿De cuántos capítulos consta la Ley de Planeación?,Derecho,Cinco capítulos.,Doce capítulos.,Siete capítulos.,Diez capítulos.,,,2,Siete capítulos.,La Ley de Planeación está dividida en siete capítulos.,
opcion_unica,¿Qué establece el capítulo 'concertación e inducción' de la Ley de Planeación?,Derecho,La coordinación entre los tres niveles de gobierno.,La creación de organismos autónomos.,Las bases para la concertación entre el sector público y las representaciones de grupos sociales o particulares interesados.,La participación de los estados en la planeación.,,,2,Las bases para la concertación entre el sector público y las representaciones de grupos sociales o particulares interesados.,El capítulo establece las bases para la concertación entre el sector público y los grupos sociales.,
opcion_unica,¿Qué establece el capítulo 'coordinación' de la Ley de Planeación?,Derecho,Que el Ejecutivo Federal debe coordinar a los sectores privado y social.,Que los municipios deben coordinarse con el gobierno estatal.,Que los estados deben presentar sus planes al Congreso.,Que el Ejecutivo Federal podrá convenir con los gobiernos de los estados la coordinación para participar en la planeación nacional del desarrollo.,,,3,Que el Ejecutivo Federal podrá convenir con los gobiernos de los estados la coordinación para participar en la planeación nacional del desarrollo.,El capítulo de coordinación permite al Ejecutivo Federal convenir con los gobiernos estatales para la planeación.,
opcion_unica,¿Quiénes son los sujetos del derecho económico?,Derecho,Solo el Estado y sus organismos descentralizados.,"Todos los agentes económicos en general, las personas jurídicas estatales, las personas jurídicas privadas y los particulares.",Exclusivamente las personas físicas que realizan actividades comerciales.,Únicamente las empresas privadas y los consumidores.,,,1,"Todos los agentes económicos en general, las personas jurídicas estatales, las personas jurídicas privadas y los particulares.","El derecho económico regula la actividad de todos los participantes en la economía, tanto públicos como privados.",
opcion_unica,¿Qué papel juega el Estado en el derecho económico?,Derecho,Es un agente más sin autoridad sobre los demás.,"Actúa como director y rector, depositario de los intereses globales del sistema, con mando y jerarquía.",Interviene solo como regulador pasivo sin participación activa.,Su función se limita a recaudar impuestos y gastar.,,,1,"Actúa como director y rector, depositario de los intereses globales del sistema, con mando y jerarquía.","El Estado tiene un papel rector en la economía, dirigiendo y coordinando los intereses colectivos.",
opcion_unica,¿Qué es un banco en el contexto económico?,Derecho,Una institución que solo guarda dinero sin generar créditos.,"Un agente económico intermediario financiero que recibe depósitos y otorga préstamos, entre otros servicios.",Una empresa que fabrica billetes y monedas.,Un organismo gubernamental que regula la política monetaria.,,,1,"Un agente económico intermediario financiero que recibe depósitos y otorga préstamos, entre otros servicios.",El banco es un intermediario financiero clave que capta depósitos y otorga créditos.,
opcion_unica,¿Qué institución en México protege los derechos del consumidor?,Derecho,"La PROFECO, que busca mejorar el nivel de vida y fomentar un consumo responsable.","La Procuraduría General de la República, que persigue delitos federales.","La Comisión Nacional Bancaria y de Valores, que supervisa a los bancos.","La Secretaría de Economía, encargada de regular precios.",,,0,"La PROFECO, que busca mejorar el nivel de vida y fomentar un consumo responsable.",La PROFECO es la entidad encargada de proteger y defender los derechos de los consumidores en México.,
opcion_unica,¿Por qué se dice que el derecho económico es bicéfalo?,Derecho,Porque regula tanto la producción como el consumo.,Porque es estudiado por dos disciplinas: derecho y economía.,Porque se aplica tanto en el ámbito federal como en el local.,Porque tiene un aspecto normativo y otro práctico-económico.,,,3,Porque tiene un aspecto normativo y otro práctico-económico.,"El derecho económico combina normas jurídicas con la realidad económica, por lo que tiene dos dimensiones.",
opcion_unica,¿Por qué las metas de la política económica cambian periódicamente?,Derecho,Porque los gobiernos cambian y cada uno impone sus metas.,Porque los consumidores exigen cambios constantes.,Porque las leyes económicas se modifican cada año.,"Porque se ajustan según las condiciones del Estado o del mercado, beneficiando a los empresarios.",,,3,"Porque se ajustan según las condiciones del Estado o del mercado, beneficiando a los empresarios.",Las metas de la política económica son dinámicas y se adaptan a las circunstancias del Estado y del mercado.,
opcion_unica,¿Cuál es el objeto general del derecho económico?,Derecho,Establecer los impuestos que deben pagar los ciudadanos.,Controlar los precios de los bienes y servicios.,"Normar los comportamientos económicos de los agentes y operadores, tanto físicos como morales.",Regular únicamente las actividades del Estado en la economía.,,,2,"Normar los comportamientos económicos de los agentes y operadores, tanto físicos como morales.",El derecho económico tiene como objeto las normas que regulan la conducta económica de los actores.,
opcion_unica,"De acuerdo con la Ley Orgánica de la Administración Pública Federal (LOAPF), ¿quién integra la administración pública centralizada federal?",Derecho,"Los municipios, las alcaldías y las juntas de gobierno.","Los organismos descentralizados, las empresas de participación estatal y los fideicomisos.","La Presidencia de la República, las Secretarías de Estado, los Departamentos Administrativos y la Procuraduría General de la República.","El Congreso de la Unión, el Poder Judicial y los gobiernos estatales.",,,2,"La Presidencia de la República, las Secretarías de Estado, los Departamentos Administrativos y la Procuraduría General de la República.",La administración centralizada federal se compone de los órganos directamente dependientes del Ejecutivo.,
opcion_unica,¿Cómo interviene el Estado en la economía?,Derecho,Nacionalizando todas las empresas y medios de producción.,Explotando recursos que le pertenecen exclusivamente y fomentando la inversión privada para promover la industrialización.,Absteniéndose de participar y dejando todo al mercado.,Solo a través de la regulación de precios y salarios.,,,1,Explotando recursos que le pertenecen exclusivamente y fomentando la inversión privada para promover la industrialización.,El Estado interviene directamente en sectores estratégicos y promueve la inversión privada.,
opcion_unica,¿De qué entidades se auxilia el Poder Ejecutivo de la Unión para formar la administración pública paraestatal?,Derecho,"Secretarías de Estado, departamentos administrativos y procuradurías.","Comisiones nacionales, institutos federales y tribunales administrativos.","Gobiernos estatales, municipales y juntas de coordinación.","Organismos descentralizados, empresas de participación estatal, instituciones nacionales de crédito, organizaciones auxiliares, instituciones de seguros y finanzas, y fideicomisos.",,,3,"Organismos descentralizados, empresas de participación estatal, instituciones nacionales de crédito, organizaciones auxiliares, instituciones de seguros y finanzas, y fideicomisos.","La administración paraestatal se integra por entidades con personalidad jurídica propia, como organismos descentralizados y fideicomisos.",
opcion_unica,¿Qué es el Derecho Registral?,Derecho,Rama del derecho que estudia los contratos y obligaciones entre particulares.,Conjunto de leyes que regulan la actividad de los notarios y su fe pública.,Sistema de publicidad de actos jurídicos que solo aplica a bienes inmuebles.,"Conjunto de normas y principios que regulan la organización y funcionamiento de los registros públicos, los derechos inscribibles y las medidas precautorias, en relación con terceros.",,,3,"Conjunto de normas y principios que regulan la organización y funcionamiento de los registros públicos, los derechos inscribibles y las medidas precautorias, en relación con terceros.",El Derecho Registral se define como el conjunto de normas y principios que regulan los registros públicos y los actos inscribibles frente a terceros.,
opcion_unica,¿Qué es el Derecho Notarial?,Derecho,Sistema legal que regula la actividad de los jueces en materia civil.,Rama del derecho que estudia los contratos mercantiles y su registro.,"Conjunto de disposiciones legislativas, reglamentarias, usos, jurisprudencia y doctrina que rigen la función notarial y el instrumento público.",Conjunto de normas que regulan la organización de los registros públicos.,,,2,"Conjunto de disposiciones legislativas, reglamentarias, usos, jurisprudencia y doctrina que rigen la función notarial y el instrumento público.",El Derecho Notarial comprende las normas y fuentes que regulan la función del notario y el instrumento público que autoriza.,
opcion_unica,"Además de la garantía, el sello, la firma y su registro, ¿qué otro requisito debe cumplir previamente el notario para ejercer su función?",Derecho,Obtener la autorización del Colegio de Notarios para ejercer en el distrito.,"Otorgar y mantener actualizada la garantía por el equivalente a 500 veces el valor diario de la UMA, a satisfacción de la Secretaría de Finanzas.",Contar con una póliza de seguro de responsabilidad civil por daños a terceros.,Aprobar un examen de oposición ante el Tribunal Superior de Justicia.,,,1,"Otorgar y mantener actualizada la garantía por el equivalente a 500 veces el valor diario de la UMA, a satisfacción de la Secretaría de Finanzas.",La ley exige que el notario otorgue y mantenga una garantía económica (500 UMA) ante la Secretaría de Finanzas.,
opcion_unica,¿Quién toma la protesta de ley a los notarios públicos?,Derecho,El presidente del Tribunal Superior de Justicia del Estado.,El director del Registro Público de la Propiedad.,El titular del Poder Ejecutivo del Estado (gobernador constitucional).,El secretario de Gobernación del Gobierno Federal.,,,2,El titular del Poder Ejecutivo del Estado (gobernador constitucional).,"La protesta de ley la toma el gobernador del Estado, como titular del Ejecutivo.",
opcion_unica,¿Por qué corresponde al Ejecutivo tomar la protesta a los notarios?,Derecho,Porque la Constitución Federal lo faculta para intervenir en todas las profesiones.,Porque el notario es un servidor público dependiente del Ejecutivo.,Porque el gobernador otorga el fiat notarial conforme a la Ley del Notariado y la Constitución local.,Porque el Poder Ejecutivo tiene la facultad de nombrar a todos los funcionarios públicos.,,,2,Porque el gobernador otorga el fiat notarial conforme a la Ley del Notariado y la Constitución local.,"El gobernador toma la protesta porque es quien otorga el fiat, según la Ley del Notariado y la Constitución local.",
opcion_unica,"Si el gobernador no toma la protesta de ley a los notarios, ¿quién puede sustituirlo?",Derecho,El presidente del Tribunal Superior de Justicia.,El presidente del Congreso del Estado.,El secretario de Finanzas del Estado.,El Secretario General de Gobierno.,,,3,El Secretario General de Gobierno.,La ley prevé que el Secretario General de Gobierno puede tomar la protesta en sustitución del gobernador.,
opcion_unica,"Si el Secretario de Gobierno no toma la protesta de ley a los notarios, ¿quién puede sustituirlo?",Derecho,El secretario de Finanzas puede tomarla.,El presidente del Colegio de Notarios puede tomarla.,El juez de primera instancia en turno puede tomarla.,Solo el gobernador y el Secretario de Gobierno pueden tomar protesta al notario.,,,3,Solo el gobernador y el Secretario de Gobierno pueden tomar protesta al notario.,La ley no contempla otro sustituto; solo el gobernador y el Secretario de Gobierno están facultados.,
opcion_unica,¿Qué otro requisito se le exige al notario para ejercer su función notarial?,Derecho,Ser profesional del Derecho (Licenciado en Derecho).,Aprobar un curso de actualización en el Colegio de Notarios.,Ser mayor de 30 años y tener experiencia en materia civil.,Contar con una maestría en Derecho Notarial.,,,0,Ser profesional del Derecho (Licenciado en Derecho).,Uno de los requisitos esenciales es contar con el título de Licenciado en Derecho.,
opcion_unica,¿Por qué debe ingresar el notario al Colegio de Notarios?,Derecho,Porque el Colegio otorga la patente de notario.,Porque es necesario para tener fe pública.,Porque así lo dispone la Ley del Notariado del Estado.,Porque es un requisito voluntario para obtener prestaciones.,,,2,Porque así lo dispone la Ley del Notariado del Estado.,La obligación de colegiarse deriva de lo establecido en la Ley del Notariado del Estado.,
opcion_unica,¿En dónde debe inscribirse el notario para ser socio de esa colegiación?,Derecho,En el Colegio de Notarios del Estado y en el Colegio de Notarios del distrito que le corresponda.,En el Registro Público de la Propiedad y en el Colegio de Notarios.,Solo en el Colegio de Notarios del distrito donde reside.,En la Secretaría de Finanzas y en el Colegio de Notarios.,,,0,En el Colegio de Notarios del Estado y en el Colegio de Notarios del distrito que le corresponda.,La ley exige la inscripción tanto en el Colegio estatal como en el del distrito correspondiente.,
opcion_unica,¿El notario debe pagar cuotas para ser socio de ambos colegios?,Derecho,"No, solo debe pagar en uno de los colegios.","Sí, debe pagar cuotas para pertenecer a ambos colegios.","No, la afiliación es gratuita.",Solo si ejerce en el distrito judicial correspondiente.,,,1,"Sí, debe pagar cuotas para pertenecer a ambos colegios.",La ley establece que el notario debe cubrir las cuotas de los dos colegios para ser socio.,
opcion_unica,"¿Debe el notario inscribirse en el colegio nacional de notarios que cobra $5,000 pesos anuales?",Derecho,"No, el colegio nacional no existe.","Sí, debe inscribirse y pagar la cuota anual.",Solo si desea ejercer en otro estado.,"No, la inscripción es opcional.",,,1,"Sí, debe inscribirse y pagar la cuota anual.",La ley obliga a todo notario a inscribirse en el colegio nacional y cubrir la cuota correspondiente.,
opcion_unica,¿Qué ocurre si un notario asociado ocupa un cargo público incompatible con la función notarial?,Derecho,Es motivo de suspensión de los efectos del convenio de asociación.,El otro notario asume todas las funciones.,No tiene ninguna consecuencia.,Se disuelve automáticamente la asociación.,,,0,Es motivo de suspensión de los efectos del convenio de asociación.,La ley prevé que la designación de un asociado para un cargo público incompatible suspende los efectos del convenio.,
opcion_unica,¿Por qué algunos notarios no se inscriben al colegio nacional?,Derecho,Porque no pueden o no quieren pagar la cuota.,Porque prefieren pertenecer a otro colegio.,Porque el colegio no los acepta.,Porque no están obligados a hacerlo.,,,0,Porque no pueden o no quieren pagar la cuota.,"La razón principal es la falta de pago de la cuota, ya sea por incapacidad económica o por decisión propia.",
opcion_unica,¿Dónde se publica la patente de aspirante a notario?,Derecho,En el Boletín Judicial del Estado.,En el portal de la Secretaría de Gobernación.,En el Diario Oficial de la Federación.,En el Periódico Oficial del Estado.,,,3,En el Periódico Oficial del Estado.,La ley establece que los nombramientos de notarios y aspirantes se publican en el Periódico Oficial del Estado.,
opcion_unica,"Una vez que el notario obtiene el nombramiento, ¿dónde se registra?",Derecho,Solo en el Colegio de Notarios del Estado.,En el Poder Judicial y en la Secretaría de Hacienda.,En el Congreso del Estado y en el Ayuntamiento.,"En la Dirección de Asuntos Notariales, la Secretaría del Trabajo y el Registro Público de la Propiedad.",,,3,"En la Dirección de Asuntos Notariales, la Secretaría del Trabajo y el Registro Público de la Propiedad.",El registro debe realizarse en las tres instancias señaladas por la ley.,
opcion_unica,¿Quién lleva el libro de registro de notarios?,Derecho,El Poder Judicial del Estado.,Solo la Dirección de Asuntos Notariales.,"La Secretaría del Trabajo, el Registro Público de la Propiedad y los colegios de notarios.",La Secretaría de Gobernación.,,,2,"La Secretaría del Trabajo, el Registro Público de la Propiedad y los colegios de notarios.","El artículo 26 de la ley señala que varias instituciones llevan el registro, incluyendo la Secretaría del Trabajo y los colegios.",
opcion_unica,¿Qué deben contener los libros de registro de notarios?,Derecho,Las listas de honorarios autorizados.,Los expedientes de quejas contra notarios.,"El título ""Registro de Notarios"".",Las actas de nacimiento de los notarios.,,,2,"El título ""Registro de Notarios"".","La ley especifica que los libros deben llevar el título ""Registro de Notarios"".",
opcion_unica,¿Cuál es la edad mínima para ser aspirante a notario y para obtener la fiat de notario?,Derecho,21 y 28 años respectivamente.,25 y 30 años respectivamente.,30 y 35 años respectivamente.,18 y 25 años respectivamente.,,,1,25 y 30 años respectivamente.,La ley exige 25 años para aspirante y 30 para obtener la fiat.,
opcion_unica,¿Cuánto tiempo de práctica notarial requiere el aspirante?,Derecho,5 años.,3 años.,4 años.,2 años.,,,1,3 años.,El aspirante debe acreditar una práctica notarial de tres años.,
opcion_unica,¿Cuál es el plazo por el cual el notario público debe comenzar a ejercer sus funciones?,Derecho,60 días.,30 días.,90 días.,15 días.,,,0,60 días.,La ley establece un plazo de 60 días para que el notario inicie sus funciones.,
opcion_unica,¿Puede el notario ejercer su función al día siguiente de la protesta de ley?,Derecho,"Sí, si el notario tiene experiencia previa.",No.,"Sí, si se publica el aviso en el Periódico Oficial.","Sí, si cuenta con la autorización del Director de Asuntos Notariales.",,,1,No.,"El notario no puede ejercer al día siguiente, pues debe esperar el plazo de 60 días.",
opcion_unica,¿Puede el notario ejercer su función a los 59 días después de la protesta?,Derecho,"Sí, porque ya transcurrió la mayor parte del plazo.","Sí, si obtiene una prórroga automática.","Sí, si presenta una solicitud por escrito.",No.,,,3,No.,"El plazo es de 60 días, por lo que a los 59 aún no se cumple.",
opcion_unica,¿Qué sucede con la situación del notario que no ejerce sus funciones dentro del plazo establecido?,Derecho,Se le otorga una prórroga automática.,Se le impone una multa económica.,Quedará sin efecto el Fiat otorgado al notario.,Se le suspende temporalmente la licencia.,,,2,Quedará sin efecto el Fiat otorgado al notario.,"La consecuencia es la nulidad del Fiat, perdiendo la habilitación.",
opcion_unica,¿En qué caso puede un notario rebasar el plazo de los 60 días para ejercer su función?,Derecho,Cuando el notario lo solicite verbalmente.,Cuando el notario tenga asuntos pendientes.,Cuando el notario haya pagado una multa.,Cuando exista causa justificada.,,,3,Cuando exista causa justificada.,La ley permite exceder el plazo solo si existe una causa justificada.,
opcion_unica,¿Quién determina las causas justificadas para que un notario no ejerza su función dentro del plazo?,Derecho,El Colegio de Notarios.,El Gobernador del Estado.,"El Secretario del Trabajo con la opinión del Director de Asuntos Notariales, conforme a los artículos 45, 46 y 47 de la Ley del Notariado para el Estado de Tamaulipas.",El juez de primera instancia.,,,2,"El Secretario del Trabajo con la opinión del Director de Asuntos Notariales, conforme a los artículos 45, 46 y 47 de la Ley del Notariado para el Estado de Tamaulipas.",La ley señala que la justificación se evalúa por el Secretario del Trabajo con la opinión del Director de Asuntos Notariales.,
opcion_unica,¿Dónde se publica el aviso al público del inicio de actividades de la función notarial?,Derecho,"En el Periódico Oficial del Estado y se comunica a la Secretaría del Trabajo, al Registro Público de la Propiedad y a la Dirección de Asuntos Notariales.",En la página web del notario.,En un periódico de circulación nacional.,En el estrado del juzgado.,,,0,"En el Periódico Oficial del Estado y se comunica a la Secretaría del Trabajo, al Registro Público de la Propiedad y a la Dirección de Asuntos Notariales.",El aviso debe publicarse en el Periódico Oficial del Estado y notificarse a las autoridades correspondientes.,
opcion_unica,¿Qué hace el notario en el ejercicio de su función?,Derecho,Solo redactar contratos de compraventa.,Actuar como juez en asuntos civiles.,Representar a las partes en juicios.,"Redactar instrumentos, llevar el protocolo y apéndice, dar fe de situaciones de hecho, expedir testimonios, intervenir en sucesiones, arbitraje, mediación y jurisdicción voluntaria, entre otros.",,,3,"Redactar instrumentos, llevar el protocolo y apéndice, dar fe de situaciones de hecho, expedir testimonios, intervenir en sucesiones, arbitraje, mediación y jurisdicción voluntaria, entre otros.","El notario tiene múltiples funciones, incluyendo la redacción de instrumentos, el protocolo, y la intervención en diversos actos jurídicos.",
opcion_unica,¿Qué otro nombre reciben esos documentos pasados ante la fe del notario?,Derecho,Escrituras públicas.,Pólizas.,Testimonios.,Actuaciones Notariales.,,,3,Actuaciones Notariales.,Los documentos que el notario autoriza se denominan actuaciones notariales.,
opcion_unica,¿Cuál es el efecto de los documentos notariales?,Derecho,La publicidad del acto.,La ejecución del acto.,La validez del acto.,La autenticidad del acto.,,,0,La publicidad del acto.,"El efecto principal es dar publicidad al acto jurídico, es decir, hacerlo del conocimiento de terceros.",
opcion_unica,¿Cómo se denomina la figura jurídica donde constan los instrumentos notariales?,Derecho,Archivo General de Notarías,Índice de Instrumentos,Apéndice del Protocolo,Libro de Registro,,,2,Apéndice del Protocolo,El apéndice del protocolo es la carpeta donde se resguardan los documentos relacionados con los instrumentos notariales.,
opcion_unica,¿Qué son los instrumentos notariales?,Derecho,Borradores que el notario elabora antes de la redacción final.,Copias simples de los documentos que se presentan ante el notario.,"Documentos originales que el notario asienta en su protocolo y formaliza con sello y firma, dando fe de actos y hechos jurídicos en escrituras y actas.",Testimonios que se expiden a las partes después de la escrituración.,,,2,"Documentos originales que el notario asienta en su protocolo y formaliza con sello y firma, dando fe de actos y hechos jurídicos en escrituras y actas.",Los instrumentos notariales son los documentos originales que el notario incorpora a su protocolo y autoriza con su firma y sello.,
opcion_unica,¿Qué requisitos deben contener las hojas del protocolo?,Derecho,"Certificación, sello, fecha y firma de los comparecientes.","Sello, fecha, número de escritura y firma del notario.","Firma del notario, sello, registro y número de instrumento.","Certificación, ratificación de firmas, sello y folio.",,,3,"Certificación, ratificación de firmas, sello y folio.","Las hojas del protocolo deben llevar certificación, ratificación de firmas, sello y folio para garantizar su autenticidad.",
opcion_unica,¿Qué consecuencia tiene que algunas hojas del protocolo no estén firmadas por el notario público?,Derecho,Pueden ser subsanadas con la firma posterior del notario.,No tienen validez alguna.,Se consideran nulas de pleno derecho.,Pueden ser invalidadas o anulables.,,,3,Pueden ser invalidadas o anulables.,La falta de firma del notario en hojas del protocolo puede provocar su invalidación o anulabilidad.,
opcion_unica,"Además de redactar y llevar el protocolo, ¿qué otra obligación tiene el notario?",Derecho,Representar legalmente a las partes en juicios.,Certificar firmas en documentos privados sin intervención.,Actuar como defensor de oficio en materia penal.,"Asesorar a los comparecientes, ilustrándolos jurídicamente y explicando el valor y consecuencias legales de los actos.",,,3,"Asesorar a los comparecientes, ilustrándolos jurídicamente y explicando el valor y consecuencias legales de los actos.",El notario debe asesorar a las partes y explicarles el valor y las consecuencias legales de los actos en que interviene.,
opcion_unica,¿En qué consiste el apéndice del protocolo?,Derecho,Es un archivo donde se guardan los sellos y firmas del notario.,Es un libro donde se registran los honorarios del notario.,"Es una carpeta por cada juego de folios donde se depositan documentos, arreglados por legajos con número y letra que los identifique.",Es un anexo que contiene las copias certificadas de las escrituras.,,,2,"Es una carpeta por cada juego de folios donde se depositan documentos, arreglados por legajos con número y letra que los identifique.","El apéndice del protocolo es una carpeta que resguarda documentos relacionados con los instrumentos, organizados en legajos identificados con número y letra.",
opcion_unica,¿Qué otras funciones puede desempeñar el notario público?,Derecho,Funciones de juez en asuntos civiles.,Funciones de ministerio público en delitos.,Funciones de registrador público de la propiedad.,Funciones de árbitro y mediador cuando se lo requieran.,,,3,Funciones de árbitro y mediador cuando se lo requieran.,El notario puede actuar como árbitro o mediador cuando las partes lo soliciten.,
opcion_unica,¿Qué trámites o juicios puede realizar el notario público en ejercicio de su profesión de abogado?,Derecho,Puede actuar como juez en juicios civiles.,"Puede ejercer como abogado o apoderado en asuntos particulares, pero no debe actuar como notario cuando haya contienda.",Puede intervenir como notario en juicios contenciosos.,Puede representar a ambas partes en un mismo asunto.,,,1,"Puede ejercer como abogado o apoderado en asuntos particulares, pero no debe actuar como notario cuando haya contienda.","El notario puede ejercer la abogacía, pero en asuntos contenciosos no debe actuar con el carácter de notario.",
opcion_unica,¿Qué hace un árbitro que sea notario público?,Derecho,"Resuelve los asuntos conforme a su leal saber y entender, sin sujetarse a procedimiento.","Solo interviene en asuntos mercantiles, no en civiles.",Actúa como conciliador y emite un laudo sin necesidad de audiencias.,"Conoce los asuntos que los interesados le soliciten conforme a los planteamientos o compromisos, observando las formas y procedimientos de las leyes aplicables.",,,3,"Conoce los asuntos que los interesados le soliciten conforme a los planteamientos o compromisos, observando las formas y procedimientos de las leyes aplicables.",El notario árbitro conoce los asuntos conforme a los compromisos y observa los procedimientos legales establecidos.,
opcion_unica,¿En qué consiste la función del mediador del notario público?,Derecho,Actuar como testigo en la firma de acuerdos.,"Conocer los asuntos que se le soliciten conforme a los planteamientos o compromisos, observando las formas y procedimientos de las leyes aplicables.",Representar a una de las partes en la negociación.,Resolver el conflicto mediante un laudo obligatorio.,,,1,"Conocer los asuntos que se le soliciten conforme a los planteamientos o compromisos, observando las formas y procedimientos de las leyes aplicables.","El notario mediador conoce los asuntos conforme a los planteamientos y observa los procedimientos legales, facilitando un acuerdo.",
opcion_unica,¿Cuál es la excepción a la regla del secreto profesional del notario?,Derecho,"Cuando lo solicite cualquier persona, sin necesidad de acreditar interés.",Solo cuando se trate de asuntos penales o fiscales.,"Los informes obligatorios que deben rendir conforme a las leyes y los actos que deban inscribirse en el Registro Público de la Propiedad y de Comercio, cuando el notario considere que el solicitante tiene interés legíti…",No existe excepción alguna; el secreto profesional es absoluto.,,,2,"Los informes obligatorios que deben rendir conforme a las leyes y los actos que deban inscribirse en el Registro Público de la Propiedad y de Comercio, cuando el notario considere que el solicitante tiene interés legíti…",La excepción permite revelar información cuando hay informes obligatorios por ley o cuando se trata de actos inscribibles y el notario juzga que el interesado tiene un interés legítimo.,
opcion_unica,¿Cuáles son los actos que el notario debe rehusarse a autorizar?,Derecho,Actos en los que las partes no presenten identificación oficial.,"Actos prohibidos por la ley, contrarios a las buenas costumbres, que beneficien al notario o sus allegados, con objeto imposible, o relacionados con asuntos contenciosos que patrocine como abogado.",Actos que no le generen honorarios suficientes.,Actos que se pretendan realizar en un idioma distinto al español.,,,1,"Actos prohibidos por la ley, contrarios a las buenas costumbres, que beneficien al notario o sus allegados, con objeto imposible, o relacionados con asuntos contenciosos que patrocine como abogado.","La ley enumera causales de abstención, como actos ilícitos, conflictos de interés del notario, imposibilidad jurídica o física, y asuntos donde actúe como abogado.",
opcion_unica,¿En qué casos puede el notario excusarse de actuar?,Derecho,Cuando el acto sea de escasa cuantía económica.,"En días festivos, sábados, domingos o fuera del horario de oficina, salvo urgencia inaplazable o casos electorales, y cuando no se le anticipen los gastos, excepto en testamento urgente o asuntos electorales.",Únicamente cuando exista un conflicto de intereses con alguna de las partes.,"Siempre que lo solicite el cliente, sin necesidad de justificación.",,,1,"En días festivos, sábados, domingos o fuera del horario de oficina, salvo urgencia inaplazable o casos electorales, y cuando no se le anticipen los gastos, excepto en testamento urgente o asuntos electorales.","La ley permite excusarse en ciertos supuestos como días inhábiles o falta de anticipo de gastos, pero con excepciones para actos urgentes o electorales.",
opcion_unica,¿Puede el notario excusarse de actuar si no se le anticipan los gastos?,Derecho,"Sí, pero solo si el acto no es de carácter urgente.","No, porque la ley le prohíbe excusarse por falta de pago.","No, siempre debe actuar y luego cobrar sus honorarios.","Sí, salvo en caso de testamento urgente o asuntos electorales cuando la ley exige que su oficina esté abierta.",,,3,"Sí, salvo en caso de testamento urgente o asuntos electorales cuando la ley exige que su oficina esté abierta.","El notario puede negarse a actuar si no se le anticipan los gastos, pero no en casos de testamento urgente o asuntos electorales.",
opcion_unica,¿Cuáles son las excepciones en las que el notario no puede excusarse de actuar?,Derecho,Solo cuando el acto sea de escasa cuantía.,No existen excepciones; el notario siempre puede excusarse.,"En días festivos, sábados, domingos o fuera de horario, cuando se trate de testamento u otro acto de urgencia inaplazable, o en casos previstos en leyes electorales; y en el supuesto de falta de anticipo de gastos, exce…",Cuando las partes estén de acuerdo en que no actúe.,,,2,"En días festivos, sábados, domingos o fuera de horario, cuando se trate de testamento u otro acto de urgencia inaplazable, o en casos previstos en leyes electorales; y en el supuesto de falta de anticipo de gastos, exce…","La ley impone la obligación de actuar en situaciones de urgencia o en materia electoral, incluso en días inhábiles o sin anticipo de gastos.",
opcion_unica,¿Debe el notario actuar con parcialidad en los asuntos que se le encomiendan?,Derecho,"No, pero puede inclinarse si tiene relación con alguna parte.","No, debe actuar con imparcialidad.","Sí, siempre debe favorecer a la parte que le paga.","Sí, pero solo en asuntos de carácter civil.",,,1,"No, debe actuar con imparcialidad.","El notario debe ser imparcial, pues su función es dar fe y asegurar la legalidad sin favorecer a ninguna parte.",
opcion_unica,¿Cuántos tipos de notarios existen?,Derecho,Uno: el notario público.,Dos: el titular y el adscrito.,"Tres: el titular, el adscrito y el suplente.","Cuatro: el titular, el adscrito, el auxiliar y el honorario.",,,1,Dos: el titular y el adscrito.,"La ley distingue entre notario titular, que tiene la titularidad de la notaría, y notario adscrito, que auxilia al titular.",
opcion_unica,¿Puede el notario titular ejercer sus funciones conjuntamente con el adscrito?,Derecho,"No, el adscrito solo actúa cuando el titular se ausenta.","No, pero pueden turnarse para actuar en diferentes asuntos.","Sí, pueden actuar ambos en el mismo acto.","Sí, pero solo en asuntos de baja cuantía.",,,0,"No, el adscrito solo actúa cuando el titular se ausenta.","La ley establece que el adscrito solo entra en funciones cuando el titular se encuentra ausente, por lo que no pueden actuar simultáneamente.",
opcion_unica,¿Cuándo entra en funciones el notario adscrito?,Derecho,Cuando el titular pide licencia o permiso para ausentarse.,"Cuando el titular está de vacaciones, pero solo por un día.",Cuando lo solicita cualquier cliente.,Cuando el titular fallece o es removido.,,,0,Cuando el titular pide licencia o permiso para ausentarse.,El adscrito asume las funciones del titular cuando este se ausenta temporalmente mediante licencia o permiso.,
opcion_unica,¿Pueden asociarse dos notarios?,Derecho,"Sí, sin importar la ubicación de sus notarías.","No, la ley prohíbe la asociación de notarios.","Sí, pero solo si uno de ellos es notario adscrito.","Sí, siempre que sus notarías estén ubicadas en el mismo distrito judicial.",,,3,"Sí, siempre que sus notarías estén ubicadas en el mismo distrito judicial.","La ley permite la asociación de notarios, pero condicionada a que sus notarías se encuentren en el mismo distrito judicial.",
opcion_unica,¿Qué se requiere para que un Licenciado en Contaduría sea considerado experto en materia mercantil?,Derecho,Ser experto en Derecho Mercantil,Ser experto en Derecho Fiscal,Ser experto en Derecho Civil,Ser experto en Derecho Laboral,,,0,Ser experto en Derecho Mercantil,"La afirmación original indica que el Licenciado en Contaduría debe ser experto en Derecho Mercantil, lo cual es correcto.",
opcion_unica,¿Qué tan sencillo resulta encontrar un concepto universal de Derecho Mercantil?,Derecho,"Es imposible, pues el Derecho Mercantil no tiene concepto alguno","Es relativamente sencillo, pues la ley define claramente el concepto","No es sencillo, pues no existe un concepto universalmente aceptado","Es muy sencillo, pues todos los autores coinciden en una definición",,,2,"No es sencillo, pues no existe un concepto universalmente aceptado","La afirmación original señala que no es sencillo encontrar un concepto universal, por lo que la opción correcta es que no existe un concepto universalmente aceptado.",
opcion_unica,¿Qué actividades regula el Derecho Mercantil?,Derecho,Las actividades de los servidores públicos,Las actividades de los agricultores,Las actividades de los profesionistas independientes,Las actividades de los comerciantes,,,3,Las actividades de los comerciantes,"El Derecho Mercantil regula las actividades de los comerciantes, tal como se afirma en el enunciado original.",
opcion_unica,¿Qué rama del derecho tiene fuentes?,Derecho,Solo el Derecho Mercantil,Solo el Derecho Penal,"Todas las ramas del derecho, incluyendo el Derecho Mercantil",Solo el Derecho Civil,,,2,"Todas las ramas del derecho, incluyendo el Derecho Mercantil","La afirmación original es falsa porque todas las ramas del derecho tienen fuentes, no solo el Derecho Mercantil.",
opcion_unica,¿La jurisprudencia es considerada una fuente del Derecho Mercantil?,Derecho,"Sí, es una fuente del Derecho Mercantil","No, solo la ley es fuente del Derecho Mercantil","No, solo la doctrina es fuente del Derecho Mercantil","No, solo la costumbre es fuente del Derecho Mercantil",,,0,"Sí, es una fuente del Derecho Mercantil","La jurisprudencia es una fuente del Derecho Mercantil, como se afirma en el enunciado original.",
opcion_unica,¿La costumbre es una fuente del Derecho Mercantil?,Derecho,"No, la costumbre no es fuente del Derecho Mercantil",Solo lo es si está escrita,"Sí, la costumbre es una fuente del Derecho Mercantil",Solo lo es si es contraria a la ley,,,2,"Sí, la costumbre es una fuente del Derecho Mercantil",La afirmación original es falsa porque la costumbre sí es una fuente del Derecho Mercantil.,
opcion_unica,¿Cuándo son obligatorios los usos y costumbres bancarios en materia mercantil?,Derecho,"Siempre, incluso si la ley dispone algo distinto","Nunca, pues no tienen fuerza obligatoria",Solo cuando las partes los pactan expresamente,Cuando la ley es omisa,,,3,Cuando la ley es omisa,"Los usos y costumbres bancarios son obligatorios en materia mercantil cuando la ley es omisa, como se indica en el enunciado.",
opcion_unica,¿Quiénes pueden ser comerciantes según el Derecho Mercantil?,Derecho,Solo sociedades anónimas,Personas físicas y personas morales,Solo personas morales,Solo personas físicas,,,1,Personas físicas y personas morales,La afirmación original es falsa porque tanto las personas físicas como las morales pueden ser comerciantes.,
opcion_unica,¿Qué actividad les está prohibida a los corredores públicos?,Derecho,Intervenir en la constitución de sociedades mercantiles,Realizar avalúos,Actuar como fedatarios públicos,Ejercer el comercio,,,3,Ejercer el comercio,"Los corredores públicos tienen prohibido ejercer el comercio, como se afirma en el enunciado.",
opcion_unica,¿Qué tienen los comerciantes en el ejercicio de su actividad?,Derecho,Solo obligaciones,Ni obligaciones ni derechos,Solo derechos,Tanto obligaciones como derechos,,,3,Tanto obligaciones como derechos,La afirmación original es falsa porque los comerciantes tienen tanto obligaciones como derechos.,
opcion_unica,¿Es correcto afirmar que el auxiliar del comercio es sinónimo de auxiliar del comerciante?,Derecho,"Sí, ambos términos son equivalentes y se usan indistintamente.","No, son conceptos distintos: el auxiliar del comercio se refiere a la actividad, mientras que el auxiliar del comerciante es la persona.","Depende del tipo de comercio, ya que en el comercio minorista son sinónimos.","Solo en el caso de los dependientes, pero no en otros auxiliares.",,,1,"No, son conceptos distintos: el auxiliar del comercio se refiere a la actividad, mientras que el auxiliar del comerciante es la persona.","La respuesta es falsa porque el auxiliar del comercio es un concepto objetivo (la actividad auxiliar), mientras que el auxiliar del comerciante es un sujeto que presta sus servicios al comerciante.",
opcion_unica,¿Los empleados son considerados auxiliares del comercio?,Derecho,Solo si tienen un contrato por escrito.,"Sí, porque realizan actividades que facilitan el comercio.","No, los empleados son auxiliares del comerciante, no del comercio.",Depende del giro del establecimiento.,,,2,"No, los empleados son auxiliares del comerciante, no del comercio.","La respuesta es falsa porque los empleados auxilian directamente al comerciante en sus operaciones, por lo que se les clasifica como auxiliares del comerciante, no del comercio.",
opcion_unica,¿Los corredores son considerados auxiliares del comerciante?,Derecho,"Sí, porque intervienen en los contratos mercantiles del comerciante.",Depende de si son corredores públicos o privados.,"No, los corredores son auxiliares del comercio, no del comerciante.",Solo cuando actúan como intermediarios en la compraventa.,,,2,"No, los corredores son auxiliares del comercio, no del comerciante.","La respuesta es falsa porque los corredores son auxiliares del comercio en general, ya que su función es facilitar las operaciones mercantiles, no están subordinados a un comerciante en particular.",
opcion_unica,¿La empresa se define como una unidad económico-social?,Derecho,Solo si se trata de una empresa pública.,"Sí, la empresa es una unidad económico-social.","No, es una unidad jurídica y política.","No, es una unidad exclusivamente económica.",,,1,"Sí, la empresa es una unidad económico-social.","La respuesta es verdadera porque la empresa integra elementos humanos, materiales y técnicos organizados para producir bienes o servicios, con una finalidad económica y social.",
opcion_unica,¿El empresario es siempre el dueño de la empresa?,Derecho,"Solo si es una persona física, no moral.","Sí, el empresario es el titular o dueño de la empresa.","No, puede ser solo un administrador sin ser propietario.",Depende del tamaño de la empresa.,,,1,"Sí, el empresario es el titular o dueño de la empresa.","La respuesta es verdadera porque el empresario es quien tiene la titularidad jurídica de la empresa y asume el riesgo económico, aunque puede delegar la administración.",
opcion_unica,¿La clientela es uno de los elementos más importantes de la empresa?,Derecho,"No, solo importa en empresas de servicios.","Sí, la clientela es un elemento esencial de la empresa.","No, lo más importante es el capital.",Depende del giro de la empresa.,,,1,"Sí, la clientela es un elemento esencial de la empresa.","La respuesta es verdadera porque la clientela representa el conjunto de personas que demandan los bienes o servicios de la empresa, y sin ella la empresa no tendría razón de ser.",
opcion_unica,¿La invención se define como una actividad humana que permite modificar la materia para aprovechamiento del hombre?,Derecho,"No, es un descubrimiento de algo que ya existía.",Solo si se refiere a inventos patentables.,"No, es un proceso natural sin intervención humana.","Sí, la invención es una actividad humana que transforma la materia para beneficio del hombre.",,,3,"Sí, la invención es una actividad humana que transforma la materia para beneficio del hombre.","La respuesta es verdadera porque la invención implica una creación intelectual que modifica la naturaleza para satisfacer necesidades humanas, conforme a la definición legal.",
opcion_unica,¿La patente es un certificado de explotación exclusiva de un modelo de utilidad o diseño industrial?,Derecho,Solo si se trata de una patente de invención.,"Sí, la patente cubre cualquier creación industrial.",Depende del país donde se solicite.,"No, la patente protege invenciones, mientras que los modelos de utilidad y diseños industriales se protegen mediante registros distintos.",,,3,"No, la patente protege invenciones, mientras que los modelos de utilidad y diseños industriales se protegen mediante registros distintos.","La respuesta es falsa porque la patente se otorga para invenciones (productos o procesos), mientras que los modelos de utilidad y diseños industriales tienen su propio régimen de protección.",
opcion_unica,¿La vigencia de explotación de una marca es de 20 años?,Derecho,"No, la vigencia es de 5 años renovables.","No, la vigencia es de 15 años renovables.",Solo si se trata de una marca notoria.,"Sí, la vigencia de una marca es de 10 años renovables, pero la afirmación dice 20 años, lo cual es incorrecto.",,,3,"Sí, la vigencia de una marca es de 10 años renovables, pero la afirmación dice 20 años, lo cual es incorrecto.","La respuesta es falsa porque en México la vigencia de una marca es de 10 años, renovables por periodos iguales, no de 20 años.",
opcion_unica,¿La vigencia de una patente es permanente a favor del inventor?,Derecho,Depende del tipo de invención.,"No, la vigencia de una patente es de 20 años improrrogables.","Sí, mientras el inventor pague las tarifas.",Solo si se trata de patentes de medicamentos.,,,1,"No, la vigencia de una patente es de 20 años improrrogables.","La respuesta es falsa porque la patente tiene una duración limitada de 20 años contados desde la fecha de presentación de la solicitud, no es permanente.",
opcion_unica,¿Qué es la denominación de origen?,Derecho,Es el nombre de una sociedad extranjera que opera en México.,Es el registro de una marca ante el IMPI.,"Es un signo distintivo que identifica un producto originario de una región específica, cuyas cualidades se deben a ese lugar.",Es el lugar geográfico que da nombre a una empresa transnacional.,,,2,"Es un signo distintivo que identifica un producto originario de una región específica, cuyas cualidades se deben a ese lugar.","La denominación de origen es un derecho de propiedad industrial que protege productos con características únicas vinculadas a su lugar de origen, no una sociedad.",
opcion_unica,¿Es obligatorio para el productor mexicano indicar en sus productos el lugar de fabricación?,Derecho,Solo es obligatorio para productos de exportación.,"No, no es obligatorio, salvo que se trate de productos que requieran indicación de origen por disposición legal o para evitar engaño al consumidor.",Es obligatorio únicamente para productos alimenticios.,"Sí, siempre es obligatorio indicar el lugar de fabricación en todos los productos.",,,1,"No, no es obligatorio, salvo que se trate de productos que requieran indicación de origen por disposición legal o para evitar engaño al consumidor.","La regla general es que no es obligatorio, pero existen excepciones legales o regulatorias que pueden exigirlo.",
opcion_unica,¿Qué rama del derecho regula las sociedades de carácter comercial en México?,Derecho,"El Derecho Laboral, por la Ley Federal del Trabajo.","El Derecho Fiscal, conforme al Código Fiscal de la Federación.","El Derecho Civil, mediante el Código Civil Federal.","El Derecho Mercantil, a través de la Ley General de Sociedades Mercantiles.",,,3,"El Derecho Mercantil, a través de la Ley General de Sociedades Mercantiles.","Las sociedades mercantiles se rigen por el Derecho Mercantil, específicamente por la Ley General de Sociedades Mercantiles.",
opcion_unica,¿La clasificación de las sociedades mercantiles puede ser legal por su tipo de capital?,Derecho,"Sí, la ley clasifica a las sociedades en capitalistas y personalistas, según la importancia del capital o de las cualidades de los socios.","No, la clasificación es únicamente doctrinal.","No, la ley solo clasifica por el número de socios.","Sí, pero solo en sociedades extranjeras.",,,0,"Sí, la ley clasifica a las sociedades en capitalistas y personalistas, según la importancia del capital o de las cualidades de los socios.","La Ley General de Sociedades Mercantiles distingue entre sociedades de capital y sociedades de personas, lo que constituye una clasificación legal.",
opcion_unica,"En las sociedades capitalistas, ¿qué es lo que realmente importa?",Derecho,Las características personales de los socios son determinantes.,El número de socios es lo más relevante.,La calidad moral de los socios es fundamental.,"La aportación económica de los socios, sin importar sus cualidades personales o morales.",,,3,"La aportación económica de los socios, sin importar sus cualidades personales o morales.","En las sociedades capitalistas, el capital aportado es el elemento central, no las cualidades personales de los socios.",
opcion_unica,¿La sociedad cooperativa se rige por la Ley General de Sociedades Mercantiles?,Derecho,Se rige por el Código de Comercio.,"No, se rige por la Ley General de Sociedades Cooperativas.",Se rige por la Ley de Inversión Extranjera.,"Sí, se rige por la Ley General de Sociedades Mercantiles.",,,1,"No, se rige por la Ley General de Sociedades Cooperativas.","Las sociedades cooperativas tienen su propia ley especial, la Ley General de Sociedades Cooperativas.",
opcion_unica,¿Ante qué fedatario público se constituye una sociedad mercantil en México?,Derecho,Ante juez de lo civil.,Ante corredor público.,Ante notario público.,Ante el Registro Público de Comercio.,,,2,Ante notario público.,La ley exige que la constitución de una sociedad mercantil se haga ante notario público mediante escritura constitutiva.,
opcion_unica,¿Es forzoso contar con una escritura pública para que una sociedad mercantil adquiera personalidad jurídica?,Derecho,Solo se requiere para sociedades anónimas.,"No, si se inscribe en el Registro Público de Comercio es suficiente.","No, basta con un contrato privado firmado por los socios.","Sí, es requisito indispensable la escritura constitutiva otorgada ante notario.",,,3,"Sí, es requisito indispensable la escritura constitutiva otorgada ante notario.",La personalidad jurídica de la sociedad mercantil se adquiere mediante la escritura constitutiva y su inscripción en el Registro Público de Comercio.,
opcion_unica,¿El reconocimiento de la personalidad jurídica de una sociedad implica una completa autonomía entre la sociedad y sus socios?,Derecho,Solo en sociedades de responsabilidad limitada.,"No, los socios responden ilimitadamente con su patrimonio personal.","Sí, la sociedad tiene personalidad jurídica propia y distinta a la de sus socios.","No, la sociedad es una extensión de los socios.",,,2,"Sí, la sociedad tiene personalidad jurídica propia y distinta a la de sus socios.",La personalidad jurídica otorga a la sociedad una autonomía patrimonial y jurídica frente a los socios.,
opcion_unica,¿Qué son las sociedades mercantiles de hecho?,Derecho,Son las que operan sin permiso de la Secretaría de Economía.,Son las que se constituyen sin ánimo de lucro.,Son las que no tienen personalidad jurídica por falta de inscripción.,"Son aquellas que existen por la libre manifestación de voluntad de sus integrantes, sin que se haya formalizado mediante documento constitutivo.",,,3,"Son aquellas que existen por la libre manifestación de voluntad de sus integrantes, sin que se haya formalizado mediante documento constitutivo.","Las sociedades de hecho se forman por la voluntad de los socios, pero carecen de la formalidad legal de la escritura constitutiva.",
opcion_unica,¿Cuál es la definición correcta de sociedades irregulares?,Derecho,Son aquellas que realizan actividades en lugar establecido pero carecen de escritura pública o registro legal.,Son aquellas que no tienen personalidad jurídica propia.,Son aquellas que no han celebrado asamblea de accionistas.,Son aquellas que no tienen objeto lícito y operan fuera de la ley.,,,0,Son aquellas que realizan actividades en lugar establecido pero carecen de escritura pública o registro legal.,"La definición correcta es que carecen de escritura pública o registro legal, aunque realicen actividades en lugar establecido.",
opcion_unica,¿Qué son las sociedades de objeto ilícito?,Derecho,"Son aquellas que realizan actividades contrarias a la ley, por lo que están fuera del ordenamiento jurídico.",Son aquellas que no han sido inscritas en el registro público.,Son aquellas que no tienen fines de lucro.,Son aquellas que no tienen capital social suficiente.,,,0,"Son aquellas que realizan actividades contrarias a la ley, por lo que están fuera del ordenamiento jurídico.","Las sociedades de objeto ilícito son opuestas al derecho porque su objeto es ilegal, no por falta de formalidades.",
opcion_unica,¿Puede una sociedad perder su personalidad jurídica?,Derecho,"No, la personalidad jurídica es irrevocable.",Solo puede perderla si es declarada en quiebra.,"Sí, pero solo por decisión de los socios.","Sí, puede perderla al concluir su liquidación y extinguirse.",,,3,"Sí, puede perderla al concluir su liquidación y extinguirse.","La personalidad jurídica se extingue al finalizar la liquidación, por lo que no es eterna.",
opcion_unica,¿Cuál es el orden correcto entre disolución y liquidación?,Derecho,Primero se realiza la disolución y después la liquidación.,Primero se realiza la liquidación y después la disolución.,Ambos procesos se realizan simultáneamente.,El orden depende del tipo de sociedad.,,,0,Primero se realiza la disolución y después la liquidación.,"La disolución es el acto que inicia el proceso de extinción, y la liquidación es la fase posterior.",
opcion_unica,¿Qué comprende la disolución de una sociedad?,Derecho,"La disolución es el acto que inicia el proceso de extinción, no las operaciones posteriores a la liquidación.",La disolución es el reparto del haber social entre los socios.,La disolución es la venta de los activos de la sociedad.,La disolución comprende todas las operaciones posteriores a la liquidación.,,,0,"La disolución es el acto que inicia el proceso de extinción, no las operaciones posteriores a la liquidación.","La disolución es el acto que inicia el proceso de extinción, no las operaciones posteriores a la liquidación.",
opcion_unica,¿En qué consiste la fusión por accesión?,Derecho,Consiste en que dos o más sociedades integren su capital en una nueva.,"Consiste en que una o más sociedades se incorporan a otra ya existente, sin crear una nueva.",Consiste en la creación de una nueva sociedad a partir de la escisión de otras.,"Consiste en la absorción de una sociedad por otra, disolviendo la absorbida.",,,1,"Consiste en que una o más sociedades se incorporan a otra ya existente, sin crear una nueva.","La fusión por accesión implica que una sociedad absorbente incorpora a otras, sin crear una nueva.",
opcion_unica,¿Qué es la fusión por incorporación?,Derecho,Es cuando una sociedad se divide en varias.,"Es cuando una o más sociedades se fusionan con otra de creación anterior, la cual las absorbe.",Es cuando una sociedad cambia su tipo social.,Es cuando dos o más sociedades se disuelven para crear una nueva.,,,1,"Es cuando una o más sociedades se fusionan con otra de creación anterior, la cual las absorbe.",La fusión por incorporación implica que una sociedad preexistente absorbe a otras.,
opcion_unica,¿Son lo mismo la fusión y la transformación de sociedades?,Derecho,"Sí, ambos implican la creación de una nueva sociedad.","No, la fusión es un cambio de objeto social, mientras que la transformación es un cambio de nacionalidad.","No, son procesos distintos: la fusión implica unión de patrimonios, mientras que la transformación solo cambia el tipo social.","Sí, ambos requieren disolución y liquidación.",,,2,"No, son procesos distintos: la fusión implica unión de patrimonios, mientras que la transformación solo cambia el tipo social.",La fusión y la transformación son figuras jurídicas diferentes.,
opcion_unica,¿Qué caracteriza a la sociedad anónima?,Derecho,Es aquella que no requiere capital mínimo.,Es aquella cuyos titulares participan en el capital social mediante títulos o acciones.,Es aquella en la que los socios responden ilimitadamente por las deudas sociales.,Es aquella en la que las aportaciones son en especie exclusivamente.,,,1,Es aquella cuyos titulares participan en el capital social mediante títulos o acciones.,La sociedad anónima se caracteriza por la participación mediante acciones.,
opcion_unica,¿Es la limitación de responsabilidad de los socios un elemento de la sociedad anónima?,Derecho,"Sí, es un elemento esencial porque protege a los socios.","Sí, es un elemento que distingue a la sociedad anónima de otras.","No, la limitación de responsabilidad es una característica, no un elemento esencial de la sociedad anónima.","No, la responsabilidad de los socios es ilimitada en la sociedad anónima.",,,2,"No, la limitación de responsabilidad es una característica, no un elemento esencial de la sociedad anónima.","La limitación de responsabilidad es una característica, pero no un elemento constitutivo de la sociedad anónima.",
opcion_unica,"En las sociedades anónimas, ¿se conoce a sus dueños pero no a sus demás miembros?",Derecho,Se conoce a todos los miembros y a los dueños,Falso,Solo se conoce a los accionistas mayoritarios,Verdadero,,,1,Falso,"Es falso porque en las sociedades anónimas los socios son conocidos, pero no se conoce a los demás miembros como en las sociedades de personas.",
opcion_unica,¿La Ley General de Sociedades Mercantiles señala los requisitos de constitución de las Sociedades Anónimas?,Derecho,Solo el Código de Comercio regula la constitución,Verdadero,Falso,La constitución se rige por el Código Civil,,,1,Verdadero,Es verdadero porque la LGSM establece los requisitos para la constitución de las sociedades anónimas.,
opcion_unica,¿La constitución de una sociedad anónima se realiza ante el Juez Civil de la Localidad?,Derecho,Ante el notario público,Falso,Ante el juez de lo familiar,Verdadero,,,1,Falso,"Es falso porque la constitución de una sociedad anónima se realiza ante notario público, no ante juez civil.",
opcion_unica,¿La constitución de una sociedad anónima es única a pesar de existir dos procedimientos legales para ello?,Derecho,Falso,Depende del tipo de sociedad,Verdadero,Existen tres procedimientos distintos,,,2,Verdadero,"Es verdadero porque aunque la ley prevé dos procedimientos (simultáneo y sucesivo), el acto constitutivo es uno solo.",
opcion_unica,¿Son asambleas ordinarias las que se reúnen para tratar cualquier asunto que no sea de los enumerados en el artículo 182 de la LGSM?,Derecho,Solo las extraordinarias tratan esos asuntos,Las asambleas especiales tratan esos asuntos,Falso,Verdadero,,,2,Falso,"Es falso porque las asambleas que tratan asuntos no enumerados en el artículo 182 son extraordinarias, no ordinarias.",
opcion_unica,¿Las asambleas especiales se rigen por las disposiciones de las asambleas generales y son presididas por el accionista que designen los socios presentes?,Derecho,Falso,Verdadero,Se rigen por sus propias reglas y preside el presidente del consejo,Son presididas por el comisario,,,1,Verdadero,Es verdadero porque la ley remite a las reglas de las asambleas generales y la presidencia la designan los asistentes.,
opcion_unica,"¿La convocatoria para las asambleas deberá hacerse por el administrador o el Consejo de Administración, o por los comisarios?",Derecho,Falso,Solo por el consejo de administración,Solo por el comisario,Verdadero,,,3,Verdadero,"Es verdadero porque la LGSM establece que la convocatoria la realiza el administrador o consejo, o los comisarios.",
opcion_unica,¿Está prohibida la administración de la sociedad anónima por uno o más mandatarios temporales y revocables?,Derecho,Solo se permite si son socios,Falso,Verdadero,Está prohibida la administración por mandatarios,,,1,Falso,"Es falso porque la ley permite la administración mediante mandatarios temporales y revocables, siempre que no esté a cargo de un consejo.",
opcion_unica,"¿Los mandatarios de la administración estarán a cargo de uno o varias personas, que pueden ser socios o personas extrañas a la sociedad?",Derecho,Falso,Solo pueden ser socios,Solo pueden ser personas extrañas,Verdadero,,,3,Verdadero,Es verdadero porque la LGSM permite que los mandatarios sean socios o terceros.,
opcion_unica,¿Las atribuciones de los administradores no derivan del mandato que le otorga la asamblea general de socios?,Derecho,Falso,Derivan de la ley exclusivamente,Verdadero,Derivan del contrato social únicamente,,,0,Falso,Es falso porque las atribuciones de los administradores derivan del mandato que les confiere la asamblea general de socios.,
opcion_unica,¿Cuál es la función del tercero involucrado en un arbitraje?,Derecho,Conciliar a las partes sin emitir una decisión final.,Actuar como simple comunicador entre las partes y proponer soluciones no vinculantes.,Representar a una de las partes ante la otra.,"Emitir una resolución obligatoria, previa aceptación de las partes de someterse al arbitraje.",,,3,"Emitir una resolución obligatoria, previa aceptación de las partes de someterse al arbitraje.","El árbitro no solo acerca a las partes, sino que dicta un laudo obligatorio, siempre que exista acuerdo previo de someterse a arbitraje.",
opcion_unica,¿Cómo define el Título IV del Código de Comercio el arbitraje?,Derecho,Como un medio de solución de controversias exclusivamente judicial.,Como un mecanismo de conciliación previo a un juicio.,Como un procedimiento aplicable solo a disputas civiles no comerciales.,"Como el procedimiento arbitral de carácter comercial, independientemente de que se lleve ante una institución arbitral permanente.",,,3,"Como el procedimiento arbitral de carácter comercial, independientemente de que se lleve ante una institución arbitral permanente.",El Código de Comercio define el arbitraje comercial sin exigir que se realice ante una institución permanente.,
opcion_unica,¿Cuáles son los presupuestos fundamentales para que el arbitraje pueda llevarse a cabo?,Derecho,"Existencia de un contrato, inclusión de la cláusula compromisoria, compromiso arbitral y contrato de arbitraje.",Existencia de un contrato y acuerdo verbal entre las partes.,Un laudo previo y la intervención de un juez.,"Solo la cláusula compromisoria, sin necesidad de contrato.",,,0,"Existencia de un contrato, inclusión de la cláusula compromisoria, compromiso arbitral y contrato de arbitraje.",Se requiere un contrato con cláusula compromisoria o un compromiso/contrato arbitral posterior.,
opcion_unica,¿Qué es la cláusula compromisoria?,Derecho,Es el acuerdo posterior al surgimiento de la controversia para resolverla por arbitraje.,Es el contrato entre las partes y el árbitro que fija honorarios y plazo.,Es la estipulación dentro de un contrato por la cual las partes acuerdan someter a arbitraje las controversias que surjan.,Es la cláusula que designa al árbitro en un procedimiento judicial.,,,2,Es la estipulación dentro de un contrato por la cual las partes acuerdan someter a arbitraje las controversias que surjan.,La cláusula compromisoria se incluye en el contrato original para futuras disputas.,
opcion_unica,¿Qué es el compromiso arbitral?,Derecho,Es la cláusula incluida en un contrato antes de que surja el conflicto.,Es el contrato entre las partes y el árbitro que fija honorarios y plazo.,Es la decisión del árbitro que resuelve la controversia.,"Es el acuerdo entre las partes, posterior al surgimiento de la controversia, para someterla a arbitraje.",,,3,"Es el acuerdo entre las partes, posterior al surgimiento de la controversia, para someterla a arbitraje.",El compromiso arbitral se celebra después de que ha surgido el litigio.,
opcion_unica,¿Qué es el contrato arbitral?,Derecho,Es el acuerdo posterior al surgimiento de la controversia para resolverla por arbitraje.,Es el acuerdo entre las partes para someter futuras controversias a arbitraje.,Es la cláusula compromisoria incluida en un contrato principal.,"Es el acuerdo de voluntades entre los contendientes y el árbitro designado, que fija derechos, obligaciones, plazo y honorarios.",,,3,"Es el acuerdo de voluntades entre los contendientes y el árbitro designado, que fija derechos, obligaciones, plazo y honorarios.",El contrato arbitral regula la relación entre las partes y el árbitro.,
opcion_unica,¿Cuáles son los tres campos del arbitraje comercial?,Derecho,"Arbitraje comercial nacional, regional e internacional.","Arbitraje civil, penal y administrativo.","Arbitraje local, estatal y federal.","Arbitraje laboral, fiscal y mercantil.",,,0,"Arbitraje comercial nacional, regional e internacional.","Los tres campos son nacional, regional e internacional.",
opcion_unica,¿Cuál es el marco jurídico que regula el arbitraje en México?,Derecho,Solo el Código Civil Federal.,"Constitución, tratados internacionales, Código de Comercio, Código Federal de Procedimientos Civiles y leyes especiales.",Solo la Ley de Amparo y el Código Penal.,Solo los reglamentos internos de las cámaras de comercio.,,,1,"Constitución, tratados internacionales, Código de Comercio, Código Federal de Procedimientos Civiles y leyes especiales.","El arbitraje se regula por diversas normas, desde la Constitución hasta leyes especiales.",
opcion_unica,¿Qué es el acuerdo de arbitraje?,Derecho,Es el laudo emitido por el árbitro.,Es el contrato entre las partes y el árbitro.,Es la solicitud de arbitraje presentada ante un tribunal.,"Es el acuerdo por el cual las partes deciden someter sus controversias a arbitraje, ya sea mediante cláusula compromisoria o acuerdo independiente.",,,3,"Es el acuerdo por el cual las partes deciden someter sus controversias a arbitraje, ya sea mediante cláusula compromisoria o acuerdo independiente.",El acuerdo de arbitraje refleja la voluntad de las partes de arbitrar sus disputas.,
opcion_unica,¿Qué son las costas en el arbitraje?,Derecho,Son las multas impuestas por el árbitro a las partes.,"Son los gastos de las partes en abogados, sin necesidad de aprobación.","Son los honorarios del tribunal, gastos de viaje, expensas de árbitros, asesoría pericial y otros gastos aprobados por el tribunal.",Son los impuestos que deben pagar los árbitros por su servicio.,,,2,"Son los honorarios del tribunal, gastos de viaje, expensas de árbitros, asesoría pericial y otros gastos aprobados por el tribunal.","Las costas incluyen todos los gastos necesarios del arbitraje, aprobados por el tribunal.",
opcion_unica,¿Qué se entiende por derecho de impugnar en el arbitraje?,Derecho,Es la facultad de impugnar el laudo ante los tribunales judiciales.,Es el derecho de las partes a recusar a un árbitro sin expresión de causa.,Es la posibilidad de solicitar la nulidad del acuerdo de arbitraje.,Se considera renunciado si una parte prosigue el arbitraje conociendo el incumplimiento de una disposición del Código de Comercio o del acuerdo de arbitraje.,,,3,Se considera renunciado si una parte prosigue el arbitraje conociendo el incumplimiento de una disposición del Código de Comercio o del acuerdo de arbitraje.,El derecho de impugnar se renuncia cuando la parte continúa el arbitraje pese a conocer el incumplimiento de normas o requisitos.,
opcion_unica,¿A qué se refiere la competencia del tribunal arbitral?,Derecho,El tribunal arbitral solo puede conocer de asuntos que no superen cierta cuantía.,"La competencia se limita a cuestiones de hecho, no de derecho.","El tribunal arbitral está facultado para decidir sobre su propia competencia, incluso sobre la existencia o validez del acuerdo de arbitraje.",La competencia la determina exclusivamente el juez de primera instancia.,,,2,"El tribunal arbitral está facultado para decidir sobre su propia competencia, incluso sobre la existencia o validez del acuerdo de arbitraje.","El tribunal arbitral tiene competencia para decidir sobre su propia competencia, incluyendo la validez del acuerdo de arbitraje.",
opcion_unica,¿De qué gozan las partes en el procedimiento arbitral?,Derecho,"Igualdad, plena oportunidad para hacer valer sus derechos, y libertad para convenir el procedimiento, lugar, idioma, entre otros.","Solo gozan de igualdad, pero no pueden convenir el procedimiento.",Gozan de privilegios procesales frente al tribunal arbitral.,No tienen libertad para determinar el lugar del arbitraje.,,,0,"Igualdad, plena oportunidad para hacer valer sus derechos, y libertad para convenir el procedimiento, lugar, idioma, entre otros.","Las partes gozan de igualdad, plena oportunidad de defensa y libertad para convenir aspectos del procedimiento arbitral.",
opcion_unica,"En caso de no haber acuerdo de las partes, ¿qué puede hacer el tribunal arbitral?",Derecho,Puede designar un juez auxiliar para que decida las cuestiones procesales.,"Determinar el lugar del arbitraje, reunirse donde estime apropiado, decidir sobre pruebas, idioma y fecha de inicio de actuaciones.","Solo puede determinar el lugar del arbitraje, pero no el idioma.",Debe abstenerse de actuar hasta que las partes lleguen a un acuerdo.,,,1,"Determinar el lugar del arbitraje, reunirse donde estime apropiado, decidir sobre pruebas, idioma y fecha de inicio de actuaciones.","El tribunal arbitral puede decidir sobre lugar, idioma, pruebas y otras cuestiones procesales cuando las partes no acuerden.",
opcion_unica,¿A qué se refiere el pronunciamiento del laudo y terminación de las actuaciones del tribunal arbitral?,Derecho,El tribunal puede decidir según su leal saber y entender sin considerar las normas elegidas.,El tribunal debe decidir conforme a la equidad siempre que las partes no hayan elegido derecho.,El laudo debe basarse en las normas de conflicto de leyes del país sede.,"El tribunal decide el litigio conforme a las normas de derecho elegidas por las partes, entendidas como derecho sustantivo, no conflicto de leyes.",,,3,"El tribunal decide el litigio conforme a las normas de derecho elegidas por las partes, entendidas como derecho sustantivo, no conflicto de leyes.","El laudo se pronuncia conforme al derecho sustantivo elegido por las partes, sin aplicar normas de conflicto.",
opcion_unica,¿A cuáles convenciones internacionales sobre arbitraje se ha adherido México y están en vigor?,Derecho,Únicamente la Ley Modelo de CNUDMI de 1985.,Solo la Convención de Nueva York de 1958.,"Ninguna, México no ha firmado convenciones internacionales de arbitraje.","Convención de Nueva York 1958, Convención de Panamá 1975, Convención de Montevideo 1979, Ley Modelo CNUDMI 1985, entre otras.",,,3,"Convención de Nueva York 1958, Convención de Panamá 1975, Convención de Montevideo 1979, Ley Modelo CNUDMI 1985, entre otras.","México ha adoptado múltiples convenciones y la Ley Modelo, como la de Nueva York y Panamá.",
opcion_unica,¿Cuál es el marco jurídico del arbitraje en el Mercosur?,Derecho,No existe marco jurídico para arbitraje en el Mercosur.,Únicamente la Convención de Nueva York.,Solo el Tratado de Asunción de 1991.,"Protocolo de Brasilia 1991, Acuerdo sobre Arbitraje Comercial del MERCOSUR 1998, Protocolo de Olivos 2002, entre otros.",,,3,"Protocolo de Brasilia 1991, Acuerdo sobre Arbitraje Comercial del MERCOSUR 1998, Protocolo de Olivos 2002, entre otros.","El marco incluye el Protocolo de Brasilia, Acuerdos de Arbitraje y el Protocolo de Olivos.",
opcion_unica,Mencione las convenciones internacionales sobre arbitraje y mediación.,Derecho,No existen convenciones internacionales sobre arbitraje y mediación.,Solo la Convención de Ginebra de 1927.,"Convención de Nueva York 1958, Convención de Panamá 1975, Convención de Montevideo 1979, Ley Modelo CNUDMI 1985, entre otras.",Únicamente el Reglamento de Arbitraje de la CCI.,,,2,"Convención de Nueva York 1958, Convención de Panamá 1975, Convención de Montevideo 1979, Ley Modelo CNUDMI 1985, entre otras.","Existen múltiples convenciones y leyes modelo, como las de Nueva York, Panamá y Montevideo.",
opcion_unica,¿Cuáles son organismos internacionales de arbitraje?,Derecho,Solo la Corte Internacional de Justicia.,Únicamente la OMC.,No existen organismos internacionales de arbitraje.,"Corte Permanente de Arbitraje, Corte Internacional de Arbitraje de la CCI, CIADI, CNUDMI, OMPI, entre otros.",,,3,"Corte Permanente de Arbitraje, Corte Internacional de Arbitraje de la CCI, CIADI, CNUDMI, OMPI, entre otros.","Existen organismos como la CPA, CCI, CIADI, CNUDMI y OMPI dedicados al arbitraje.",
opcion_unica,¿Qué debe contener la demanda en un arbitraje?,Derecho,Únicamente la designación del árbitro.,Solo el nombre de las partes y la cuantía.,"Nombre y dirección de las partes, descripción de la controversia, pretensiones, acuerdo de arbitraje, número de árbitros y sede, entre otros.",No se requiere ningún requisito formal para la demanda.,,,2,"Nombre y dirección de las partes, descripción de la controversia, pretensiones, acuerdo de arbitraje, número de árbitros y sede, entre otros.","La demanda debe incluir datos de las partes, hechos, pretensiones, acuerdo de arbitraje y aspectos procesales.",
opcion_unica,¿Qué es el Centro de Justicia Alternativa (CJA)?,Derecho,"Es una dependencia del Tribunal con autonomía técnica y de gestión que administra y substancia métodos alternos de solución de controversias, como la mediación, en conflictos civiles, mercantiles, familiares, penales y…",Es una institución privada que ofrece servicios de mediación y arbitraje en materia civil y mercantil.,Es una dependencia gubernamental que solo atiende conflictos laborales y administrativos.,Es un órgano jurisdiccional encargado de resolver conflictos entre particulares mediante sentencias.,,,0,"Es una dependencia del Tribunal con autonomía técnica y de gestión que administra y substancia métodos alternos de solución de controversias, como la mediación, en conflictos civiles, mercantiles, familiares, penales y…",El CJA es una dependencia del Tribunal con autonomía técnica y de gestión que administra métodos alternos como la mediación para diversos tipos de conflictos.,
opcion_unica,¿Es necesario contar con un abogado para participar en el procedimiento de mediación?,Derecho,"No, pero el mediador debe ser abogado y actuar como defensor de ambas partes.","Sí, pero solo si el conflicto es de materia penal o familiar.","Sí, es obligatorio que cada participante esté representado por un abogado durante todas las sesiones.","No es necesario, los participantes acuden personalmente y pueden ser asesorados externamente por su abogado particular.",,,3,"No es necesario, los participantes acuden personalmente y pueden ser asesorados externamente por su abogado particular.","La ley permite que los participantes acudan sin abogado, aunque pueden recibir asesoría externa de su abogado particular.",
opcion_unica,¿Cuál es el costo del procedimiento de mediación?,Derecho,Es gratuito solo para personas de escasos recursos; los demás pagan una tarifa.,Siempre tiene un costo fijo establecido por el Tribunal Superior de Justicia.,"Es gratuito si se realiza en el Centro de Justicia Alternativa; si se contrata un mediador privado, se pactan honorarios.","Depende del tipo de conflicto: civil y mercantil son gratuitos, pero familiar y penal tienen costo.",,,2,"Es gratuito si se realiza en el Centro de Justicia Alternativa; si se contrata un mediador privado, se pactan honorarios.","El servicio público de mediación es gratuito, pero si se opta por un mediador privado, se acuerdan honorarios.",
opcion_unica,¿Qué efectos tiene el convenio alcanzado en mediación?,Derecho,"No tiene validez legal, solo es un acuerdo moral entre las partes.",Es válido solo si lo ratifica un juez en un procedimiento judicial.,"Es válido y exigible, con fuerza ejecutiva, y puede inscribirse en el Registro Público de la Propiedad si las partes lo acuerdan.",Es un documento privado que solo puede usarse como prueba en un juicio.,,,2,"Es válido y exigible, con fuerza ejecutiva, y puede inscribirse en el Registro Público de la Propiedad si las partes lo acuerdan.","El convenio tiene carácter de título ejecutivo y puede registrarse, lo que le da fuerza legal para su cumplimiento.",
opcion_unica,¿Puede el Centro de Justicia Alternativa (CJA) obligar a las partes a cumplir el convenio?,Derecho,"Sí, el CJA tiene facultades para hacer cumplir el convenio mediante sanciones.","Sí, pero solo si el convenio fue ratificado ante notario.","No, el convenio es solo una recomendación y no tiene consecuencias legales.","No, pero la parte afectada puede solicitar la ejecución del convenio ante la autoridad jurisdiccional.",,,3,"No, pero la parte afectada puede solicitar la ejecución del convenio ante la autoridad jurisdiccional.",El CJA no tiene facultades coercitivas; el cumplimiento se busca mediante la ejecución judicial.,
opcion_unica,¿Cuánto tiempo dura una mediación?,Derecho,La duración es fija: tres sesiones de dos horas cada una.,"El proceso completo dura máximo una semana, con sesiones diarias de una hora.",Una mediación dura exactamente dos horas y no puede excederse.,"Cada sesión dura aproximadamente una hora y media, y pueden programarse varias según el caso.",,,3,"Cada sesión dura aproximadamente una hora y media, y pueden programarse varias según el caso.","Las sesiones de mediación son flexibles, con una duración promedio de hora y media, y pueden repetirse según las necesidades.",
opcion_unica,¿Qué es el Órgano Especializado en Mecanismos Alternativos de Solución de Controversias en Materia Penal y de Justicia para Adolescentes (OEMASC)?,Derecho,"Es el órgano del CJA encargado de tramitar mecanismos alternativos como mediación, conciliación o junta restaurativa en materia penal y de adolescentes.",Es un tribunal especializado en delitos graves que no admite salidas alternas.,Es una unidad administrativa que solo gestiona multas y sanciones económicas.,Es una fiscalía que investiga delitos y busca sanciones penales.,,,0,"Es el órgano del CJA encargado de tramitar mecanismos alternativos como mediación, conciliación o junta restaurativa en materia penal y de adolescentes.",El OEMASC es el órgano del CJA que gestiona mecanismos alternativos para conflictos penales y de adolescentes.,
opcion_unica,¿Qué es un Facilitador Público?,Derecho,Es un juez que decide el resultado de la mediación.,Es un notario que da fe de los acuerdos.,Es un profesional certificado del Órgano cuya función es propiciar la participación de los intervinientes en los mecanismos alternativos.,Es un abogado defensor que representa a una de las partes.,,,2,Es un profesional certificado del Órgano cuya función es propiciar la participación de los intervinientes en los mecanismos alternativos.,El facilitador público es un profesional certificado que guía y facilita la comunicación entre las partes.,
opcion_unica,¿Cómo se solicita un Mecanismo Alternativo de Solución de Controversias (MASC) en materia penal?,Derecho,Se solicita directamente en el Centro de Justicia Alternativa sin intervención judicial.,Se solicita mediante un escrito presentado ante el Tribunal Superior de Justicia.,"Se solicita ante el Ministerio Público, quien decide si procede la mediación.","Se solicita la salida alterna ante un Juez de Control, quien deriva el asunto al OEMASC a través de la Unidad de Gestión Judicial.",,,3,"Se solicita la salida alterna ante un Juez de Control, quien deriva el asunto al OEMASC a través de la Unidad de Gestión Judicial.",El juez de control deriva el caso al OEMASC cuando se solicita una salida alterna.,
opcion_unica,¿En qué casos procede un MASC para celebrar un acuerdo reparatorio?,Derecho,"En todos los delitos, incluidos los graves con violencia.","En delitos de querella, culposos o patrimoniales sin violencia, excepto violencia familiar; en adolescentes, cuando no amerite internamiento.","En delitos de oficio, siempre que la víctima lo acepte.","Solo en delitos patrimoniales con violencia, como robo con violencia.",,,1,"En delitos de querella, culposos o patrimoniales sin violencia, excepto violencia familiar; en adolescentes, cuando no amerite internamiento.","El acuerdo reparatorio procede en delitos no graves, como los de querella o culposos, y en adolescentes sin internamiento.",
opcion_unica,¿Qué efectos produce un Acuerdo Reparatorio derivado de la aplicación de un MASC?,Derecho,"No tiene efectos sobre la acción penal, solo sobre la reparación del daño.",Suspende la acción penal hasta que se cumpla el acuerdo.,Sobresee el proceso penal de manera definitiva.,"Extingue la acción penal, una vez aprobado por el Juez de Control conforme al Código Nacional de Procedimientos Penales.",,,3,"Extingue la acción penal, una vez aprobado por el Juez de Control conforme al Código Nacional de Procedimientos Penales.","El Acuerdo Reparatorio aprobado por el Juez de Control extingue la acción penal, conforme al CNPP.",
opcion_unica,¿Qué sucede si el imputado o acusado incumple el Acuerdo Reparatorio?,Derecho,Se impone una sanción económica sin retomar el proceso.,El proceso penal se archiva definitivamente.,El acuerdo se prorroga automáticamente por un plazo adicional.,Se informa al Juez de Control para que decrete el incumplimiento y se retome el proceso penal.,,,3,Se informa al Juez de Control para que decrete el incumplimiento y se retome el proceso penal.,"El incumplimiento se reporta al Juez de Control, quien decreta el incumplimiento y ordena continuar con el proceso penal.",
opcion_unica,¿Qué efectos tiene un Plan de Reparación derivado de la aplicación de un MASC?,Derecho,Es requisito para que proceda el procedimiento abreviado.,Es requisito para que proceda la conciliación.,Es requisito para que proceda el criterio de oportunidad.,"Es requisito para que proceda la suspensión condicional del proceso, según el CNPP.",,,3,"Es requisito para que proceda la suspensión condicional del proceso, según el CNPP.",El Plan de Reparación es un elemento necesario para la procedencia de la suspensión condicional del proceso.,
opcion_unica,¿Qué es un acuerdo de sometimiento o sumisión?,Derecho,Documento donde el mediador impone la solución a las partes.,Contrato de confidencialidad entre mediador y mediados.,Acuerdo entre las partes para no acudir a mediación.,"Pacto para someter la controversia a mediación o conciliación, con reglas y compromisos.",,,3,"Pacto para someter la controversia a mediación o conciliación, con reglas y compromisos.","El acuerdo de sometimiento es el pacto para someter la disputa a mediación o conciliación, estableciendo reglas y compromisos.",
opcion_unica,¿Qué se entiende por alterutralidad?,Derecho,Capacidad del mediador de ponerse en el lugar de cada parte.,"Capacidad del mediador de sentir que los mediados son iguales a él, sin distinciones.",Capacidad del mediador de mantenerse neutral e imparcial.,Capacidad del mediador de proponer soluciones justas.,,,1,"Capacidad del mediador de sentir que los mediados son iguales a él, sin distinciones.","Alterutralidad es la capacidad del mediador de percibir a los mediados como iguales, sin privilegios.",
opcion_unica,¿Qué significa analogía en el contexto de la mediación?,Derecho,Técnica para que las partes se pongan de acuerdo rápidamente.,Comparación o relación entre conceptos para entender y resolver conflictos.,Método para evaluar la credibilidad de los testigos.,Procedimiento para impugnar un acuerdo reparatorio.,,,1,Comparación o relación entre conceptos para entender y resolver conflictos.,"Analogía es la comparación o relación entre razones o conceptos, útil para comprender el conflicto.",
opcion_unica,¿Qué es la comediación?,Derecho,Mediación en la que participan abogados de ambas partes.,Mediación que se lleva a cabo en línea.,Mediación realizada por un solo mediador y un observador.,Procedimiento de mediación conducido por dos o más mediadores.,,,3,Procedimiento de mediación conducido por dos o más mediadores.,Comediación es cuando dos o más mediadores conducen el procedimiento de mediación.,
opcion_unica,¿Qué es la conciliación?,Derecho,Acción de poner de acuerdo posturas encontradas para llegar a un arreglo beneficioso.,Método para evitar que las partes lleguen a un acuerdo.,Procedimiento para imponer una sanción al infractor.,Proceso donde un tercero decide la solución del conflicto.,,,0,Acción de poner de acuerdo posturas encontradas para llegar a un arreglo beneficioso.,Conciliación es el acto de armonizar posturas opuestas para lograr un acuerdo beneficioso.,
opcion_unica,¿Qué es la conciliación extrajudicial?,Derecho,Acuerdo alcanzado durante un proceso judicial.,Acción de ponerse de acuerdo fuera de juicio.,Conciliación realizada por un juez en audiencia.,Procedimiento para resolver conflictos laborales.,,,1,Acción de ponerse de acuerdo fuera de juicio.,La conciliación extrajudicial es el acuerdo logrado sin intervención de un tribunal.,
opcion_unica,¿Qué es la conciliación intraprocesal?,Derecho,Acuerdo alcanzado antes de iniciar cualquier procedimiento.,Acción de ponerse de acuerdo dentro de un procedimiento oficial y formal.,Método de resolución de conflictos en línea.,Conciliación realizada por un mediador privado.,,,1,Acción de ponerse de acuerdo dentro de un procedimiento oficial y formal.,La conciliación intraprocesal es el acuerdo logrado dentro de un procedimiento judicial o formal.,
opcion_unica,¿Qué se entiende por confidencialidad en el contexto de la información?,Derecho,Es la cualidad de la información de ser pública y accesible a cualquier persona.,Es la propiedad de la información de ser fácilmente modificable por terceros.,Es la característica de la información que le permite mantenerse oculta e inaccesible a todos.,Es la característica de la información de ser verificable y auténtica.,,,2,Es la característica de la información que le permite mantenerse oculta e inaccesible a todos.,La confidencialidad se refiere a que la información se mantiene oculta e inaccesible para quienes no están autorizados.,
opcion_unica,¿Cómo se define el conflicto en el ámbito de la mediación?,Derecho,Es la coincidencia de intereses entre las partes involucradas.,"Es la divergencia percibida de intereses, sentires, pensares o haceres.",Es la falta de comunicación entre las personas que interactúan.,Es la imposición de una de las partes sobre la otra mediante la fuerza.,,,1,"Es la divergencia percibida de intereses, sentires, pensares o haceres.","El conflicto surge cuando las partes perciben una divergencia en sus intereses, sentimientos, pensamientos o acciones.",
opcion_unica,¿Qué es la confrontación en el contexto de resolución de conflictos?,Derecho,Es evitar el encuentro directo entre las partes para no agravar el conflicto.,Es la fase final del proceso de mediación donde se firma el acuerdo.,Es el acto de poner a una persona o cosa enfrente con objeto de encontrar una solución o cumplir con algún objetivo.,Es la acción de imponer una solución unilateral sin diálogo.,,,2,Es el acto de poner a una persona o cosa enfrente con objeto de encontrar una solución o cumplir con algún objetivo.,La confrontación implica enfrentar a las partes o elementos para buscar una solución o alcanzar un objetivo.,
opcion_unica,¿Qué es la connotación positiva en el contexto de la mediación?,Derecho,Es la acción de ignorar los aspectos positivos del conflicto.,Es la técnica de reformular los problemas para que parezcan más graves.,Es la interpretación negativa que el mediador hace de las conductas de las partes.,"Es el énfasis llevado a cabo generalmente por el Mediador de una palabra, enunciado, imagen, actitud o conducta, con el propósito de que sea conscientemente valorada.",,,3,"Es el énfasis llevado a cabo generalmente por el Mediador de una palabra, enunciado, imagen, actitud o conducta, con el propósito de que sea conscientemente valorada.",La connotación positiva es una técnica del mediador para resaltar aspectos favorables y promover una valoración consciente.,
opcion_unica,¿Qué es el convenio de mediación?,Derecho,"Es el acto formalmente jurídico y de naturaleza moral y ética que corona todo proceso exitoso de mediación, en cuyo contenido se traza la solución, la prevención o la minimización de las secuelas de un determinado confl…",Es la constancia de que las partes no llegaron a un acuerdo.,Es el documento inicial que da inicio al procedimiento de mediación.,Es la solicitud que presenta el mediador ante un juez para resolver el conflicto.,,,0,"Es el acto formalmente jurídico y de naturaleza moral y ética que corona todo proceso exitoso de mediación, en cuyo contenido se traza la solución, la prevención o la minimización de las secuelas de un determinado confl…",El convenio de mediación es el acuerdo final que formaliza la solución o prevención del conflicto.,
opcion_unica,¿Qué es el encuadre en el procedimiento de mediación?,Derecho,"Es la exposición detallada de la naturaleza, principios, reglas mínimas, dinámica, estructura y fines del procedimiento de mediación o conciliación.",Es la etapa donde las partes presentan sus demandas y pruebas.,Es la técnica para que el mediador imponga su punto de vista.,Es la fase de evaluación de los acuerdos alcanzados.,,,0,"Es la exposición detallada de la naturaleza, principios, reglas mínimas, dinámica, estructura y fines del procedimiento de mediación o conciliación.",El encuadre es la presentación inicial que hace el mediador sobre el proceso y sus reglas.,
opcion_unica,¿Qué es el expediente de mediación?,Derecho,Es el registro de los honorarios del mediador.,Es el documento donde se contienen las constancias del procedimiento de mediación.,Es el acuerdo final firmado por las partes.,Es la lista de sesiones programadas para la mediación.,,,1,Es el documento donde se contienen las constancias del procedimiento de mediación.,El expediente de mediación es el conjunto de documentos que registran el desarrollo del procedimiento.,
opcion_unica,¿Qué es el familiograma?,Derecho,Es una técnica de mediación que se enfoca en los problemas económicos de la familia.,Es un cuestionario que se aplica a los miembros de la familia para evaluar su nivel de conflicto.,Es un documento legal que certifica la composición de una familia.,"Es la gráfica que se utiliza como instrumento para valorar la dinámica, la composición, la estructura, el tipo de familia, las relaciones, los roles que asumen y el ciclo evolutivo por el cual está cursando la familia e…",,,3,"Es la gráfica que se utiliza como instrumento para valorar la dinámica, la composición, la estructura, el tipo de familia, las relaciones, los roles que asumen y el ciclo evolutivo por el cual está cursando la familia e…",El familiograma es una representación gráfica de la familia que permite analizar su estructura y dinámica.,
opcion_unica,¿Qué es la imparcialidad en el contexto de la mediación?,Derecho,Es la actitud del Mediador de no tomar partido por ninguna de las partes.,Es la tendencia del mediador a favorecer a la parte más débil.,Es la capacidad del mediador de mantener la confidencialidad del proceso.,Es la obligación del mediador de decidir quién tiene la razón.,,,0,Es la actitud del Mediador de no tomar partido por ninguna de las partes.,La imparcialidad exige que el mediador no favorezca a ninguna de las partes en conflicto.,
opcion_unica,¿Qué es la mediación?,Derecho,Procedimiento obligatorio donde un juez resuelve el conflicto.,Técnica de negociación directa entre las partes sin intervención de terceros.,Proceso adversarial donde cada parte presenta sus pruebas para ganar.,"Procedimiento voluntario, mínimamente formal, confidencial e integrador a través del cual un tercero imparcial y alterutral interviene para ayudar a las partes en conflicto a trabajar cooperativamente, intentando lograr…",,,3,"Procedimiento voluntario, mínimamente formal, confidencial e integrador a través del cual un tercero imparcial y alterutral interviene para ayudar a las partes en conflicto a trabajar cooperativamente, intentando lograr…",La mediación es un proceso voluntario y confidencial donde un tercero neutral facilita el diálogo para alcanzar un acuerdo.,
opcion_unica,¿Cuál es el concepto de acto jurídico?,Derecho,"Manifestación de voluntad para crear, modificar o extinguir derechos.",Declaración unilateral de voluntad sin efectos jurídicos.,Hecho jurídico que produce efectos sin voluntad.,Acuerdo de voluntades para crear obligaciones.,,,0,"Manifestación de voluntad para crear, modificar o extinguir derechos.","El acto jurídico es la manifestación de voluntad destinada a producir efectos jurídicos, como crear, modificar o extinguir derechos.",
opcion_unica,¿Qué es una convención?,Derecho,Acuerdo de voluntades para transferir la propiedad.,Contrato que solo crea obligaciones de dar.,Manifestación unilateral de voluntad para obligarse.,"Acuerdo de voluntades para crear, modificar o extinguir obligaciones.",,,3,"Acuerdo de voluntades para crear, modificar o extinguir obligaciones.","La convención es un acuerdo de voluntades que tiene por objeto crear, modificar o extinguir obligaciones.",
opcion_unica,"Según el Art. 1101, ¿qué es un contrato?",Derecho,Convenio que extingue obligaciones sin necesidad de consentimiento.,Manifestación de voluntad unilateral con efectos jurídicos.,"Convenio que obliga a dar, hacer o no hacer alguna cosa.",Acuerdo de voluntades que solo crea derechos reales.,,,2,"Convenio que obliga a dar, hacer o no hacer alguna cosa.","El contrato es un convenio que genera obligaciones de dar, hacer o no hacer, según el Art. 1101.",
opcion_unica,¿Cuáles son los elementos del contrato y su función?,Derecho,"Personales, reales y formales; su función es crear y transmitir obligaciones.","Voluntad, objeto y forma; su función es dar seguridad jurídica.","Subjetivos, objetivos y causales; su función es modificar derechos.","Esenciales, accidentales y naturales; su función es extinguir obligaciones.",,,0,"Personales, reales y formales; su función es crear y transmitir obligaciones.","Los elementos del contrato son personales, reales y formales, y su función principal es crear y transmitir obligaciones.",
opcion_unica,¿En qué consiste el doble efecto del contrato?,Derecho,Genera obligaciones entre las partes y solo afecta a quienes lo aceptaron.,Produce efectos solo si se registra ante notario.,Obliga a las partes y a terceros que se beneficien.,Crea derechos reales y obligaciones personales.,,,0,Genera obligaciones entre las partes y solo afecta a quienes lo aceptaron.,El contrato tiene doble efecto: genera obligaciones entre las partes y solo produce efectos entre ellas y sus causahabientes.,
opcion_unica,¿Cuáles son las obligaciones del comprador y del vendedor en un contrato de compraventa?,Derecho,Comprador: pagar impuestos; vendedor: garantizar la evicción.,Comprador: pagar el precio y recibir la cosa; vendedor: entregar la cosa y transferir la propiedad.,Comprador: recibir la cosa; vendedor: pagar el precio.,Comprador: entregar la cosa; vendedor: pagar el precio.,,,1,Comprador: pagar el precio y recibir la cosa; vendedor: entregar la cosa y transferir la propiedad.,"El comprador debe pagar el precio y recibir la cosa, mientras que el vendedor debe entregar la cosa y transferir la propiedad.",
opcion_unica,¿En qué consiste la interpretación de los contratos y a quién corresponde ejercerla?,Derecho,Atribuir significado a la manifestación de voluntad; corresponde al juez.,Determinar la validez del contrato; corresponde a las partes.,Redactar las cláusulas; corresponde al notario.,Calcular los daños; corresponde a un perito.,,,0,Atribuir significado a la manifestación de voluntad; corresponde al juez.,"La interpretación contractual consiste en atribuir significado a la voluntad de las partes, y corresponde al juez en caso de controversia.",
opcion_unica,"En materia contractual, ¿qué es la oferta y en qué consiste la aceptación?",Derecho,Oferta: respuesta a una propuesta; aceptación: propuesta inicial.,Oferta: promesa unilateral; aceptación: entrega de la cosa.,Oferta: propuesta de celebrar contrato; aceptación: manifestación de voluntad de aceptarla.,Oferta: invitación a negociar; aceptación: firma del contrato.,,,2,Oferta: propuesta de celebrar contrato; aceptación: manifestación de voluntad de aceptarla.,"La oferta es la propuesta de celebrar un contrato, y la aceptación es la manifestación de voluntad de aceptarla, formando así el consentimiento.",
opcion_unica,¿Qué son los contratos solemnes?,Derecho,Requieren entrega de la cosa para su validez.,Se perfeccionan por el solo consentimiento.,Son aquellos que no requieren forma alguna.,"Exigen una formalidad especial para su validez, como escritura notarial.",,,3,"Exigen una formalidad especial para su validez, como escritura notarial.","Los contratos solemnes requieren una formalidad especial, como la intervención notarial, sin la cual carecen de validez.",
opcion_unica,¿En qué consiste el principio del consensualismo y el efecto relativo del contrato?,Derecho,El contrato se forma por la entrega de la cosa y obliga a las partes.,El contrato se forma por el consentimiento y obliga a todos los interesados.,El contrato se forma por el solo consentimiento y solo obliga a las partes.,El contrato requiere forma escrita y obliga a terceros.,,,2,El contrato se forma por el solo consentimiento y solo obliga a las partes.,"El principio del consensualismo establece que el contrato se perfecciona por el solo consentimiento, y el efecto relativo implica que solo obliga a las partes.",
opcion_unica,¿Qué son los contratos aleatorios?,Derecho,"Son contratos en los que solo una de las partes asume el riesgo de pérdida, mientras la otra siempre obtiene beneficio.",Son contratos en los que las partes conocen desde el inicio todas las prestaciones y no dependen de ningún evento futuro.,"Son contratos que se celebran al azar, sin que las partes tengan obligaciones recíprocas.","Son convenios recíprocos cuyos efectos de pérdida o ganancia dependen de un suceso incierto, como el seguro, el préstamo a la gruesa, el juego y la apuesta.",,,3,"Son convenios recíprocos cuyos efectos de pérdida o ganancia dependen de un suceso incierto, como el seguro, el préstamo a la gruesa, el juego y la apuesta.","La definición correcta destaca la incertidumbre como elemento esencial, ejemplificada con contratos como el seguro.",
opcion_unica,¿En qué casos se puede dar la inexistencia del contrato?,Derecho,Cuando el objeto del contrato es ilícito pero las partes lo ignoraban.,"Cuando falta el consentimiento, no hay coincidencia entre oferta y aceptación, o los contratantes carecen de capacidad legal.","Cuando el contrato no se celebra por escrito, aunque la ley no exija esa formalidad.",Cuando una de las partes se arrepiente de haber celebrado el contrato.,,,1,"Cuando falta el consentimiento, no hay coincidencia entre oferta y aceptación, o los contratantes carecen de capacidad legal.",La inexistencia se presenta por ausencia de elementos esenciales como el consentimiento o la capacidad.,
opcion_unica,¿Cuándo se considera inexistente un contrato por ausencia de objeto?,Derecho,Cuando el objeto es posible pero no se entrega en el plazo pactado.,"Cuando falta el bien concreto o la utilidad que envuelve la prestación, incluyendo imposibilidad metafísica, indeterminación de la especie o de la cantidad.",Cuando el objeto es determinado pero las partes no lo describen detalladamente.,"Cuando el objeto es ilícito, pero las partes lo desconocen.",,,1,"Cuando falta el bien concreto o la utilidad que envuelve la prestación, incluyendo imposibilidad metafísica, indeterminación de la especie o de la cantidad.",La inexistencia por ausencia de objeto ocurre cuando no hay un bien o prestación determinada o determinable.,
opcion_unica,¿En qué casos se da la nulidad de pleno derecho en los contratos?,Derecho,Cuando el contrato no fue registrado ante autoridad administrativa.,Cuando una de las partes incumple sus obligaciones.,Cuando el contrato fue celebrado bajo presión económica.,Cuando el contrato no cumple con los requisitos de fondo o de forma establecidos por la ley para su validez.,,,3,Cuando el contrato no cumple con los requisitos de fondo o de forma establecidos por la ley para su validez.,La nulidad absoluta se produce por la falta de requisitos esenciales de validez impuestos por la ley.,
opcion_unica,¿En qué contratos se puede producir la anulabilidad?,Derecho,En aquellos que contravienen normas de orden público.,En aquellos celebrados sin las formalidades exigidas bajo pena de nulidad absoluta.,En aquellos que carecen de objeto o causa lícita.,"En aquellos afectados por error, violencia, dolo, incapacidad para contratar o vicios de forma.",,,3,"En aquellos afectados por error, violencia, dolo, incapacidad para contratar o vicios de forma.","La anulabilidad se da cuando existen vicios del consentimiento o incapacidad relativa, permitiendo la nulidad relativa.",
opcion_unica,"¿Cuáles son los efectos de la inexistencia, nulidad y anulabilidad de los contratos?",Derecho,"El contrato se considera válido hasta que un juez lo declare nulo, sin efectos retroactivos.","Solo se anulan las obligaciones futuras, manteniendo las ya cumplidas.",Las partes pueden elegir si cumplen o no el contrato nulo.,"Desaparecen todas las obligaciones, opera retroactivamente y las partes deben restituirse lo recibido, salvo excepciones como arrendamientos.",,,3,"Desaparecen todas las obligaciones, opera retroactivamente y las partes deben restituirse lo recibido, salvo excepciones como arrendamientos.","La nulidad tiene efecto retroactivo, eliminando el contrato y sus obligaciones, con restituciones mutuas.",
opcion_unica,¿Cómo se produce la confirmación de los contratos?,Derecho,"Cuando ambas partes acuerdan continuar con el contrato, aunque el vicio persista.",Cuando el contrato se celebra nuevamente con las mismas cláusulas.,"Cuando la persona que podría invocar la nulidad relativa renuncia a esa acción, con conocimiento del vicio y sin que exista ese vicio en la confirmación.",Cuando un juez declara válido el contrato a pesar de los vicios.,,,2,"Cuando la persona que podría invocar la nulidad relativa renuncia a esa acción, con conocimiento del vicio y sin que exista ese vicio en la confirmación.","La confirmación es un acto unilateral que subsana la nulidad relativa, siempre que se haga con conocimiento del vicio.",
opcion_unica,¿En qué consiste el principio de autonomía de la voluntad de las partes al momento de contratar?,Derecho,En la facultad de las partes para imponer condiciones a terceros.,En la facultad de las partes para celebrar libremente el contrato y determinar su contenido y efectos según su voluntad.,En la obligación de contratar con quien la ley indique.,En la libertad de las partes para incumplir el contrato si cambian de opinión.,,,1,En la facultad de las partes para celebrar libremente el contrato y determinar su contenido y efectos según su voluntad.,La autonomía de la voluntad permite a las partes autorregular sus intereses dentro de los límites legales.,
opcion_unica,¿Cuáles son los vicios del consentimiento en los contratos?,Derecho,"Son anormalidades del consentimiento que ocasionan la anulación del acto jurídico a favor de la parte víctima: error, violencia, dolo y lesión.",Son situaciones en las que el objeto es ilícito o imposible.,Son causas de nulidad absoluta que no admiten confirmación.,Son defectos en la forma escrita del contrato.,,,0,"Son anormalidades del consentimiento que ocasionan la anulación del acto jurídico a favor de la parte víctima: error, violencia, dolo y lesión.","Los vicios del consentimiento son el error, la violencia, el dolo y la lesión, que afectan la validez del acto.",
opcion_unica,"¿En qué consisten el dolo, el error y la violencia a la hora de contratar?",Derecho,El error es un simple malentendido sin relevancia jurídica; el dolo es un error espontáneo; la violencia es una simple molestia.,El error se refiere a la forma del contrato; el dolo a la capacidad; la violencia a la causa.,El error siempre anula el contrato; el dolo solo da lugar a indemnización; la violencia solo se considera si la ejerce la otra parte.,El error es un obstáculo que impide la formación del contrato; el dolo es un error provocado por medios engañosos; la violencia es la presión ejercida para obtener el consentimiento.,,,3,El error es un obstáculo que impide la formación del contrato; el dolo es un error provocado por medios engañosos; la violencia es la presión ejercida para obtener el consentimiento.,"La respuesta correcta distingue claramente cada vicio: error, dolo y violencia, con sus características.",
opcion_unica,¿Qué es la lesión en los contratos?,Derecho,Es el error de hecho o de derecho que invalida el consentimiento en cualquier tipo de contrato.,"Es el incumplimiento de una obligación contractual por una de las partes, que genera responsabilidad civil.",Es el perjuicio económico que sufre una de las partes contratantes; es un vicio excepcional del consentimiento que solo aplica en determinados contratos y respecto de ciertas personas.,"Es la falta de capacidad legal de una de las partes para celebrar un contrato, lo que lo hace nulo.",,,2,Es el perjuicio económico que sufre una de las partes contratantes; es un vicio excepcional del consentimiento que solo aplica en determinados contratos y respecto de ciertas personas.,"La lesión es un vicio del consentimiento que consiste en un perjuicio económico desproporcionado, aplicable solo en casos específicos.",
opcion_unica,¿En qué consiste la rescisión por lesión en los contratos?,Derecho,El vendedor puede rescindir la venta si el comprador no paga el precio en el plazo estipulado.,"Si el vendedor ha sido lesionado en más de las 7/12 partes del precio de un inmueble, tiene derecho a pedir la rescisión de la venta, aunque haya renunciado expresamente a esa facultad o haya declarado que donaba la dif…",La rescisión por lesión procede cuando el precio pactado es inferior al valor de mercado en cualquier tipo de bien.,"Si el comprador paga menos de la mitad del valor real del inmueble, puede pedir la rescisión del contrato.",,,1,"Si el vendedor ha sido lesionado en más de las 7/12 partes del precio de un inmueble, tiene derecho a pedir la rescisión de la venta, aunque haya renunciado expresamente a esa facultad o haya declarado que donaba la dif…",La rescisión por lesión permite al vendedor de un inmueble demandar la nulidad de la venta si el precio es inferior a las 7/12 partes de su valor real.,
opcion_unica,¿Cuál es el concepto de acto jurídico?,Derecho,Es el acuerdo de voluntades entre dos o más personas para crear o transmitir obligaciones.,"Es todo hecho que produce consecuencias de derecho, independientemente de la voluntad de las personas.","Es la declaración unilateral de voluntad que siempre produce efectos jurídicos, sin necesidad de aceptación.","Es la manifestación de la voluntad de una o más partes con la intención de crear, modificar o extinguir un derecho; la voluntad debe manifestarse y la persona debe tener intención de producir efectos jurídicos.",,,3,"Es la manifestación de la voluntad de una o más partes con la intención de crear, modificar o extinguir un derecho; la voluntad debe manifestarse y la persona debe tener intención de producir efectos jurídicos.","El acto jurídico es una manifestación de voluntad dirigida a producir efectos jurídicos, como crear, modificar o extinguir derechos.",
opcion_unica,¿Qué es la convención?,Derecho,"Es el contrato que genera obligaciones de dar, hacer o no hacer.","Es el acuerdo de voluntades entre dos o más personas para crear, modificar o extinguir obligaciones; toda convención es un acto jurídico, pero no todo acto jurídico es una convención.",Es el acto jurídico que solo transfiere la propiedad de una cosa.,Es la manifestación unilateral de voluntad que crea obligaciones para su autor.,,,1,"Es el acuerdo de voluntades entre dos o más personas para crear, modificar o extinguir obligaciones; toda convención es un acto jurídico, pero no todo acto jurídico es una convención.","La convención es un acuerdo de voluntades que produce efectos jurídicos, y es una especie de acto jurídico.",
opcion_unica,¿Cuál es el concepto de contrato según el artículo 1101 del Código Civil?,Derecho,"Es un convenio en cuya virtud una o varias personas se obligan respecto de una o varias otras a dar, hacer o no hacer alguna cosa.",Es la manifestación unilateral de voluntad que produce obligaciones para su autor.,Es un acuerdo de voluntades que solo crea derechos reales sobre bienes inmuebles.,Es un acto jurídico que extingue obligaciones preexistentes entre las partes.,,,0,"Es un convenio en cuya virtud una o varias personas se obligan respecto de una o varias otras a dar, hacer o no hacer alguna cosa.","El contrato es un convenio que genera obligaciones de dar, hacer o no hacer, según el artículo 1101.",
opcion_unica,¿Cuáles son los elementos del contrato y cuál es su función?,Derecho,"Los elementos son capacidad, objeto y causa; su función es regular la propiedad.","Los elementos son personales (sujetos con capacidad), reales (objeto y contraprestación) y formales (forma de manifestación del consentimiento); su función es crear y transmitir obligaciones.","Los elementos son consentimiento, objeto y precio; su función es establecer la validez del acto.","Los elementos son esenciales, naturales y accidentales; su función es dar fe pública de los actos.",,,1,"Los elementos son personales (sujetos con capacidad), reales (objeto y contraprestación) y formales (forma de manifestación del consentimiento); su función es crear y transmitir obligaciones.","El contrato tiene elementos personales, reales y formales, y su función principal es crear y transmitir obligaciones.",
opcion_unica,¿En qué consiste el doble efecto del contrato?,Derecho,"Produce efectos patrimoniales y extrapatrimoniales, y puede ser revocado unilateralmente.",Obliga a las partes y también a los terceros que se beneficien del contrato.,"Crea derechos reales y personales, y produce efectos frente a terceros.","Genera obligaciones entre las partes, que deben ajustarse a lo estipulado (principio de literalidad), y sus efectos solo alcanzan a las partes y sus causahabientes (principio de relatividad).",,,3,"Genera obligaciones entre las partes, que deben ajustarse a lo estipulado (principio de literalidad), y sus efectos solo alcanzan a las partes y sus causahabientes (principio de relatividad).",El doble efecto del contrato es que obliga a las partes según lo pactado y solo tiene efectos entre ellas y sus causahabientes.,
opcion_unica,¿Cuáles son las obligaciones nacidas del contrato?,Derecho,Son obligaciones naturales que no pueden exigirse judicialmente.,Son obligaciones morales que las partes deben cumplir por buena fe.,"Son obligaciones jurídicas sancionadas por el derecho; por ejemplo, en la compraventa, el comprador debe pagar el precio y recibir la cosa, y el vendedor debe entregarla y transferir la propiedad.",Son obligaciones que solo surgen si las partes las pactan expresamente.,,,2,"Son obligaciones jurídicas sancionadas por el derecho; por ejemplo, en la compraventa, el comprador debe pagar el precio y recibir la cosa, y el vendedor debe entregarla y transferir la propiedad.","Las obligaciones contractuales son jurídicas y exigibles, como las de pagar el precio y entregar la cosa en la compraventa.",
opcion_unica,¿En qué consiste la interpretación de los contratos y a quién corresponde ejercerla?,Derecho,Consiste en fijar el sentido de las cláusulas; corresponde a un árbitro designado por las partes.,Consiste en adecuar el contrato a la ley; corresponde a las partes contratantes.,"Consiste en atribuir significado a un texto jurídico; corresponde al juez, quien debe sujetarse a las reglas legales de interpretación para determinar el sentido de la voluntad de las partes.",Consiste en determinar la intención de las partes; corresponde a los notarios públicos.,,,2,"Consiste en atribuir significado a un texto jurídico; corresponde al juez, quien debe sujetarse a las reglas legales de interpretación para determinar el sentido de la voluntad de las partes.",La interpretación contractual busca atribuir significado a la voluntad de las partes y es facultad del juez conforme a las reglas legales.,
opcion_unica,"En materia contractual, ¿qué es la oferta y en qué consiste la aceptación?",Derecho,"La oferta es la propuesta de celebrar un contrato dirigida a una o más personas; la aceptación es la manifestación de voluntad de aceptar dicha propuesta, lo que perfecciona el contrato.",La oferta es la invitación a negociar; la aceptación es el pago del precio.,La oferta es la entrega de la cosa; la aceptación es la firma del contrato.,La oferta es la declaración de voluntad unilateral; la aceptación es el silencio del destinatario.,,,0,"La oferta es la propuesta de celebrar un contrato dirigida a una o más personas; la aceptación es la manifestación de voluntad de aceptar dicha propuesta, lo que perfecciona el contrato.","La oferta es una propuesta contractual y la aceptación es la conformidad con ella, cuya conjunción da nacimiento al contrato.",
opcion_unica,¿Qué son los contratos solemnes?,Derecho,Son aquellos que dependen de un suceso incierto para determinar sus efectos.,"Son aquellos que requieren la entrega de una cosa para su perfeccionamiento, como el préstamo.","Son aquellos que, además del consentimiento, requieren una formalidad específica, como la intervención notarial y la redacción de un documento notarial, sin la cual el contrato carece de validez.","Son aquellos que se perfeccionan por el solo consentimiento de las partes, sin necesidad de formalidad alguna.",,,2,"Son aquellos que, además del consentimiento, requieren una formalidad específica, como la intervención notarial y la redacción de un documento notarial, sin la cual el contrato carece de validez.","Los contratos solemnes exigen una formalidad esencial, como la escritura notarial, para su validez.",
opcion_unica,¿En qué consiste el principio del consensualismo y el efecto relativo del contrato?,Derecho,El consensualismo exige que el contrato conste por escrito para su validez.,El consensualismo establece que los contratos solo producen efectos entre las partes y sus herederos.,El consensualismo requiere la entrega de una cosa para perfeccionar el contrato.,"El consensualismo implica que el contrato se forma por el solo consentimiento de las partes, siendo la regla general en materia contractual.",,,3,"El consensualismo implica que el contrato se forma por el solo consentimiento de las partes, siendo la regla general en materia contractual.","El principio del consensualismo establece que el consentimiento es suficiente para obligar, siendo la base del derecho común en contratos.",
opcion_unica,¿Qué son los contratos aleatorios?,Derecho,Son contratos en los que una de las partes no tiene obligaciones.,Son contratos que requieren una formalidad solemne para su validez.,Son contratos en los que las prestaciones son ciertas y determinadas desde su celebración.,"Son convenios recíprocos cuyos efectos de pérdida o ganancia dependen de un suceso incierto, como el seguro, el juego y la apuesta.",,,3,"Son convenios recíprocos cuyos efectos de pérdida o ganancia dependen de un suceso incierto, como el seguro, el juego y la apuesta.","Los contratos aleatorios se caracterizan por la incertidumbre en las ventajas o pérdidas, dependiendo de un evento futuro incierto.",
opcion_unica,¿En qué casos se puede dar la inexistencia del contrato?,Derecho,"Cuando el contrato es celebrado por un incapaz, pero con objeto lícito.",Cuando el contrato tiene un vicio del consentimiento como error o dolo.,"Cuando falta un requisito de validez, como la voluntad, el objeto, la causa o la solemnidad, el contrato se considera inexistente.","Cuando el contrato no cumple con la forma escrita, pero es consensual.",,,2,"Cuando falta un requisito de validez, como la voluntad, el objeto, la causa o la solemnidad, el contrato se considera inexistente.","La inexistencia se produce por ausencia de elementos esenciales como consentimiento, objeto, causa o solemnidad.",
opcion_unica,¿En qué casos se da la nulidad de pleno derecho en los contratos?,Derecho,Cuando el contrato es lesivo para una de las partes.,Cuando el contrato adolece de vicios del consentimiento como error o dolo.,Cuando el contrato no cumple con los requisitos de fondo o de forma establecidos por la ley para su validez.,"Cuando el contrato es celebrado por un incapaz, pero con objeto lícito.",,,2,Cuando el contrato no cumple con los requisitos de fondo o de forma establecidos por la ley para su validez.,"La nulidad de pleno derecho opera cuando se violan requisitos esenciales de fondo o forma, haciendo el contrato inválido desde su origen.",
opcion_unica,¿En qué contratos se puede producir la anulabilidad?,Derecho,En los contratos que carecen de objeto o causa.,En los contratos que no cumplen con la solemnidad requerida.,En los contratos que son contrarios a la moral o al orden público.,"En los contratos afectados por error, violencia, dolo, incapacidad o vicios de forma, que son susceptibles de anulación relativa.",,,3,"En los contratos afectados por error, violencia, dolo, incapacidad o vicios de forma, que son susceptibles de anulación relativa.","La anulabilidad se presenta cuando existen vicios del consentimiento o incapacidad, permitiendo la nulidad relativa.",
opcion_unica,"¿Cuáles son los efectos de la inexistencia, nulidad absoluta y anulabilidad de los contratos?",Derecho,"La inexistencia no produce efectos, pero la nulidad absoluta y la anulabilidad sí son retroactivas.","Todos los tipos de nulidad tienen efectos retroactivos, obligando a restituir lo recibido.","La anulabilidad tiene efectos retroactivos, pero la inexistencia y la nulidad absoluta no.","La inexistencia y nulidad absoluta tienen efectos retroactivos, desapareciendo el contrato y sus obligaciones, mientras que la anulabilidad no es retroactiva, surtiendo efectos desde la sentencia.",,,3,"La inexistencia y nulidad absoluta tienen efectos retroactivos, desapareciendo el contrato y sus obligaciones, mientras que la anulabilidad no es retroactiva, surtiendo efectos desde la sentencia.","La inexistencia y nulidad absoluta anulan el contrato retroactivamente, mientras que la anulabilidad solo produce efectos hacia el futuro.",
opcion_unica,¿Cómo se produce la confirmación de los contratos?,Derecho,La confirmación es un acto bilateral que requiere el acuerdo de ambas partes.,La confirmación se da cuando las partes celebran un nuevo contrato que sustituye al anterior.,"La confirmación ocurre cuando la parte que podría invocar la nulidad relativa renuncia a esa acción, con conocimiento del vicio y sin estar afectada por él.",La confirmación se produce cuando el juez declara la validez del contrato.,,,2,"La confirmación ocurre cuando la parte que podría invocar la nulidad relativa renuncia a esa acción, con conocimiento del vicio y sin estar afectada por él.","La confirmación es un acto unilateral de la parte legitimada para invocar la nulidad relativa, que renuncia a ella con conocimiento del vicio.",
opcion_unica,¿En qué consiste el principio de la autonomía de la voluntad de las partes al contratar?,Derecho,Es la facultad del juez para modificar los contratos según su criterio.,Es la facultad de las partes de contratar solo sobre bienes muebles.,Es la obligación de las partes de contratar con quien el Estado designe.,"Es la facultad de los particulares para celebrar libremente actos jurídicos y determinar su contenido y efectos, dentro de los límites legales.",,,3,"Es la facultad de los particulares para celebrar libremente actos jurídicos y determinar su contenido y efectos, dentro de los límites legales.","La autonomía de la voluntad permite a las partes celebrar contratos libremente y fijar su contenido, siempre que no contravengan la ley.",
opcion_unica,¿Cuáles son los vicios del consentimiento en los contratos?,Derecho,"Los vicios del consentimiento son el error, la violencia, el dolo y la lesión, que anulan el acto jurídico a favor de la parte afectada.","Los vicios son el error, la ignorancia y la negligencia.","Los vicios son la simulación, el fraude y el abuso de derecho.","Los vicios son la incapacidad, el objeto ilícito y la falta de forma.",,,0,"Los vicios del consentimiento son el error, la violencia, el dolo y la lesión, que anulan el acto jurídico a favor de la parte afectada.","Los vicios del consentimiento son anomalías que afectan la voluntad, como error, violencia, dolo y lesión, y permiten anular el contrato.",
opcion_unica,"¿En qué consisten el dolo, el error y la violencia como vicios del consentimiento en la celebración de contratos?",Derecho,Opción incorrecta relacionada con Derecho,Opción incorrecta relacionada con Derecho,El error es un obstáculo que impide la formación del contrato; el dolo es un error provocado o inducido que causa nulidad si sin él no se hubiera contratado; la violencia es la ejercida sobre el contratante y causa nuli…,Opción incorrecta relacionada con Derecho,,,2,El error es un obstáculo que impide la formación del contrato; el dolo es un error provocado o inducido que causa nulidad si sin él no se hubiera contratado; la violencia es la ejercida sobre el contratante y causa nuli…,"La respuesta correcta sintetiza las definiciones de error, dolo y violencia conforme al Código Civil, incluyendo la precisión de que la violencia puede ser ejecutada por un tercero.",
opcion_unica,¿Qué es la lesión en los contratos?,Derecho,Es el perjuicio económico que sufre una de las partes contratantes; es un vicio excepcional del consentimiento que solo aplica en determinados contratos y respecto de ciertas personas.,Es el perjuicio económico que sufre una de las partes contratantes; es un vicio común del consentimiento que aplica a todos los contratos y a todas las personas.,Es el perjuicio económico que sufre una de las partes contratantes; es un vicio excepcional del consentimiento que solo aplica en contratos de compraventa de inmuebles.,Es el perjuicio moral que sufre una de las partes contratantes; es un vicio excepcional del consentimiento que solo aplica en determinados contratos y respecto de ciertas personas.,,,0,Es el perjuicio económico que sufre una de las partes contratantes; es un vicio excepcional del consentimiento que solo aplica en determinados contratos y respecto de ciertas personas.,"La lesión es un perjuicio económico que sufre una parte, y se considera un vicio excepcional porque solo procede en ciertos contratos y para ciertas personas.",
opcion_unica,¿En qué consiste la rescisión por lesión en los contratos?,Derecho,"Es la terminación anticipada del contrato cuando una de las partes ha sido lesionada; por ejemplo, si el vendedor ha sido lesionado en más de las 7/12 partes del precio de un inmueble, puede pedir la rescisión solo si e…","Es la terminación anticipada del contrato cuando una de las partes ha sido lesionada; por ejemplo, si el vendedor ha sido lesionado en más de las 7/12 partes del precio de un inmueble, puede pedir la rescisión solo si n…","Es la terminación anticipada del contrato cuando una de las partes ha sido lesionada; por ejemplo, si el vendedor ha sido lesionado en más de las 7/12 partes del precio de un inmueble, puede pedir la rescisión de la ven…","Es la terminación anticipada del contrato cuando una de las partes ha sido lesionada; por ejemplo, si el vendedor ha sido lesionado en más de las 5/12 partes del precio de un inmueble, puede pedir la rescisión de la ven…",,,2,"Es la terminación anticipada del contrato cuando una de las partes ha sido lesionada; por ejemplo, si el vendedor ha sido lesionado en más de las 7/12 partes del precio de un inmueble, puede pedir la rescisión de la ven…","La rescisión por lesión permite terminar anticipadamente el contrato cuando una parte sufre un perjuicio económico grave, como la lesión de más de 7/12 en el precio de un inmueble.",
opcion_unica,¿Cuáles son los atentados contra la libertad de no contratar?,Derecho,"La violencia, la fuerza o intimidación, y el fraude.","La violencia, la fuerza o intimidación, y la lesión.","La violencia, la fuerza o intimidación, y el error.","La violencia, la fuerza o intimidación, y el dolo.",,,0,"La violencia, la fuerza o intimidación, y el fraude.","Los atentados contra la libertad de no contratar son la violencia, la fuerza o intimidación y el fraude, que vicían el consentimiento.",
opcion_unica,Explique cuáles son los atentados contra la libertad de fijar y modificar las condiciones del contrato.,Derecho,Opción incorrecta relacionada con Derecho,Opción incorrecta relacionada con Derecho,"La lesión es el perjuicio económico que sufre una parte, mientras que el dolo puede ser económico o no; el error no es causa de nulidad si recae sobre la sustancia de la cosa o sobre la persona cuando esta es considerac…",Opción incorrecta relacionada con Derecho,,,2,"La lesión es el perjuicio económico que sufre una parte, mientras que el dolo puede ser económico o no; el error no es causa de nulidad si recae sobre la sustancia de la cosa o sobre la persona cuando esta es considerac…",La respuesta correcta distingue la lesión (económica) del dolo (puede ser no económico) y señala los casos en que el error no anula el contrato según el artículo 1110.,
opcion_unica,¿Cuáles son los requisitos para la formulación de un contrato?,Derecho,"El consentimiento de la parte que se obliga, su capacidad para contratar, un objeto cierto que forme la materia del compromiso y una causa lícita en la obligación, además de la forma escrita.","El consentimiento de la parte que se obliga, su capacidad para contratar, un objeto cierto que forme la materia del compromiso y una causa lícita en la obligación, además de la entrega de la cosa.","El consentimiento de la parte que se obliga, su capacidad para contratar, un objeto cierto que forme la materia del compromiso y una causa lícita en la obligación, además del registro del contrato.","El consentimiento de la parte que se obliga, su capacidad para contratar, un objeto cierto que forme la materia del compromiso y una causa lícita en la obligación.",,,3,"El consentimiento de la parte que se obliga, su capacidad para contratar, un objeto cierto que forme la materia del compromiso y una causa lícita en la obligación.","Los requisitos esenciales del contrato son consentimiento, capacidad, objeto cierto y causa lícita, conforme al Código Civil.",
opcion_unica,¿En qué consiste el principio de la fuerza obligatoria de los contratos?,Derecho,En que los pactos legalmente formados tienen fuerza de ley solo si se otorgan ante notario.,"En que los pactos legalmente formados tienen fuerza de ley para todos los ciudadanos, incluso los que no los han celebrado.",En que los pactos legalmente formados tienen fuerza de ley para aquellos que los han celebrado.,En que los pactos legalmente formados tienen fuerza de ley solo si están inscritos en un registro público.,,,2,En que los pactos legalmente formados tienen fuerza de ley para aquellos que los han celebrado.,"El principio de fuerza obligatoria establece que los contratos válidos son ley entre las partes, obligándolas a cumplirlos.",
opcion_unica,¿En qué consiste el principio de la relatividad de los efectos de los contratos?,Derecho,En que sus efectos se limitan a las partes y a los que intervienen en la celebración.,En que sus efectos se limitan a las partes y a sus herederos forzosos.,En que sus efectos se limitan a las partes y sus representantes o causahabientes.,En que sus efectos se limitan a las partes y a los terceros que se beneficien del contrato.,,,2,En que sus efectos se limitan a las partes y sus representantes o causahabientes.,"La relatividad de los efectos significa que el contrato solo obliga a las partes y a sus representantes o causahabientes, no a terceros.",
opcion_unica,¿Qué es el principio de la relatividad de los efectos de los contratos respecto a los terceros?,Derecho,"Se refiere a que los contratos obligan solo a lo expresado, sin considerar la equidad, el uso o la ley.","Se refiere a que los contratos obligan no solo a lo expresado, sino también a las consecuencias que la equidad, el uso o la ley dan a la obligación según su naturaleza.",Se refiere a que los contratos obligan a los terceros que se beneficien de ellos.,Se refiere a que los contratos obligan a los terceros que hayan sido notificados de su existencia.,,,1,"Se refiere a que los contratos obligan no solo a lo expresado, sino también a las consecuencias que la equidad, el uso o la ley dan a la obligación según su naturaleza.","Este principio implica que los contratos producen efectos frente a terceros en cuanto a las consecuencias que la ley, el uso o la equidad les atribuyen.",
opcion_unica,¿Qué es la promesa por tercero y la cláusula de porte fort?,Derecho,"Una persona garantiza por otra cuando promete que la persona de quien habla consentirá en la convención; en la práctica, el porte fort se obliga a obtener la firma de un tercero.","Una persona garantiza por otra cuando promete que la persona de quien habla consentirá en la convención; en la práctica, el porte fort se obliga a cumplir la obligación si el tercero no lo hace.","Una persona garantiza por otra cuando promete que la persona de quien habla consentirá en la convención; en la práctica, el porte fort se obliga a pagar en lugar del tercero.","Una persona garantiza por otra cuando promete que la persona de quien habla consentirá en la convención; en la práctica, el porte fort se obliga a indemnizar si el tercero no firma.",,,0,"Una persona garantiza por otra cuando promete que la persona de quien habla consentirá en la convención; en la práctica, el porte fort se obliga a obtener la firma de un tercero.",La promesa por tercero y la cláusula de porte fort implican que alguien se obliga a obtener la adhesión de un tercero al contrato.,
opcion_unica,¿Qué es la estipulación por terceros?,Derecho,Es la cesión de derechos que un contratante hace a favor de un tercero sin necesidad de su aceptación.,Es un contrato en el que las partes acuerdan que un tercero cumpla la prestación en lugar de una de ellas.,Es la obligación que tiene el tercero de cumplir lo pactado entre las partes contratantes.,"Es la promesa que una parte contratante hace a la otra de una prestación en provecho de una persona extraña al contrato, y que no puede revocarse si el tercero manifestó su voluntad de aprovecharse.",,,3,"Es la promesa que una parte contratante hace a la otra de una prestación en provecho de una persona extraña al contrato, y que no puede revocarse si el tercero manifestó su voluntad de aprovecharse.","La estipulación por terceros es la promesa de una prestación a favor de un tercero ajeno al contrato, que se vuelve irrevocable si el tercero acepta.",
opcion_unica,"Según la jurisprudencia, ¿cuál es el alcance de la estipulación por tercero?",Derecho,Su validez solo se reconoce si el tercero ha otorgado poder al estipulante.,Su validez depende de que el promitente reciba un beneficio directo.,Su validez se limita a los casos en que el tercero es parte del contrato original.,"Su validez se admite cuando existe una cláusula penal, permitiendo que el estipulante exija el cumplimiento de la prestación a favor del tercero.",,,3,"Su validez se admite cuando existe una cláusula penal, permitiendo que el estipulante exija el cumplimiento de la prestación a favor del tercero.","La jurisprudencia admite la estipulación por tercero cuando existe cláusula penal, permitiendo al estipulante exigir el cumplimiento a favor del tercero.",
opcion_unica,"Dentro de la estipulación por terceros, ¿qué significado tiene la Teoría de la Oferta?",Derecho,"El estipulante ofrece al tercero la estipulación pactada en su favor, y el promitente queda obligado solo cuando el tercero acepta la oferta.","El tercero ofrece cumplir la prestación al promitente, quien debe aceptarla.",La oferta se considera aceptada si el tercero no la rechaza en un plazo determinado.,El promitente hace una oferta al estipulante para que este la transmita al tercero.,,,0,"El estipulante ofrece al tercero la estipulación pactada en su favor, y el promitente queda obligado solo cuando el tercero acepta la oferta.",La Teoría de la Oferta establece que el promitente se obliga solo cuando el tercero acepta la oferta hecha por el estipulante.,
opcion_unica,¿Cuáles son las condiciones de eficacia de la estipulación por terceros?,Derecho,"Que el tercero pueda recibir los beneficios, que la estipulación no haya sido revocada y que sea ratificada por el tercero.",Que el tercero sea mayor de edad y que el contrato conste por escrito.,Que el estipulante tenga poder del tercero y que el promitente sea notificado.,Que el promitente consienta expresamente y que el estipulante reciba una contraprestación.,,,0,"Que el tercero pueda recibir los beneficios, que la estipulación no haya sido revocada y que sea ratificada por el tercero.","Las condiciones son que el tercero pueda recibir el beneficio, que no se haya revocado y que el tercero ratifique la estipulación.",
opcion_unica,¿Cuáles son las relaciones jurídicas derivadas de la estipulación por terceros?,Derecho,"Entre los tres, pero el estipulante siempre responde ante el tercero por el cumplimiento.","Solo entre promitente y tercero, ya que el estipulante desaparece tras la estipulación.","Solo entre estipulante y promitente, ya que el tercero no tiene relación con el promitente.","Entre promitente y tercero, entre tercero y estipulante (sin obligaciones, solo efectos), y entre estipulante y promitente.",,,3,"Entre promitente y tercero, entre tercero y estipulante (sin obligaciones, solo efectos), y entre estipulante y promitente.","Las relaciones son entre promitente y tercero, entre tercero y estipulante (sin obligaciones), y entre estipulante y promitente.",
opcion_unica,¿Qué es la simulación?,Derecho,Es la celebración de un acto jurídico con la intención de ocultar su verdadera naturaleza a las autoridades.,Es la declaración de voluntad realizada bajo coacción o miedo grave.,"Es una disconformidad consciente entre la voluntad y su declaración, convenida entre las partes para engañar a terceros, pudiendo ser absoluta o relativa.",Es un error involuntario en la declaración de voluntad que anula el acto jurídico.,,,2,"Es una disconformidad consciente entre la voluntad y su declaración, convenida entre las partes para engañar a terceros, pudiendo ser absoluta o relativa.","La simulación es la discrepancia consciente entre lo que se quiere y lo que se declara, con el fin de engañar a terceros.",
opcion_unica,¿Qué son los contradocumentos?,Derecho,Son acuerdos verbales que complementan un contrato escrito.,Son actos firmados por alguna de las partes para dejar sin efecto el acto simulado o que modifican secretamente un acto ostensible.,Son documentos públicos que dan fe de la existencia de un acto jurídico.,Son escritos privados que contienen la voluntad real de las partes y que deben registrarse.,,,1,Son actos firmados por alguna de las partes para dejar sin efecto el acto simulado o que modifican secretamente un acto ostensible.,Los contradocumentos son actos secretos que dejan sin efecto o modifican el acto aparente.,
opcion_unica,¿En qué consiste la extensión variable de la simulación?,Derecho,La simulación se limita a cambiar la fecha o el lugar de celebración del acto.,"La simulación siempre es total, anulando por completo el acto aparente.","La simulación solo puede ser parcial, afectando únicamente algunas cláusulas.","El acto secreto puede destruir totalmente el acto aparente, modificar su naturaleza, ocultar solo algunas condiciones, o cambiar al beneficiario.",,,3,"El acto secreto puede destruir totalmente el acto aparente, modificar su naturaleza, ocultar solo algunas condiciones, o cambiar al beneficiario.","La extensión variable implica que la simulación puede ser total, parcial, modificar la naturaleza del acto o cambiar al beneficiario.",
opcion_unica,¿Cuáles son los efectos de la simulación respecto a los contradocumentos?,Derecho,Los contradocumentos no tienen ningún efecto legal entre las partes.,Los contradocumentos deben ser inscritos en el registro público para ser oponibles a terceros.,Los contradocumentos producen efectos frente a terceros de buena fe.,Los contradocumentos solo producen efectos entre las partes contratantes y no contra terceros.,,,3,Los contradocumentos solo producen efectos entre las partes contratantes y no contra terceros.,"Los contradocumentos solo afectan a las partes, no a terceros.",
opcion_unica,¿Cómo se prueba la simulación?,Derecho,"Se prueba a través de presunciones graves, precisas y concordantes.","Se prueba únicamente mediante testigos, sin importar el monto del negocio.","Se prueba confesión judicial de las partes, sin necesidad de escrito.","Se prueba por escrito cuando el interés del negocio excede cierta cantidad, mediante el acto secreto que revela la simulación.",,,3,"Se prueba por escrito cuando el interés del negocio excede cierta cantidad, mediante el acto secreto que revela la simulación.","La simulación se prueba por escrito cuando el valor del negocio supera el umbral legal, presentando el contradocumento.",
opcion_unica,¿Cuáles son las causas de disolución de los contratos?,Derecho,Las causas retroactivas (anulación y resolución) y las que ponen fin al contrato sin retroactividad (revocación y resiliación).,El mutuo disenso y el incumplimiento de las obligaciones.,La muerte de las partes y el transcurso del tiempo.,"La nulidad y la rescisión, que operan retroactivamente.",,,0,Las causas retroactivas (anulación y resolución) y las que ponen fin al contrato sin retroactividad (revocación y resiliación).,La clasificación distingue entre causas con efectos retroactivos (anulación y resolución) y sin retroactividad (revocación y resiliación).,
opcion_unica,¿Qué es la nulidad?,Derecho,"Sanción genérica de ineficacia o falta de valor legal para actos jurídicos celebrados con violación de formas, finalidad reprobada o causa ilícita.",El acuerdo de las partes para dejar sin efectos un contrato válido.,La extinción retroactiva del contrato por incumplimiento de una de las partes.,La privación de una ventaja gratuita como penalidad civil.,,,0,"Sanción genérica de ineficacia o falta de valor legal para actos jurídicos celebrados con violación de formas, finalidad reprobada o causa ilícita.",La nulidad es una sanción que priva de efectos al acto jurídico por vicios en su formación o causa ilícita.,
opcion_unica,¿Qué es la rescisión?,Derecho,"La extinción retroactiva del contrato, que se presume válido en su formación.",La terminación unilateral por voluntad de una parte.,La anulación por vicios del consentimiento.,La revocación de una liberalidad por ingratitud.,,,0,"La extinción retroactiva del contrato, que se presume válido en su formación.","La rescisión extingue retroactivamente el contrato, aunque se presume que fue válido al momento de celebrarse.",
opcion_unica,¿Qué es la revocación?,Derecho,La extinción retroactiva por incumplimiento de obligaciones.,El acuerdo mutuo de las partes para terminar el contrato.,La anulación por falta de forma legal.,"La privación de una ventaja gratuita como penalidad civil, con efectos solo para el futuro.",,,3,"La privación de una ventaja gratuita como penalidad civil, con efectos solo para el futuro.","La revocación priva de una ventaja gratuita y opera solo hacia el futuro, como sanción por culpa.",
opcion_unica,¿Qué es la resiliación de los contratos?,Derecho,La declaración unilateral de nulidad por una de las partes.,"El acto por el cual las partes deshacen el contrato que habían celebrado, como en el arrendamiento.",La rescisión por lesión en el consentimiento.,La extinción por imposibilidad de cumplimiento.,,,1,"El acto por el cual las partes deshacen el contrato que habían celebrado, como en el arrendamiento.","La resiliación es el mutuo acuerdo para extinguir el contrato, sin efectos retroactivos.",
opcion_unica,¿Qué es el término?,Derecho,Un acontecimiento futuro e incierto que puede o no ocurrir.,"Un acontecimiento futuro y cierto, cuya realización es inevitable.",El plazo que se concede al deudor para pagar su deuda.,Una condición suspensiva que depende de un hecho pasado.,,,1,"Un acontecimiento futuro y cierto, cuya realización es inevitable.","El término es un evento futuro y cierto, es decir, que necesariamente ocurrirá.",
opcion_unica,¿Cómo puede ser el término?,Derecho,"Voluntario y legal, según su origen.","Condicional y potestativo, según la voluntad de las partes.","Suspensivo, que es el plazo para pagar una deuda, y extintivo, que pone fin a obligaciones de prestaciones continuas.","Cierto e incierto, según se conozca la fecha exacta.",,,2,"Suspensivo, que es el plazo para pagar una deuda, y extintivo, que pone fin a obligaciones de prestaciones continuas.",El término se clasifica en suspensivo (para pagar) y extintivo (para cesar prestaciones continuas).,
opcion_unica,¿Qué es el término cierto?,Derecho,El plazo que pone fin a obligaciones de prestaciones continuas.,El plazo que depende de un acontecimiento futuro e incierto.,El plazo que se concede al deudor para pagar su deuda.,"El período fijado para terminar en un año, mes o día designado, o que comienza desde una fecha cierta.",,,3,"El período fijado para terminar en un año, mes o día designado, o que comienza desde una fecha cierta.",El término cierto es aquel cuya fecha de vencimiento se conoce de antemano.,
opcion_unica,¿Qué es el término incierto?,Derecho,El plazo que pone fin a obligaciones de prestaciones continuas.,"El plazo que depende de un acontecimiento que debe ocurrir, pero cuya fecha no puede conocerse con anterioridad.",El plazo que se fija en un día calendario determinado.,El plazo que se concede al deudor para pagar su deuda.,,,1,"El plazo que depende de un acontecimiento que debe ocurrir, pero cuya fecha no puede conocerse con anterioridad.","El término incierto es aquel que necesariamente ocurrirá, pero se desconoce cuándo.",
opcion_unica,¿Qué es el plazo de derecho?,Derecho,El que se pacta en beneficio exclusivo del acreedor.,El que se deriva de un hecho futuro e incierto.,El que se concede por gracia del juez para cumplir la obligación.,El que se establece con la obligación y que el deudor puede oponer al acreedor por el hecho mismo de la existencia de la obligación.,,,3,El que se establece con la obligación y que el deudor puede oponer al acreedor por el hecho mismo de la existencia de la obligación.,El plazo de derecho es inherente a la obligación y puede ser invocado por el deudor.,
opcion_unica,¿Qué es el plazo de gracia?,Derecho,"Es un favor individual concedido al deudor por los tribunales, que no produce todos los efectos del plazo de derecho.",Es un beneficio otorgado por la ley al deudor para cumplir con su obligación.,"Es el plazo pactado por las partes en el contrato, de manera expresa o tácita.",Es un derecho del acreedor para exigir el cumplimiento de la obligación antes del plazo.,,,0,"Es un favor individual concedido al deudor por los tribunales, que no produce todos los efectos del plazo de derecho.","El plazo de gracia es una concesión judicial al deudor, distinta del plazo de derecho, pues no genera todos sus efectos.",
opcion_unica,¿Qué es el plazo legal?,Derecho,Es aquel que ha sido concedido por la ley al deudor.,Es el plazo que se presume estipulado a favor del acreedor.,"Es el plazo que las partes pactan en el contrato, ya sea expresa o tácitamente.",Es el plazo que otorgan los tribunales al deudor como favor individual.,,,0,Es aquel que ha sido concedido por la ley al deudor.,El plazo legal es el que establece la ley para que el deudor cumpla su obligación.,
opcion_unica,¿Qué es el plazo convencional?,Derecho,Es el plazo que se presume a favor del acreedor.,"Es el que se ha pactado en el convenio, ya sea de manera expresa o tácita.",Es el plazo que la ley concede al deudor para cumplir.,Es el plazo que los tribunales otorgan como favor al deudor.,,,1,"Es el que se ha pactado en el convenio, ya sea de manera expresa o tácita.","El plazo convencional es el acordado por las partes en el contrato, pudiendo ser expreso o tácito.",
opcion_unica,¿A favor de quién se establece el plazo?,Derecho,El plazo se establece a favor de un tercero beneficiario.,El plazo siempre se establece a favor de ambas partes por igual.,"Se presume que el plazo es estipulado a favor del acreedor, salvo que se convenga lo contrario.","Se presume que el plazo es estipulado a favor del deudor, salvo pacto en contrario.",,,2,"Se presume que el plazo es estipulado a favor del acreedor, salvo que se convenga lo contrario.","La ley presume que el plazo beneficia al acreedor, a menos que se pacte o se desprenda lo contrario.",
opcion_unica,¿Qué significa vencimiento anticipado del plazo?,Derecho,Es cuando el plazo se extingue por confusión de derechos.,Es cuando el acreedor exige el pago antes del plazo por simple voluntad.,Es cuando el deudor paga antes de la fecha fijada en el contrato.,"Es cuando el deudor, por hechos propios, ha disminuido las garantías pactadas en el contrato a favor del acreedor.",,,3,"Es cuando el deudor, por hechos propios, ha disminuido las garantías pactadas en el contrato a favor del acreedor.","El vencimiento anticipado ocurre si el deudor, con sus actos, reduce las garantías que protegen al acreedor.",
opcion_unica,¿Cuáles son los efectos del plazo?,Derecho,"El plazo solo puede ser renunciado por el acreedor, no por el deudor.","El derecho no nace hasta que se cumple el plazo, pero se puede demandar anticipadamente.",El plazo impide la prescripción y permite al acreedor exigir el pago inmediato.,"Nace el derecho, no se puede demandar su cumplimiento, no opera la prescripción, se pueden impetrar medidas conservativas, se puede novar y se puede renunciar por quien lo tiene en su beneficio.",,,3,"Nace el derecho, no se puede demandar su cumplimiento, no opera la prescripción, se pueden impetrar medidas conservativas, se puede novar y se puede renunciar por quien lo tiene en su beneficio.","El plazo genera varios efectos: el derecho existe pero no es exigible, no corre la prescripción, y se permiten ciertas medidas conservativas.",
opcion_unica,¿Qué es la condición?,Derecho,"Es un acontecimiento futuro e incierto del cual depende la formación del contrato; mientras esté pendiente, el contrato no existe, y al realizarse, las obligaciones nacen con efecto retroactivo.",Es el plazo fijado para el cumplimiento de una obligación.,Es un requisito de validez del contrato que debe cumplirse siempre.,Es un acontecimiento pasado y cierto que determina la validez del contrato.,,,0,"Es un acontecimiento futuro e incierto del cual depende la formación del contrato; mientras esté pendiente, el contrato no existe, y al realizarse, las obligaciones nacen con efecto retroactivo.",La condición es un evento futuro e incierto que suspende el nacimiento de la obligación hasta que se realice.,
opcion_unica,¿Cuáles son las principales variedades de la condición y en qué consisten?,Derecho,"Suspensiva y resolutoria; causales, potestativas y mixtas; posibles o imposibles, lícitas e ilícitas, positivas y negativas.","Las condiciones pueden ser puras y simples, o alternativas.","Solo existen condiciones suspensivas y resolutorias, sin otras clasificaciones.","Las condiciones se dividen en expresas y tácitas, y en escritas y verbales.",,,0,"Suspensiva y resolutoria; causales, potestativas y mixtas; posibles o imposibles, lícitas e ilícitas, positivas y negativas.","Las condiciones se clasifican en varios tipos: según su efecto (suspensivas o resolutorias), según su causa (causales, potestativas o mixtas) y según su naturaleza (posibles o imposibles, lícitas o ilícitas, positivas o negativas).",
opcion_unica,¿En qué consiste la realización de la condición?,Derecho,Consiste en que la condición se tenga por no puesta si no se cumple en el plazo.,Consiste en que la condición se cumpla solo si el acreedor así lo decide.,"Consiste en que la condición se cumpla tal como fue pactada, sin fraude, y se reputará realizada si el deudor impidió su cumplimiento.","Consiste en que la condición se cumpla de cualquier forma, incluso si hay fraude.",,,2,"Consiste en que la condición se cumpla tal como fue pactada, sin fraude, y se reputará realizada si el deudor impidió su cumplimiento.","La condición se realiza cuando el evento ocurre conforme a lo pactado, y si el deudor obstaculiza su cumplimiento, se considera cumplida.",
opcion_unica,¿Cuáles son los efectos de la condición suspensiva?,Derecho,"Antes de su cumplimiento, el derecho no existe; después, nace con efectos retroactivos, y si no se cumple, el acto se considera inexistente.","Antes de su cumplimiento, el derecho existe pero no es exigible; después, se vuelve exigible sin retroactividad.",La condición suspensiva solo produce efectos si el deudor la cumple voluntariamente.,"Si la condición no se cumple, el acto sigue siendo válido pero sin efectos.",,,0,"Antes de su cumplimiento, el derecho no existe; después, nace con efectos retroactivos, y si no se cumple, el acto se considera inexistente.","La condición suspensiva impide el nacimiento del derecho hasta que se cumpla; al cumplirse, produce efectos retroactivos, y si no se cumple, el acto se considera como si nunca hubiera existido.",
opcion_unica,¿Cuáles son los efectos de la condición resolutoria expresa?,Derecho,"Mientras la condición no se realiza, el contrato se considera puro y simple; si no se realiza, se vuelve definitivo; si se realiza, el vendedor recupera la propiedad de pleno derecho y los tribunales no pueden conceder…","El juez puede conceder un plazo adicional al deudor para cumplir, incluso si la condición se ha cumplido.",La condición resolutoria expresa siempre requiere intervención judicial para que el contrato se rescinda.,"Si la condición se cumple, el contrato se anula retroactivamente y las partes deben restituirse mutuamente.",,,0,"Mientras la condición no se realiza, el contrato se considera puro y simple; si no se realiza, se vuelve definitivo; si se realiza, el vendedor recupera la propiedad de pleno derecho y los tribunales no pueden conceder…","La condición resolutoria expresa opera de pleno derecho: si se cumple, el vendedor recupera la propiedad automáticamente, sin necesidad de intervención judicial.",
opcion_unica,¿Cuáles son los efectos de la condición resolutoria tácita?,Derecho,"Se sobreentiende en los contratos bilaterales: si una parte no cumple, la otra puede exigir el cumplimiento o pedir la rescisión judicial con daños y perjuicios; el juez puede conceder un plazo al demandado.",El juez no puede otorgar ningún plazo al demandado para cumplir su obligación.,"La parte afectada solo puede pedir la rescisión, pero no puede exigir el cumplimiento del contrato.",La condición resolutoria tácita opera automáticamente sin necesidad de acudir a los tribunales.,,,0,"Se sobreentiende en los contratos bilaterales: si una parte no cumple, la otra puede exigir el cumplimiento o pedir la rescisión judicial con daños y perjuicios; el juez puede conceder un plazo al demandado.","La condición resolutoria tácita faculta a la parte perjudicada a optar entre exigir el cumplimiento o pedir la rescisión judicial, con posibilidad de que el juez conceda un plazo.",
opcion_unica,¿En qué consiste la teoría de los riesgos?,Derecho,La teoría de los riesgos solo aplica a contratos unilaterales.,"Si la cosa perece por caso fortuito, el deudor debe pagar daños y perjuicios al acreedor.",La teoría de los riesgos establece que el riesgo siempre lo soporta el deudor hasta la entrega.,"En los contratos bilaterales con obligaciones de dar cosa cierta, si ésta perece por caso fortuito o fuerza mayor, la cosa perece para el acreedor.",,,3,"En los contratos bilaterales con obligaciones de dar cosa cierta, si ésta perece por caso fortuito o fuerza mayor, la cosa perece para el acreedor.","La teoría de los riesgos determina que en ciertos contratos, si la cosa perece por caso fortuito, la pérdida la sufre el acreedor, liberando al deudor.",
opcion_unica,¿Qué es la prueba?,Derecho,"Es la acción y efecto de probar, y probar es demostrar de algún modo la certeza de un hecho o la verdad de una afirmación.",Es la facultad del juez para investigar los hechos por sí mismo.,Es la etapa procesal en la que se presentan los alegatos finales.,Es la obligación que tienen las partes de aportar todos los documentos que posean.,,,0,"Es la acción y efecto de probar, y probar es demostrar de algún modo la certeza de un hecho o la verdad de una afirmación.",La prueba es el medio para demostrar la certeza de los hechos o la verdad de las afirmaciones en un proceso.,
opcion_unica,¿Qué se entiende por carga de la prueba y a cargo de quién se establece?,Derecho,Es la obligación del juez de aportar pruebas de oficio para resolver el litigio.,Es la obligación de las partes de probar los hechos que fundamentan la norma que les es favorable; recae sobre quien invoca una relación de derecho o situación jurídica.,Es la facultad de las partes de presentar pruebas solo en segunda instancia.,"Es la carga que tiene el demandado de probar todos los hechos, incluso los afirmados por el actor.",,,1,Es la obligación de las partes de probar los hechos que fundamentan la norma que les es favorable; recae sobre quien invoca una relación de derecho o situación jurídica.,"La carga de la prueba recae sobre quien afirma hechos que le benefician, debiendo demostrarlos en el proceso.",
opcion_unica,¿En qué consiste la prueba documental?,Derecho,Es la prueba que se basa en indicios y presunciones humanas.,"Es el medio de prueba por excelencia para actos jurídicos, en oposición a los hechos jurídicos, pues consta en documentos que dan fe de la voluntad de las partes.",Es la prueba que se obtiene a través de testigos que presenciaron el acto.,Es la prueba que consiste en la inspección judicial de bienes o lugares.,,,1,"Es el medio de prueba por excelencia para actos jurídicos, en oposición a los hechos jurídicos, pues consta en documentos que dan fe de la voluntad de las partes.","La prueba documental es el medio idóneo para demostrar actos jurídicos, pues se materializa en documentos.",
opcion_unica,¿Qué es un documento auténtico?,Derecho,"Es un documento firmado por las partes y dos testigos, sin intervención de notario.",Es un documento que solo tiene valor si es reconocido por el tribunal.,Es un documento emitido por una autoridad administrativa sin requisitos de forma.,"Es aquel autorizado por un oficial público competente, según la naturaleza de los hechos y el lugar donde se redactó.",,,3,"Es aquel autorizado por un oficial público competente, según la naturaleza de los hechos y el lugar donde se redactó.",El documento auténtico es el que otorga un funcionario público con competencia para dar fe de su contenido.,
opcion_unica,¿Qué es un documento privado?,Derecho,Es un documento que carece de valor probatorio en juicio.,Es un documento que debe ser inscrito en un registro público para ser válido.,Es un documento que solo puede ser emitido por un notario.,"Es el redactado con intención de comprobar un acto jurídico, sin intervención de un oficial público, y firmado por personas privadas.",,,3,"Es el redactado con intención de comprobar un acto jurídico, sin intervención de un oficial público, y firmado por personas privadas.","El documento privado es aquel que las partes redactan sin la intervención de un funcionario público, pero con valor probatorio.",
opcion_unica,¿Cuál es la fuerza probatoria de los documentos privados?,Derecho,Los documentos privados requieren siempre de ratificación notarial para ser válidos.,"Los documentos privados solo prueban contra terceros, no entre las partes.",Los documentos privados no tienen valor probatorio alguno en juicio.,"Según los artículos 1322 al 1326 del Código Civil, el documento privado reconocido produce entre las partes la misma fe que un documento público.",,,3,"Según los artículos 1322 al 1326 del Código Civil, el documento privado reconocido produce entre las partes la misma fe que un documento público.",La ley otorga a los documentos privados reconocidos la misma fuerza probatoria que a los públicos entre sus firmantes.,
opcion_unica,¿Cuáles son los documentos privados que no revisten el carácter de documentos instrumentales?,Derecho,Los testamentos otorgados en forma pública.,"Los libros de comercio, registros y papeles domésticos, recibos al margen, copias de títulos y documentos recognocitivos y confirmatorios.",Los contratos de compraventa de bienes inmuebles.,Las escrituras públicas otorgadas ante notario.,,,1,"Los libros de comercio, registros y papeles domésticos, recibos al margen, copias de títulos y documentos recognocitivos y confirmatorios.","La ley enumera ciertos documentos privados que no son instrumentales, como los libros de comercio y los recibos.",
opcion_unica,¿Qué es la prueba por juramento?,Derecho,"Es invocar como testigo a la Divinidad sobre la verdad de un hecho que se afirma, o la afirmación solemne de un hecho. Solo prueba a favor o en contra del que lo ha deferido y de sus herederos y causahabientes.","Es un medio de prueba que consiste en la confesión de las partes ante un juez, sin necesidad de invocar a la Divinidad.",Es una declaración jurada que siempre prueba en contra de quien la realiza y a favor de la otra parte.,Es un tipo de prueba documental que se utiliza exclusivamente en materia penal.,,,0,"Es invocar como testigo a la Divinidad sobre la verdad de un hecho que se afirma, o la afirmación solemne de un hecho. Solo prueba a favor o en contra del que lo ha deferido y de sus herederos y causahabientes.","La prueba por juramento consiste en invocar a la Divinidad sobre la verdad de un hecho, y solo beneficia o perjudica a quien lo defiere y a sus herederos.",
opcion_unica,Defina qué es la sociedad o el contrato de sociedad.,Derecho,Es un contrato mediante el cual una persona transfiere la propiedad de un bien a otra a cambio de un precio.,Es un acuerdo entre dos o más personas para realizar una actividad sin fines de lucro.,"Es un contrato por el cual dos o más personas convienen poner en común cualquier cosa, con el objeto de dividir entre sí los beneficios que puedan resultar.",Es un acto jurídico unilateral por el cual una persona se obliga a dar algo a otra sin recibir contraprestación.,,,2,"Es un contrato por el cual dos o más personas convienen poner en común cualquier cosa, con el objeto de dividir entre sí los beneficios que puedan resultar.",El contrato de sociedad implica la puesta en común de bienes con el fin de repartir las ganancias obtenidas.,
opcion_unica,¿Cuáles son los elementos constitutivos del contrato de sociedad?,Derecho,"El objeto social, la razón social y el domicilio social.","Una aportación social efectuada por cada socio, la intención de obtener beneficios económicos y la división de beneficios y pérdidas entre los socios.","La voluntad de asociarse, la aportación de trabajo y la distribución equitativa de utilidades.","La existencia de un patrimonio común, la administración por un gerente y la responsabilidad limitada de los socios.",,,1,"Una aportación social efectuada por cada socio, la intención de obtener beneficios económicos y la división de beneficios y pérdidas entre los socios.","Los elementos esenciales son la aportación común, el fin lucrativo y el reparto de ganancias y pérdidas.",
opcion_unica,¿Cuáles son las diversas categorías de sociedades civiles?,Derecho,Anónimas y de responsabilidad limitada.,En comandita simple y por acciones.,Universales y particulares.,Cooperativas y mutualistas.,,,2,Universales y particulares.,"Las sociedades civiles se clasifican en universales, que comprenden todos los bienes presentes y futuros, y particulares, que se refieren a bienes determinados.",
opcion_unica,Explique el funcionamiento de la sociedad civil.,Derecho,Los socios responden solidariamente por las deudas sociales y la administración recae en un consejo de administración.,"Los socios son deudores de la sociedad; esta es administrada por un gerente designado en el acta constitutiva o posteriormente. Las obligaciones contraídas por el gerente con terceros son a cargo de la sociedad, y si to…","La sociedad es administrada por un gerente, pero sus actos solo obligan a la sociedad si son autorizados previamente por todos los socios.","La sociedad es administrada por todos los socios en asamblea, y las decisiones se toman por mayoría absoluta.",,,1,"Los socios son deudores de la sociedad; esta es administrada por un gerente designado en el acta constitutiva o posteriormente. Las obligaciones contraídas por el gerente con terceros son a cargo de la sociedad, y si to…","La sociedad civil se administra por un gerente, y sus actos obligan a la sociedad, aunque si todos los socios son gerentes, uno no compromete a los demás sin consentimiento.",
opcion_unica,Diga cómo se disuelve la sociedad.,Derecho,"Por vencimiento del plazo, extinción de la cosa o realización del objeto, muerte natural de un socio, muerte civil, interdicción o bancarrota, voluntad de no continuar, incumplimiento en el pago de aportación, o por cau…","Por la muerte de cualquiera de los socios, pero no por la voluntad de uno solo.","Por el simple transcurso del tiempo, sin necesidad de declaración formal.",Solo por acuerdo unánime de los socios o por resolución judicial.,,,0,"Por vencimiento del plazo, extinción de la cosa o realización del objeto, muerte natural de un socio, muerte civil, interdicción o bancarrota, voluntad de no continuar, incumplimiento en el pago de aportación, o por cau…","La disolución puede ocurrir por múltiples causas, incluyendo plazo, muerte, voluntad de los socios o incumplimiento de aportaciones.",
opcion_unica,Explique cómo se prueba el contrato de sociedad.,Derecho,"Siempre debe constar en escritura pública, independientemente del valor.","No está sujeto a regla particular, pero debe constar por escrito cuando su valor excede los quinientos francos. Al ser sinalagmático, el documento debe hacerse en duplicado o más ejemplares.",Debe inscribirse en el registro público de comercio para tener validez.,"Se prueba únicamente mediante testigos, sin necesidad de documento escrito.",,,1,"No está sujeto a regla particular, pero debe constar por escrito cuando su valor excede los quinientos francos. Al ser sinalagmático, el documento debe hacerse en duplicado o más ejemplares.","El contrato de sociedad se prueba por escrito cuando el valor excede quinientos francos, y se exige duplicado por ser bilateral.",
opcion_unica,Diga el concepto de contrato de mandato.,Derecho,Es un contrato por el cual una persona transfiere la propiedad de un bien a otra para que lo administre.,Es un acuerdo en el que una persona se obliga a prestar un servicio a cambio de un salario.,"Es un contrato en el cual una persona, llamada mandante, encarga a otra, denominada mandatario, la realización de actos jurídicos por cuenta de aquella.",Es un contrato mediante el cual una persona se compromete a pagar una deuda de otra.,,,2,"Es un contrato en el cual una persona, llamada mandante, encarga a otra, denominada mandatario, la realización de actos jurídicos por cuenta de aquella.","El mandato es un contrato de gestión de negocios ajenos, donde el mandatario actúa por cuenta del mandante.",
opcion_unica,¿Cómo puede ser el contrato de mandato?,Derecho,"Puede ser civil o mercantil, pero no gratuito.","Solo a título gratuito, ya que se basa en la confianza.","Solo a título oneroso, pues el mandatario siempre debe recibir una retribución.",A título gratuito u oneroso.,,,3,A título gratuito u oneroso.,"El mandato puede ser gratuito (sin remuneración) u oneroso (con remuneración), según lo pactado.",
opcion_unica,¿Cómo se prueba el mandato?,Derecho,"Puede probarse por cualquier medio, incluso testigos, sin límite de cuantía.",Debe constar por escrito y ser inscrito en el registro público.,"Siempre debe constar en escritura pública, sin importar el monto.","Se aplican las reglas del derecho común; si el objeto es superior a quinientos francos, se requiere documento auténtico o privado.",,,3,"Se aplican las reglas del derecho común; si el objeto es superior a quinientos francos, se requiere documento auténtico o privado.","El mandato se prueba conforme al derecho común, exigiendo documento escrito si el valor excede quinientos francos.",
opcion_unica,¿Cuáles son las condiciones de forma del mandato?,Derecho,"No se requiere voluntad expresa del mandante, solo la tácita del mandatario.",Requiere voluntad expresa tanto del mandante como del mandatario.,Basta la voluntad tácita del mandante y expresa del mandatario.,"Exige voluntad expresa del mandante, pero es suficiente la voluntad tácita del mandatario.",,,3,"Exige voluntad expresa del mandante, pero es suficiente la voluntad tácita del mandatario.","El mandato exige voluntad expresa del mandante, pero la del mandatario puede ser tácita.",
opcion_unica,¿Cuál es la extensión del mandato?,Derecho,"Puede ser general o especial, y abarcar todos los negocios del mandante o solo algunos.","Puede ser general o especial, pero siempre abarca todos los negocios del mandante.","Solo puede ser general, abarcando todos los negocios del mandante.","Solo puede ser especial, limitado a un negocio concreto.",,,0,"Puede ser general o especial, y abarcar todos los negocios del mandante o solo algunos.","El mandato puede ser general o especial, según abarque todos o algunos negocios.",
opcion_unica,¿Cuáles son las facultades del mandatario?,Derecho,Incluyen todos los actos de dominio sin necesidad de indicación expresa.,"Se limitan a actos de administración, salvo que en el título del mandato se indiquen otras.","No tienen límites, el mandatario puede realizar cualquier acto en nombre del mandante.","Se limitan a actos de disposición, salvo que se indiquen actos de administración.",,,1,"Se limitan a actos de administración, salvo que en el título del mandato se indiquen otras.","Las facultades del mandatario se limitan a la administración, salvo que se extiendan expresamente.",
opcion_unica,¿Cuáles son las obligaciones del mandatario?,Derecho,"Cumplir la misión solo si es oneroso, sin responsabilidad en caso de incumplimiento.","Debe cumplir la misión, pero su responsabilidad es igual en mandato gratuito u oneroso.","No está obligado a cumplir la misión, solo a actuar de buena fe.","Cumplir exactamente la misión encomendada, respondiendo por daños y perjuicios; la responsabilidad se aprecia con menos severidad si el mandato es gratuito.",,,3,"Cumplir exactamente la misión encomendada, respondiendo por daños y perjuicios; la responsabilidad se aprecia con menos severidad si el mandato es gratuito.","El mandatario debe cumplir exactamente el encargo y responde por daños, con menor severidad si es gratuito.",
opcion_unica,¿Cuál es el concepto de contrato de préstamo general?,Derecho,"Contrato por el cual una persona (prestatario) entrega a otra (deudor) una cosa individualizada o cosas fungibles, con obligación de restituirla en especie o equivalente al expirar el plazo.","Contrato por el cual una persona transfiere la propiedad de una cosa a otra, sin obligación de restitución.","Contrato por el cual una persona entrega a otra una cosa para su uso, sin obligación de restituirla.","Contrato por el cual una persona entrega a otra una cantidad de dinero, con obligación de restituir solo el capital.",,,0,"Contrato por el cual una persona (prestatario) entrega a otra (deudor) una cosa individualizada o cosas fungibles, con obligación de restituirla en especie o equivalente al expirar el plazo.",El préstamo general implica la entrega de una cosa o fungibles con obligación de restituir en especie o equivalente.,
opcion_unica,¿Cuántas clases de contratos de préstamo existen y cuáles son?,Derecho,"Cuatro: comodato, mutuo, mutuo con interés y préstamo mercantil.","Tres: préstamo de uso o comodato, préstamo de consumo o mutuo, y mutuo con interés.",Solo una: el préstamo de consumo o mutuo.,"Dos: comodato y mutuo, sin incluir el mutuo con interés.",,,1,"Tres: préstamo de uso o comodato, préstamo de consumo o mutuo, y mutuo con interés.","La clasificación tradicional reconoce tres tipos: comodato, mutuo y mutuo con interés.",
opcion_unica,¿Qué es el contrato de préstamo de uso o comodato?,Derecho,"Contrato por el cual se entrega una cosa, pero el comodatario puede quedársela si la usa por cierto tiempo.","Contrato por el cual se transfiere la propiedad de una cosa, con obligación de pagar un precio.","Contrato por el cual una parte entrega a otra una cosa para servirse de ella, con obligación de devolverla después de usarla; es gratuito.","Contrato por el cual se entrega una cosa fungible, con obligación de restituir otra de la misma especie.",,,2,"Contrato por el cual una parte entrega a otra una cosa para servirse de ella, con obligación de devolverla después de usarla; es gratuito.",El comodato es gratuito y obliga a devolver la misma cosa después de usarla.,
opcion_unica,¿Cuál es el concepto de préstamo de consumo o mutuo?,Derecho,"Es un préstamo que recae sobre cosas fungibles, pero la propiedad no se transfiere, solo el uso.","Es un préstamo que recae sobre bienes inmuebles, con obligación de restituir el mismo bien.","Es un préstamo que recae sobre cosas no fungibles, cuya propiedad se transfiere al deudor.","Es un préstamo que recae sobre cosas fungibles, cuya propiedad se transfiere al deudor.",,,3,"Es un préstamo que recae sobre cosas fungibles, cuya propiedad se transfiere al deudor.","En el mutuo, al ser cosas fungibles, se transfiere la propiedad y se debe restituir otro tanto.",
opcion_unica,¿Qué es el contrato de préstamo mutuo con interés?,Derecho,"Es aquel en que el deudor debe restituir solo la cantidad recibida, sin intereses.",Es aquel en que el deudor debe restituir la cantidad recibida más un interés fijado unilateralmente por el acreedor.,"Es aquel en que el deudor debe restituir una cantidad mayor a la recibida, pero sin interés pactado.","Es aquel en que el deudor debe restituir una cantidad igual a la recibida, más el interés legal fijado por las partes.",,,3,"Es aquel en que el deudor debe restituir una cantidad igual a la recibida, más el interés legal fijado por las partes.",El mutuo con interés obliga a restituir el capital más los intereses pactados.,
opcion_unica,¿Cuáles son las características específicas del contrato de préstamo?,Derecho,Es un contrato real y unilateral.,Es un contrato consensual y unilateral.,Es un contrato real y bilateral.,Es un contrato consensual y bilateral.,,,0,Es un contrato real y unilateral.,El préstamo se caracteriza por ser real (se perfecciona con la entrega) y unilateral (genera obligaciones para una sola parte).,
opcion_unica,"En el contrato de comodato, ¿cuáles son las obligaciones del comodatario y las del comodante?",Derecho,El comodatario puede usar la cosa como propia; el comodante debe entregar la cosa y responder por vicios ocultos.,El comodatario adquiere la propiedad de la cosa; el comodante debe pagar los gastos de conservación.,El comodatario debe pagar un precio por el uso; el comodante puede exigir la devolución en cualquier momento.,El comodatario debe velar por la guarda y conservación de la cosa y no usarla más allá de lo convenido; el comodante no puede exigir la devolución antes del plazo.,,,3,El comodatario debe velar por la guarda y conservación de la cosa y no usarla más allá de lo convenido; el comodante no puede exigir la devolución antes del plazo.,"La opción correcta refleja las obligaciones esenciales del comodato: cuidado y uso restringido para el comodatario, y no exigir devolución anticipada para el comodante.",
opcion_unica,¿En qué consiste la constitución de renta?,Derecho,"Es el contrato por el cual una persona (creditrentista) enajena a otra (debirrentista) un capital en dinero, a cambio de una renta periódica.",Es un contrato de compraventa de bienes inmuebles con pago diferido.,Es un contrato de seguro de vida donde se paga una prima única.,Es un contrato de préstamo con interés fijo y devolución del capital en un solo pago.,,,0,"Es el contrato por el cual una persona (creditrentista) enajena a otra (debirrentista) un capital en dinero, a cambio de una renta periódica.","La constitución de renta implica la transmisión de un capital a cambio de pensiones periódicas, como lo establece la definición correcta.",
opcion_unica,¿Qué es el anatocismo?,Derecho,Es el interés que se paga por adelantado en un préstamo.,Es el interés moratorio aplicado por retraso en el pago.,Es la reducción de intereses por pago anticipado.,Es capitalizar los intereses de una suma de dinero para que generen nuevos intereses.,,,3,Es capitalizar los intereses de una suma de dinero para que generen nuevos intereses.,"El anatocismo se define como la capitalización de intereses, es decir, que los intereses no pagados se convierten en capital y producen más intereses.",
opcion_unica,¿Qué es el contrato de depósito?,Derecho,Es un contrato real por el cual se recibe un objeto con la obligación de guardarlo y devolverlo en especie.,Es un contrato en el que el depositario puede usar el bien depositado.,Es un contrato por el cual se transfiere la propiedad de un bien para su custodia.,Es un contrato consensual en el que solo se obliga a cuidar el bien sin necesidad de entrega.,,,0,Es un contrato real por el cual se recibe un objeto con la obligación de guardarlo y devolverlo en especie.,"El depósito es un contrato real porque se perfecciona con la entrega de la cosa, y el depositario debe guardarla y devolverla en especie.",
opcion_unica,¿Cuáles son las obligaciones del depositante y del depositario?,Derecho,"El depositante debe reembolsar gastos, reparar pérdidas y pagar retribución si se pactó; el depositario debe guardar la cosa y no usarla, respondiendo por culpa leve in concreto.",El depositante no tiene obligaciones; el depositario debe devolver la cosa solo si se le pide.,El depositante debe transferir la propiedad; el depositario puede disponer de la cosa.,El depositante debe pagar siempre una retribución; el depositario puede usar la cosa depositada.,,,0,"El depositante debe reembolsar gastos, reparar pérdidas y pagar retribución si se pactó; el depositario debe guardar la cosa y no usarla, respondiendo por culpa leve in concreto.",La opción correcta enumera las obligaciones típicas de ambas partes según el contrato de depósito.,
opcion_unica,¿Qué es el depósito necesario?,Derecho,Es el depósito que se hace sin plazo determinado.,Es el depósito que se hace por mandato judicial.,Es el depósito que se realiza en un banco por seguridad.,Es el depósito que se realiza bajo una necesidad imperiosa para sustraer la cosa de una pérdida inminente.,,,3,Es el depósito que se realiza bajo una necesidad imperiosa para sustraer la cosa de una pérdida inminente.,"El depósito necesario ocurre en circunstancias de emergencia, como incendio o naufragio, donde la cosa se confía a alguien para salvarla.",
opcion_unica,¿Qué es el depósito hotelero?,Derecho,Es el depósito que se hace en un hotel para guardar equipaje por tiempo indefinido.,Es un depósito irregular donde se devuelve el equivalente en dinero.,Es un depósito voluntario donde el hotelero puede usar los bienes del huésped.,"Es la responsabilidad de los posaderos como depositarios de los efectos de los viajeros, considerado depósito necesario.",,,3,"Es la responsabilidad de los posaderos como depositarios de los efectos de los viajeros, considerado depósito necesario.","El depósito hotelero se refiere a la responsabilidad del hotelero por los bienes del huésped, y se considera necesario por la situación de vulnerabilidad del viajero.",
opcion_unica,¿Qué es el depósito irregular?,Derecho,Es el depósito en el que el depositante puede pedir la cosa en cualquier momento.,"Es el contrato en el que el depositario no está obligado a devolver la misma cosa, sino su equivalente en especie y calidad.",Es el depósito en el que el depositario adquiere la propiedad y debe devolver otro tanto de la misma especie.,Es el depósito de bienes fungibles donde se devuelve la misma cosa.,,,1,"Es el contrato en el que el depositario no está obligado a devolver la misma cosa, sino su equivalente en especie y calidad.","En el depósito irregular, el depositario puede consumir la cosa y devolver otra de la misma especie y calidad, como ocurre con el dinero.",
opcion_unica,¿Qué es el contrato de compraventa?,Derecho,Es el contrato por el cual se cede el uso de una cosa a cambio de un precio.,"Es el contrato por el cual el vendedor se obliga a transferir la propiedad de una cosa al comprador, a cambio de un precio en dinero.",Es el contrato por el cual se presta un bien sin costo.,Es el contrato por el cual se intercambia una cosa por otra sin dinero.,,,1,"Es el contrato por el cual el vendedor se obliga a transferir la propiedad de una cosa al comprador, a cambio de un precio en dinero.","La compraventa es un contrato oneroso y traslativo de dominio, donde el precio debe ser en dinero.",
opcion_unica,¿Cuáles son los elementos constitutivos del contrato de compraventa?,Derecho,"Tradición, consentimiento y forma escrita.","Solemnidad, entrega de la cosa y pago del precio.","Consensualismo, transmisión de un derecho real y pago de una prestación en dinero.","Registro público, capacidad legal y objeto lícito.",,,2,"Consensualismo, transmisión de un derecho real y pago de una prestación en dinero.","Los elementos esenciales de la compraventa son el acuerdo de voluntades (consensualismo), la transferencia de dominio y el precio en dinero.",
opcion_unica,¿Qué es la promesa de venta?,Derecho,Es el compromiso de una persona con otra de celebrar una futura venta o de comprar una cosa.,Es la entrega de una cosa a cambio de un precio sin formalidad alguna.,Es un acuerdo verbal para regalar un bien sin contraprestación.,Es un contrato en el que se transfiere la propiedad de un bien de inmediato.,,,0,Es el compromiso de una persona con otra de celebrar una futura venta o de comprar una cosa.,La promesa de venta es un contrato preparatorio en el que las partes se obligan a celebrar un contrato de compraventa futuro.,
opcion_unica,¿Qué es la venta con arras?,Derecho,Es la entrega de una suma de dinero por una de las partes como prueba del contrato o para poder liberarse de él.,Es un tipo de venta en la que el precio se paga a plazos.,Es una cláusula que permite al vendedor recuperar la cosa vendida.,Es un contrato en el que se entrega una cosa como garantía del pago.,,,0,Es la entrega de una suma de dinero por una de las partes como prueba del contrato o para poder liberarse de él.,Las arras son una cantidad entregada que sirve como señal o para permitir el desistimiento del contrato.,
opcion_unica,¿Cuáles son las modalidades de consentimiento en el contrato de venta?,Derecho,"Consentimiento, objeto, causa y forma.","Oferta, aceptación, precio y cosa.","Promesa de venta, arras, venta de cosas que se miden, gustan o prueban, y capacidad en materia de venta.","Venta a plazos, venta con reserva de dominio y venta a prueba.",,,2,"Promesa de venta, arras, venta de cosas que se miden, gustan o prueban, y capacidad en materia de venta.","Las modalidades del consentimiento en la compraventa incluyen la promesa, las arras y las ventas sujetas a prueba o medida.",
opcion_unica,¿En qué consiste la lesión en el contrato de venta?,Derecho,Es el derecho del vendedor a recuperar la cosa si el comprador no paga.,"Es la nulidad del contrato por error, dolo o violencia.",Es la facultad del comprador de exigir una rebaja si el bien tiene vicios ocultos.,"Si el vendedor es lesionado en más de siete doceavas partes del precio de un inmueble, puede pedir la rescisión aunque haya renunciado.",,,3,"Si el vendedor es lesionado en más de siete doceavas partes del precio de un inmueble, puede pedir la rescisión aunque haya renunciado.",La lesión permite al vendedor rescindir la venta si el precio es inferior a siete doceavas partes del valor real del inmueble.,
opcion_unica,¿Cuáles son las obligaciones del vendedor y del comprador en el contrato de venta?,Derecho,El vendedor debe financiar la compra y el comprador debe asegurar el bien.,El vendedor debe entregar y garantizar; el comprador debe pagar el precio y recibir la cosa.,El vendedor debe pagar el precio y el comprador entregar la cosa.,Ambos deben pagar impuestos y registrar el contrato.,,,1,El vendedor debe entregar y garantizar; el comprador debe pagar el precio y recibir la cosa.,"Las obligaciones esenciales son: el vendedor entrega y garantiza, el comprador paga y recibe.",
opcion_unica,¿Qué es la retroventa?,Derecho,Es un contrato en el que el vendedor puede recomprar la cosa a cualquier precio.,"Es la cláusula por la cual el vendedor se reserva recuperar la cosa vendida, restituyendo el precio y ciertos accesorios, en un plazo máximo de cinco años.",Es el derecho del comprador a devolver la cosa si no le satisface.,Es una venta sujeta a la condición de que el vendedor no recupere la cosa.,,,1,"Es la cláusula por la cual el vendedor se reserva recuperar la cosa vendida, restituyendo el precio y ciertos accesorios, en un plazo máximo de cinco años.",La retroventa es un pacto de recompra que permite al vendedor recuperar el bien dentro de un plazo legal.,
opcion_unica,¿En qué consiste la venta de derechos hereditarios?,Derecho,Es la venta de los bienes de una sucesión para pagar deudas del difunto.,"Es la enajenación de la sucesión recibida por una persona a favor de un coheredero o de un tercero, transmitiendo a título universal.","Es la venta de bienes específicos de una herencia, como un inmueble o un auto.",Es la cesión de los derechos de un heredero sobre un bien determinado.,,,1,"Es la enajenación de la sucesión recibida por una persona a favor de un coheredero o de un tercero, transmitiendo a título universal.","La venta de derechos hereditarios implica transmitir la totalidad de la cuota hereditaria, no bienes singulares.",
opcion_unica,¿En qué consiste la licitación?,Derecho,Es un contrato en el que se subasta un bien para pagar deudas del propietario.,Es la partición de una herencia entre los herederos.,Es una venta en subasta de un bien indiviso con el fin de hacer cesar la indivisión.,Es un procedimiento para elegir al mejor postor en la compra de bienes del Estado.,,,2,Es una venta en subasta de un bien indiviso con el fin de hacer cesar la indivisión.,La licitación es una modalidad de venta forzosa para extinguir la copropiedad mediante subasta.,
opcion_unica,¿En qué consisten la cesión y la transmisión de derechos litigiosos?,Derecho,Son lo mismo: transferir un crédito a otra persona sin necesidad de notificar al deudor.,La cesión solo aplica a bienes inmuebles; la transmisión a bienes muebles.,"En la cesión, el deudor puede liberarse pagando al cesionario el precio real de la cesión con gastos e intereses; la transmisión se da cuando hay cuestión judicial sobre el fondo del derecho.","Consisten en vender un derecho que está en disputa judicial, sin limitaciones.",,,2,"En la cesión, el deudor puede liberarse pagando al cesionario el precio real de la cesión con gastos e intereses; la transmisión se da cuando hay cuestión judicial sobre el fondo del derecho.","La cesión permite al deudor pagar al cesionario el precio real de la cesión, y la transmisión se refiere a derechos en litigio.",
opcion_unica,¿Qué es la dación en pago y su relación con la venta?,Derecho,"Es una forma de pago en la que el deudor entrega un bien distinto al debido, sin novación.",Es una venta en la que el precio se cubre con un bien en lugar de dinero.,"Es una novación por cambio de objeto con ejecución inmediata, no una venta, aunque se ha pretendido asimilarla.",Es un contrato de permuta en el que se intercambian bienes.,,,2,"Es una novación por cambio de objeto con ejecución inmediata, no una venta, aunque se ha pretendido asimilarla.","La dación en pago extingue la obligación mediante la entrega de una cosa diferente, constituyendo una novación por cambio de objeto.",
opcion_unica,¿Qué es la permuta?,Derecho,Es un contrato por el cual una parte se obliga a dar una cosa a cambio de un precio en dinero.,Es un contrato por el cual una parte transfiere la propiedad de una cosa a otra a título gratuito.,"Es un contrato por el cual las partes se dan respectivamente una cosa por otra, y se perfecciona por el solo consentimiento.",Es un contrato por el cual las partes se obligan a prestarse servicios recíprocamente.,,,2,"Es un contrato por el cual las partes se dan respectivamente una cosa por otra, y se perfecciona por el solo consentimiento.","La permuta es un contrato en el que hay intercambio de una cosa por otra, sin intervención de dinero, y se perfecciona con el consentimiento.",
opcion_unica,¿Qué es el contrato de arrendamiento?,Derecho,Es un contrato por el cual una persona se obliga a prestar un servicio a otra a cambio de un salario.,Es un contrato por el cual una persona entrega una cosa en depósito para su custodia.,Es un contrato por el cual una persona transfiere la propiedad de un bien a otra a cambio de un precio.,"Es un contrato por el cual una persona se obliga a procurar a otra el goce de una cosa mueble o inmueble, durante un tiempo determinado y mediante un precio proporcional al tiempo.",,,3,"Es un contrato por el cual una persona se obliga a procurar a otra el goce de una cosa mueble o inmueble, durante un tiempo determinado y mediante un precio proporcional al tiempo.",El arrendamiento implica conceder el uso o goce de un bien por tiempo determinado y a cambio de un precio.,
opcion_unica,¿Cómo se prueba el contrato de arrendamiento de cosas?,Derecho,Solo puede probarse mediante testigos que hayan presenciado la celebración del contrato.,"Puede probarse por escrito o verbalmente; en caso verbal, el juramento solo puede deferirse a quien niegue el arrendamiento, y si se ha cumplido parcialmente, se da fe al propietario bajo juramento, salvo que el inquili…",Solo puede probarse mediante contrato escrito inscrito en el Registro Público.,"Solo puede probarse mediante el pago de la renta, que hace prueba plena del contrato.",,,1,"Puede probarse por escrito o verbalmente; en caso verbal, el juramento solo puede deferirse a quien niegue el arrendamiento, y si se ha cumplido parcialmente, se da fe al propietario bajo juramento, salvo que el inquili…","La ley admite prueba escrita o verbal, con reglas especiales para el juramento y el avalúo pericial en caso de controversia.",
opcion_unica,¿Cuál es la duración máxima posible del contrato de arrendamiento de cosas?,Derecho,"Su duración máxima es de 10 años, renovables por voluntad de las partes.","Su duración máxima es de 50 años, prorrogables indefinidamente.","No existe límite legal, las partes pueden fijar la duración que deseen.","Su duración máxima es de 99 años; más allá de este límite, el contrato es absolutamente nulo.",,,3,"Su duración máxima es de 99 años; más allá de este límite, el contrato es absolutamente nulo.","El Código Civil establece un máximo de 99 años para el arrendamiento, y si se excede, el contrato es nulo.",
opcion_unica,¿Cuáles son los efectos del arrendamiento desde el punto de vista de las obligaciones del arrendador?,Derecho,El arrendador debe garantizar la evicción solo si se pacta expresamente.,"El arrendador solo debe entregar la cosa y recibir la renta, sin más obligaciones.","El arrendador debe entregar la cosa en buen estado, hacer las reparaciones necesarias, garantizar contra vicios o defectos que impidan su uso, y procurar el goce pacífico, no perturbando al arrendatario y garantizándolo…","El arrendador debe pagar todos los impuestos y servicios del inmueble, pero no está obligado a reparaciones.",,,2,"El arrendador debe entregar la cosa en buen estado, hacer las reparaciones necesarias, garantizar contra vicios o defectos que impidan su uso, y procurar el goce pacífico, no perturbando al arrendatario y garantizándolo…","El arrendador tiene obligaciones de entrega, conservación, garantía por vicios y de no perturbar el goce pacífico.",
opcion_unica,¿Cuáles son los efectos del arrendamiento desde el punto de vista de las obligaciones del arrendatario?,Derecho,"El arrendatario debe pagar la renta pactada, usar la cosa como administrador diligente conforme a su destino, hacer las reparaciones locales necesarias, vigilar su conservación y restituirla al terminar el arrendamiento.","El arrendatario debe pagar la renta y puede hacer mejoras sin autorización, pero debe restituir la cosa.",El arrendatario debe pagar la renta y no tiene obligación de conservar la cosa.,El arrendatario solo debe pagar la renta y puede usar la cosa como le plazca.,,,0,"El arrendatario debe pagar la renta pactada, usar la cosa como administrador diligente conforme a su destino, hacer las reparaciones locales necesarias, vigilar su conservación y restituirla al terminar el arrendamiento.","El arrendatario tiene obligaciones de pago, uso diligente, conservación y restitución.",
opcion_unica,¿Cuál es la responsabilidad del arrendatario en caso de incendio?,Derecho,"El arrendatario es responsable solo si el incendio fue intencional, no por negligencia.","El arrendatario nunca es responsable del incendio, ya que es un riesgo del propietario.","El arrendatario es responsable solo si el incendio se originó en su propia habitación, nunca solidariamente.","El arrendatario es responsable del incendio, salvo que demuestre que fue causado por caso fortuito, fuerza mayor, vicio de construcción o que provino de casa vecina; si hay varios inquilinos, son solidariamente responsa…",,,3,"El arrendatario es responsable del incendio, salvo que demuestre que fue causado por caso fortuito, fuerza mayor, vicio de construcción o que provino de casa vecina; si hay varios inquilinos, son solidariamente responsa…","La responsabilidad del arrendatario por incendio es la regla, con excepciones por causas ajenas y solidaridad entre inquilinos.",
opcion_unica,¿En qué consiste el subarrendamiento y la cesión de arrendamiento?,Derecho,El subarrendamiento y la cesión están prohibidos en todo contrato de arrendamiento.,"El inquilino puede subarrendar pero no ceder el contrato, salvo pacto en contrario.","El inquilino tiene derecho a subarrendar o ceder el arrendamiento a un tercero, total o parcialmente, siempre que no se le haya privado de esta facultad por cláusula expresa.",El inquilino solo puede subarrendar si obtiene autorización escrita del arrendador en cada caso.,,,2,"El inquilino tiene derecho a subarrendar o ceder el arrendamiento a un tercero, total o parcialmente, siempre que no se le haya privado de esta facultad por cláusula expresa.","El subarrendamiento y la cesión son permitidos al arrendatario, salvo que se haya pactado expresamente su prohibición.",
opcion_unica,¿Cuáles son las causas de terminación del arrendamiento?,Derecho,"El arrendamiento termina por la muerte del arrendatario, sin importar el plazo pactado.",El arrendamiento termina únicamente por sentencia judicial que declare la rescisión.,El arrendamiento solo termina por mutuo acuerdo de las partes.,"El arrendamiento termina de pleno derecho a la expiración del término fijado, cuando se hizo por escrito, sin necesidad de notificar el desahucio.",,,3,"El arrendamiento termina de pleno derecho a la expiración del término fijado, cuando se hizo por escrito, sin necesidad de notificar el desahucio.","La causa principal de terminación es el vencimiento del plazo pactado, operando de pleno derecho.",
opcion_unica,¿Cuál es la naturaleza del derecho de arrendamiento?,Derecho,"Es un contrato consensual, gratuito, bilateral y de ejecución instantánea.","Es un contrato real, oneroso, bilateral y de ejecución diferida.","Es un contrato consensual, a título oneroso, sinalagmático y de cumplimiento sucesivo.","Es un contrato solemne, gratuito, unilateral y de ejecución instantánea.",,,2,"Es un contrato consensual, a título oneroso, sinalagmático y de cumplimiento sucesivo.","El arrendamiento es consensual, oneroso, sinalagmático y de cumplimiento sucesivo, como se desprende de sus características.",
opcion_unica,¿Qué es el arrendamiento enfitéutico?,Derecho,"Es un derecho real de uso y habitación sobre inmueble ajeno, vitalicio e intransferible, regulado expresamente en el Código Civil.","Es un contrato de arrendamiento ordinario con plazo máximo de 10 años, que no puede ser hipotecado ni embargado.","Es un contrato por el cual se da en arrendamiento un inmueble para que el arrendatario lo plante, con duración indefinida y sin posibilidad de cesión.","Es una especie de vinculación inmueble que otorga un derecho de goce sobre cosa ajena a largo plazo (18 a 99 años), cesible, embargable e hipotecable, derivado de un contrato especial; no existe como figura en nuestro C…",,,3,"Es una especie de vinculación inmueble que otorga un derecho de goce sobre cosa ajena a largo plazo (18 a 99 años), cesible, embargable e hipotecable, derivado de un contrato especial; no existe como figura en nuestro C…","La enfiteusis es un derecho de goce a largo plazo sobre inmueble ajeno, con características de cesibilidad, embargabilidad e hipotecabilidad, y no está regulada en el Código Civil mexicano.",
opcion_unica,¿Qué es la aparcería?,Derecho,Es un contrato de trabajo donde el dueño de la tierra paga un salario al trabajador por cuidar animales.,Es un contrato de arrendamiento de bienes inmuebles destinados a la cría de ganado.,Es el contrato por el cual el propietario de animales se obliga a dividir el provecho o disfrute con quien los recibe durante cierto tiempo y por un precio determinado.,Es un contrato de compraventa de animales donde el vendedor se obliga a entregar la cría futura.,,,2,Es el contrato por el cual el propietario de animales se obliga a dividir el provecho o disfrute con quien los recibe durante cierto tiempo y por un precio determinado.,"La aparcería es un contrato asociativo donde el propietario de animales comparte los frutos con quien los cuida, a cambio de un precio o participación.",
opcion_unica,Defina los contratos aleatorios.,Derecho,"Son convenios recíprocos cuyos efectos de pérdidas y beneficios dependen de un suceso incierto; por ejemplo, el contrato de seguro, préstamo a la gruesa, juego y apuesta.","Son contratos que se perfeccionan por la entrega de la cosa, como el mutuo.",Son contratos en los que las partes conocen desde el inicio todas las prestaciones y no dependen de ningún acontecimiento futuro.,"Son contratos unilaterales donde solo una parte se obliga, como la donación.",,,0,"Son convenios recíprocos cuyos efectos de pérdidas y beneficios dependen de un suceso incierto; por ejemplo, el contrato de seguro, préstamo a la gruesa, juego y apuesta.","Los contratos aleatorios se caracterizan por que las prestaciones dependen de un acontecimiento incierto, como en el seguro o la apuesta.",
opcion_unica,Defina el contrato de seguros.,Derecho,Es un contrato de sociedad donde ambas partes aportan capital para obtener ganancias.,Es un contrato de préstamo donde el asegurado recibe una suma fija y la devuelve con intereses.,Es un contrato de depósito donde el asegurador guarda bienes del asegurado.,"Es el contrato por el cual el asegurador promete indemnizar al asegurado una pérdida eventual, mediante el pago de una prima.",,,3,"Es el contrato por el cual el asegurador promete indemnizar al asegurado una pérdida eventual, mediante el pago de una prima.",El contrato de seguro es un contrato aleatorio donde el asegurador se obliga a indemnizar un daño eventual a cambio de una prima.,
opcion_unica,¿Qué se entiende por derecho de familia?,Derecho,Es el conjunto de normas que regulan la herencia y los testamentos.,"Es el conjunto de normas e instituciones jurídicas que regulan las relaciones personales y patrimoniales de los miembros de la familia, entre sí y respecto de terceros, originadas por el matrimonio y el parentesco.","Es la rama del derecho que regula las relaciones entre cónyuges y concubinos, sin incluir a los parientes.",Es el conjunto de normas que regulan exclusivamente los derechos de los niños y adolescentes.,,,1,"Es el conjunto de normas e instituciones jurídicas que regulan las relaciones personales y patrimoniales de los miembros de la familia, entre sí y respecto de terceros, originadas por el matrimonio y el parentesco.","El derecho de familia regula las relaciones jurídicas derivadas del matrimonio, parentesco y adopción, tanto personales como patrimoniales.",
opcion_unica,¿Cuál es el origen del concepto de familia?,Derecho,La familia surge por decisión del Estado para organizar la sociedad.,La familia tiene su origen en el establecimiento de una alianza entre dos o más grupos de descendencia a través del enlace matrimonial entre dos de sus miembros.,La familia surge con la adopción de niños por parte de una pareja sin hijos.,La familia se origina en la convivencia diaria de personas que comparten un mismo techo.,,,1,La familia tiene su origen en el establecimiento de una alianza entre dos o más grupos de descendencia a través del enlace matrimonial entre dos de sus miembros.,"El concepto de familia se origina en la alianza entre grupos mediante el matrimonio, que crea vínculos de parentesco.",
opcion_unica,¿Cuál es la importancia social de la familia?,Derecho,"La familia es la base de la sociedad civil; en ella las personas se crían, educan y forman su carácter, siendo el principal pilar de la sociedad.",La familia es una agrupación temporal que no influye en la educación de los hijos.,La familia es importante únicamente para la transmisión de bienes hereditarios.,"La familia es una institución sin relevancia jurídica, solo social.",,,0,"La familia es la base de la sociedad civil; en ella las personas se crían, educan y forman su carácter, siendo el principal pilar de la sociedad.","La familia es fundamental porque es el núcleo donde se educa y forma a los individuos, constituyendo la base de la sociedad.",
opcion_unica,¿Qué es el contrato de matrimonio?,Derecho,"Es un contrato solemne por el cual un hombre y una mujer se unen jurídicamente con la intención de formar una vida en común, fundar un hogar y ayudarse mutuamente.",Es un acto administrativo unilateral que otorga el Estado a los ciudadanos.,Es un acuerdo privado entre dos personas para convivir sin formalidades legales.,Es un contrato de naturaleza exclusivamente religiosa sin efectos civiles.,,,0,"Es un contrato solemne por el cual un hombre y una mujer se unen jurídicamente con la intención de formar una vida en común, fundar un hogar y ayudarse mutuamente.","El matrimonio es un contrato solemne que crea una comunidad de vida entre un hombre y una mujer, regulado por la ley civil.",
opcion_unica,¿Qué es el parentesco?,Derecho,Es el lazo económico que une a los miembros de una sociedad.,Es el vínculo que existe entre personas que comparten una misma nacionalidad.,Es la relación afectiva que existe entre personas que se quieren.,"Es el vínculo jurídico entre dos personas en razón de la consanguinidad, del matrimonio o de la adopción.",,,3,"Es el vínculo jurídico entre dos personas en razón de la consanguinidad, del matrimonio o de la adopción.","El parentesco es un vínculo jurídico que genera derechos y obligaciones, derivado de la consanguinidad, afinidad o adopción.",
opcion_unica,¿Cuáles son las clases de parentesco?,Derecho,"El parentesco se divide en legítimo e ilegítimo, según el tipo de matrimonio.","El parentesco puede ser por consanguinidad, afinidad o civil, y se computa en base a la línea y grado.",El parentesco solo puede ser por consanguinidad y se mide por el número de apellidos.,"El parentesco se clasifica en directo e indirecto, sin considerar la adopción.",,,1,"El parentesco puede ser por consanguinidad, afinidad o civil, y se computa en base a la línea y grado.","Las clases de parentesco son consanguíneo, por afinidad y civil (adopción), y se determinan por línea y grado.",
opcion_unica,¿Cuáles son las condiciones requeridas para celebrar matrimonio?,Derecho,"Requisitos de edad, consentimiento, disolución del vínculo anterior, y consentimiento o consejo de padres o abuelos en ciertos casos.",El consentimiento de los padres es necesario solo si los hijos son menores de 18 años.,Solo se requiere el consentimiento de los contrayentes y la mayoría de edad.,No se requiere disolución del matrimonio anterior si hay separación de hecho.,,,0,"Requisitos de edad, consentimiento, disolución del vínculo anterior, y consentimiento o consejo de padres o abuelos en ciertos casos.","La respuesta correcta resume los requisitos esenciales: edad mínima, consentimiento libre, no estar casado previamente, y en su caso, consentimiento o consejo de los ascendientes.",
opcion_unica,¿Clasifique y enumere las prohibiciones para la celebración del Matrimonio?,Derecho,"Prohibiciones: no tener trabajo, no tener domicilio fijo, y no haber hecho testamento.","Impedimentos: falta de consentimiento paterno, no haber hecho petición de consejo, y no haber publicado edictos.","Impedimentos dirimentes: parentesco por consanguinidad o adopción, afinidad en línea recta, edad mínima, vínculo matrimonial previo, homicidio doloso, privación de razón, sordomudez sin manifestación de voluntad.","Impedimentos: diferencias de religión, raza o nacionalidad entre los contrayentes.",,,2,"Impedimentos dirimentes: parentesco por consanguinidad o adopción, afinidad en línea recta, edad mínima, vínculo matrimonial previo, homicidio doloso, privación de razón, sordomudez sin manifestación de voluntad.","La respuesta enumera los impedimentos dirimentes que hacen nulo el matrimonio, como el parentesco, la edad y el vínculo previo.",
opcion_unica,Explique en qué consisten las nulidades del matrimonio civil.,Derecho,La nulidad es automática si los cónyuges no conviven dentro del primer año.,La nulidad solo puede ser solicitada por el Ministerio Público y no por los cónyuges.,"La nulidad invalida el matrimonio por vicios como falta de consentimiento libre, error en la persona, minoría de edad no emancipada, o vínculo previo, y puede ser absoluta o relativa.",La nulidad solo procede por falta de publicación de edictos o por no celebrarse ante oficial público.,,,2,"La nulidad invalida el matrimonio por vicios como falta de consentimiento libre, error en la persona, minoría de edad no emancipada, o vínculo previo, y puede ser absoluta o relativa.","La respuesta correcta define la nulidad matrimonial y sus causas principales, distinguiendo entre nulidad absoluta y relativa.",
opcion_unica,¿Cuál es el concepto de régimen matrimonial?,Derecho,Es el conjunto de deberes y obligaciones personales entre los cónyuges.,"Conjunto de normas que regulan las relaciones económicas entre los cónyuges y con terceros, determinando la titularidad y administración de los bienes durante el matrimonio y su disolución.",Es el contrato que regula la custodia de los hijos en caso de divorcio.,Es el acuerdo que establece los derechos sucesorios entre los cónyuges.,,,1,"Conjunto de normas que regulan las relaciones económicas entre los cónyuges y con terceros, determinando la titularidad y administración de los bienes durante el matrimonio y su disolución.",El régimen matrimonial es el estatuto jurídico patrimonial que rige los bienes de los cónyuges y sus relaciones económicas.,
opcion_unica,¿Qué diferencias se pueden establecer entre el matrimonio y el régimen matrimonial?,Derecho,"El matrimonio puede ser modificado por los cónyuges, pero el régimen es inmodificable.","El matrimonio es una institución fija e igual para todos, mientras que el régimen matrimonial es variable y puede ser elegido por los contrayentes.","El matrimonio solo produce efectos personales, mientras que el régimen solo produce efectos patrimoniales.","El matrimonio es un contrato, mientras que el régimen matrimonial es una institución.",,,1,"El matrimonio es una institución fija e igual para todos, mientras que el régimen matrimonial es variable y puede ser elegido por los contrayentes.","La diferencia clave es que el matrimonio es un estado jurídico uniforme, mientras que el régimen patrimonial puede ser pactado.",
opcion_unica,¿Cuáles son las diferentes clases de regímenes matrimoniales que se establecen en nuestra legislación?,Derecho,"Comunidad de gananciales, dote y administración conjunta.","Régimen de mancomunidad, régimen de separación y régimen mixto.","Sociedad conyugal, separación de bienes y participación en ganancias.","Comunidad de bienes muebles y gananciales, comunidad reducida a gananciales, comunidad universal, separación de bienes y régimen dotal.",,,3,"Comunidad de bienes muebles y gananciales, comunidad reducida a gananciales, comunidad universal, separación de bienes y régimen dotal.","La legislación reconoce regímenes de comunidad (legal, reducida a gananciales, universal) y de separación (incluyendo el dotal).",
opcion_unica,¿Qué es el régimen de la comunidad legal de bienes?,Derecho,Es el régimen en que cada cónyuge conserva la propiedad de sus bienes y solo comparten las deudas.,"Es el régimen que se aplica por ley cuando los esposos no pactan otro, y consiste en la comunidad de bienes muebles y gananciales adquiridos durante el matrimonio.",Es el régimen que solo se aplica si los esposos celebran capitulaciones matrimoniales.,Es el régimen en que todos los bienes presentes y futuros de los cónyuges se vuelven comunes.,,,1,"Es el régimen que se aplica por ley cuando los esposos no pactan otro, y consiste en la comunidad de bienes muebles y gananciales adquiridos durante el matrimonio.","La comunidad legal se establece por ministerio de ley al contraer matrimonio sin capitulaciones, abarcando muebles y gananciales.",
opcion_unica,¿Qué se entiende por comunidad legal de bienes a título universal?,Derecho,"Es una comunidad convencional en la que todos los bienes presentes y futuros de los esposos, muebles o inmuebles, forman parte de la masa común, así como todas las deudas.","Es la comunidad que solo incluye los bienes muebles, no los inmuebles.","Es la comunidad que se limita a los bienes adquiridos durante el matrimonio, excluyendo los anteriores.",Es la comunidad que se establece por ley cuando no hay capitulaciones.,,,0,"Es una comunidad convencional en la que todos los bienes presentes y futuros de los esposos, muebles o inmuebles, forman parte de la masa común, así como todas las deudas.","La comunidad universal es un régimen convencional que abarca todos los bienes y deudas, presentes y futuros, de ambos cónyuges.",
opcion_unica,¿Qué es el Régimen dotal?,Derecho,Es el régimen en el que cada cónyuge administra sus propios bienes y no hay aportaciones.,"Es el régimen en el que la mujer aporta una dote al marido para soportar las cargas del matrimonio, y los bienes dotales son administrados por el marido.",Es el régimen en el que el marido entrega una dote a la mujer como garantía de manutención.,Es el régimen en el que ambos cónyuges aportan bienes en partes iguales para formar un patrimonio común.,,,1,"Es el régimen en el que la mujer aporta una dote al marido para soportar las cargas del matrimonio, y los bienes dotales son administrados por el marido.",El régimen dotal se caracteriza por la aportación de la mujer al marido de ciertos bienes para ayudar a las cargas matrimoniales.,
opcion_unica,¿Qué se entiende por régimen de comunidad reducida a los gananciales?,Derecho,"Es un régimen en el que solo los bienes adquiridos durante el matrimonio (gananciales) son comunes, excluyendo los bienes propios y las deudas anteriores.",Es un régimen en el que los cónyuges conservan la administración separada de sus bienes.,"Es un régimen en el que se comparten todos los bienes, pero no las deudas.",Es un régimen en el que solo se comparten los bienes muebles adquiridos durante el matrimonio.,,,0,"Es un régimen en el que solo los bienes adquiridos durante el matrimonio (gananciales) son comunes, excluyendo los bienes propios y las deudas anteriores.","En la comunidad reducida a gananciales, la masa común se limita a las ganancias obtenidas durante el matrimonio, no a los bienes previos.",
opcion_unica,¿Cuáles son las formalidades requeridas para contraer matrimonio bajo el régimen convencional?,Derecho,"La ley regula obligatoriamente todos los aspectos de la sociedad conyugal, sin permitir pactos en contrario.","Los esposos pueden pactar lo que quieran, incluso en contra de las buenas costumbres, si ambos están de acuerdo.",Las convenciones matrimoniales deben ser aprobadas por un juez para tener validez.,"Los esposos pueden pactar las cláusulas que juzguen convenientes, siempre que no sean contrarias a las buenas costumbres y bajo las modificaciones legales.",,,3,"Los esposos pueden pactar las cláusulas que juzguen convenientes, siempre que no sean contrarias a las buenas costumbres y bajo las modificaciones legales.","El artículo 1387 permite a los esposos establecer convenciones especiales, siempre que no contraríen las buenas costumbres y respeten las modificaciones legales.",
opcion_unica,¿Cuáles son las formalidades requeridas para contraer matrimonio bajo el régimen de la comunidad?,Derecho,La comunidad puede comenzar en una fecha anterior al matrimonio si así lo pactan los esposos.,"La comunidad comienza desde la celebración del matrimonio religioso, independientemente del registro civil.","La comunidad, sea legal o convencional, comienza desde el día en que se contrae matrimonio ante el Oficial del Estado Civil, sin posibilidad de estipular otra fecha.",La comunidad comienza únicamente cuando se firma el contrato de capitulaciones matrimoniales.,,,2,"La comunidad, sea legal o convencional, comienza desde el día en que se contrae matrimonio ante el Oficial del Estado Civil, sin posibilidad de estipular otra fecha.",El artículo 1399 establece que la comunidad inicia el día del matrimonio civil y no puede pactarse un inicio distinto.,
opcion_unica,¿Cómo se forma el activo que entra a formar parte de la comunidad legal?,Derecho,Incluye todos los bienes muebles e inmuebles que cada cónyuge poseía antes de casarse.,Se compone únicamente de los bienes inmuebles adquiridos antes del matrimonio.,Solo incluye los bienes adquiridos por herencia o donación durante el matrimonio.,"Se integra con el mobiliario poseído al casarse, los frutos y rentas percibidos durante el matrimonio, y los inmuebles adquiridos durante el mismo.",,,3,"Se integra con el mobiliario poseído al casarse, los frutos y rentas percibidos durante el matrimonio, y los inmuebles adquiridos durante el mismo.","El artículo 1401 detalla que la comunidad activa comprende mobiliario inicial, frutos, rentas e inmuebles adquiridos durante el matrimonio.",
opcion_unica,¿Cómo se constituye el pasivo de la comunidad legal de bienes?,Derecho,Se compone exclusivamente de las deudas personales de cada cónyuge anteriores al matrimonio.,Solo incluye las deudas contraídas por el marido durante el matrimonio.,"Incluye todas las deudas de los cónyuges, incluso las relacionadas con inmuebles propios.","Se forma con las deudas mobiliarias anteriores al matrimonio, las contraídas por ambos cónyuges, y ciertas cargas como alimentos y reparaciones usufructuarias.",,,3,"Se forma con las deudas mobiliarias anteriores al matrimonio, las contraídas por ambos cónyuges, y ciertas cargas como alimentos y reparaciones usufructuarias.","El artículo 1409 enumera las deudas que gravan la comunidad, incluyendo las anteriores al matrimonio y las contraídas por ambos.",
opcion_unica,A cargo de quien se encuentra la administración de los bienes pertenecientes a la comunidad?,Derecho,La administración corresponde a un tercero designado por el juez.,Cada cónyuge administra solo los bienes que aportó a la comunidad.,"Solo el marido tiene la administración, como jefe de la sociedad conyugal.","El marido y la mujer son administradores conjuntos; pueden vender, enajenar o hipotecar con el consentimiento de ambos.",,,3,"El marido y la mujer son administradores conjuntos; pueden vender, enajenar o hipotecar con el consentimiento de ambos.","El artículo 1421, reformado, otorga la administración conjunta a ambos cónyuges, requiriendo consentimiento mutuo para ciertos actos.",
opcion_unica,¿Cuál es la forma en que los esposos contribuyen con las deudas de la comunidad?,Derecho,La comunidad no responde por deudas anteriores al matrimonio de ninguno de los cónyuges.,Los acreedores solo pueden cobrarse de los bienes propios del cónyuge deudor.,"Los esposos nunca pueden pactar la separación de deudas, pues la ley lo prohíbe.","Si pactan separación de deudas, deben rendirse cuentas de las deudas pagadas por la comunidad; los acreedores pueden perseguir el mobiliario no inventariado.",,,3,"Si pactan separación de deudas, deben rendirse cuentas de las deudas pagadas por la comunidad; los acreedores pueden perseguir el mobiliario no inventariado.","Los artículos 1510-1513 regulan la contribución a las deudas, permitiendo pactos de separación y estableciendo responsabilidad de la comunidad en ciertos casos.",
opcion_unica,"¿En qué consiste la aceptación y la renuncia a la comunidad, luego de la disolución del matrimonio?",Derecho,La separación de bienes impide que la mujer pueda ser heredera del marido.,La mujer pierde automáticamente cualquier derecho sobre los bienes del marido.,La disolución por separación extingue todos los derechos sucesorios de la mujer.,"La disolución por separación no da lugar a derechos de supervivencia de la mujer, pero ella puede conservar la facultad de ejercerlos tras la muerte del marido.",,,3,"La disolución por separación no da lugar a derechos de supervivencia de la mujer, pero ella puede conservar la facultad de ejercerlos tras la muerte del marido.","El artículo 1452 establece que la separación no otorga derechos de supervivencia, pero la mujer puede conservar la facultad de ejercerlos después de la muerte del marido.",
opcion_unica,¿Cuáles son los efectos de la aceptación de la comunidad?,Derecho,La aceptación no genera obligación de restituir bienes o sumas a la comunidad.,La aceptación implica que la mujer renuncia a todos sus derechos sobre los bienes.,"La aceptación solo beneficia al marido, quien administra todo sin rendir cuentas.","Tras la aceptación, se divide el activo y se carga el pasivo; los esposos o herederos restituyen lo que deban a la comunidad por recompensas o indemnizaciones.",,,3,"Tras la aceptación, se divide el activo y se carga el pasivo; los esposos o herederos restituyen lo que deban a la comunidad por recompensas o indemnizaciones.",Los artículos 1467-1469 señalan que la aceptación conlleva la partición del activo y la restitución de lo adeudado a la comunidad.,
opcion_unica,¿Cuáles son los efectos de la renuncia a la comunidad?,Derecho,La renuncia solo es válida si se hace antes de la disolución del matrimonio.,La renuncia permite que los hijos de un matrimonio anterior puedan pedir la reducción de la ventaja obtenida por el otro cónyuge si excede el límite legal.,La renuncia no tiene efectos sobre los hijos de matrimonios anteriores.,La renuncia implica que la mujer pierde todo derecho a reclamar alimentos.,,,1,La renuncia permite que los hijos de un matrimonio anterior puedan pedir la reducción de la ventaja obtenida por el otro cónyuge si excede el límite legal.,"El artículo 1496 establece que, aun con renuncia, los hijos de un matrimonio previo pueden solicitar la reducción de ventajas excesivas.",
opcion_unica,"Se puede afirmar que los bienes aportados por los esposos a la comunidad, se pueden gravar, con deudas anteriores al matrimonio?",Derecho,"Sí, siempre se pueden gravar sin restricciones, incluso si hay pacto de separación.","No, nunca se pueden gravar, sin importar las circunstancias.","No, si se pactó separación de deudas, pero la comunidad sí responde por intereses y rentas vencidas desde el matrimonio, y los acreedores pueden perseguir el mobiliario no inventariado.",Solo se pueden gravar si las deudas fueron contraídas por ambos cónyuges.,,,2,"No, si se pactó separación de deudas, pero la comunidad sí responde por intereses y rentas vencidas desde el matrimonio, y los acreedores pueden perseguir el mobiliario no inventariado.","Según los artículos 1512 y 1513, la comunidad puede ser gravada por deudas anteriores si no hay inventario, y siempre responde por intereses y rentas vencidas.",
opcion_unica,¿En qué consiste la facultad que se le concede a la mujer de volver a tomar libre y saldo lo que aportó a la comunidad legal?,Derecho,"La mujer puede estipular que, en caso de renuncia a la comunidad, recobrará todo o parte de lo que hubiere llevado, pero solo respecto de lo aportado al tiempo del matrimonio o después, y no se extiende a los hijos ni a…",La mujer puede recobrar sus aportaciones sin deducir las deudas personales que hayan sido pagadas por la comunidad.,"La facultad de recobrar se extiende a los hijos y a los herederos de la mujer, quienes pueden reclamar los bienes aportados.","La mujer puede recobrar todos los bienes que haya aportado, incluyendo los adquiridos durante el matrimonio, sin limitación alguna.",,,0,"La mujer puede estipular que, en caso de renuncia a la comunidad, recobrará todo o parte de lo que hubiere llevado, pero solo respecto de lo aportado al tiempo del matrimonio o después, y no se extiende a los hijos ni a…","La facultad de recobrar se limita a lo aportado expresamente y no se extiende a otros bienes ni a otras personas, debiendo deducirse las deudas personales pagadas por la comunidad.",
opcion_unica,"Dentro del régimen convencional, ¿en qué consiste la mejora convencional?",Derecho,Es una donación que debe cumplir con las formalidades de las donaciones para ser válida.,"Es la cláusula que autoriza al esposo superviviente a tomar, antes de la partición, cierta suma o ciertos efectos mobiliarios, pero solo si acepta la comunidad, salvo que se haya reservado ese derecho en el contrato de…",La mejora se hace efectiva inmediatamente al disolverse la comunidad por separación personal.,La mejora puede ejercerse sobre los bienes personales del cónyuge difunto sin importar la masa partible.,,,1,"Es la cláusula que autoriza al esposo superviviente a tomar, antes de la partición, cierta suma o ciertos efectos mobiliarios, pero solo si acepta la comunidad, salvo que se haya reservado ese derecho en el contrato de…","La mejora convencional es una estipulación matrimonial que permite al cónyuge superviviente deducir ciertos bienes de la masa partible, condicionada a la aceptación de la comunidad.",
opcion_unica,¿Cuáles son las causas por las cuales se puede asignar a cada uno de los esposos partes desiguales en la comunidad?,Derecho,Las partes desiguales solo pueden establecerse por decisión judicial en caso de divorcio.,La asignación desigual solo es válida si se hace por testamento del cónyuge fallecido.,"Los esposos pueden derogar la partición igual establecida por la ley, ya sea asignando al superviviente o a sus herederos una parte menor de la mitad, una suma fija, o estipulando que toda la comunidad pertenezca a uno…",Los esposos pueden pactar que uno de ellos no responda de las deudas de la comunidad en proporción a su parte.,,,2,"Los esposos pueden derogar la partición igual establecida por la ley, ya sea asignando al superviviente o a sus herederos una parte menor de la mitad, una suma fija, o estipulando que toda la comunidad pertenezca a uno…","La ley permite a los esposos pactar libremente en el contrato de matrimonio la distribución desigual de la comunidad, siempre que no se perjudiquen derechos de terceros.",
opcion_unica,¿Qué es la comunidad a título universal?,Derecho,"Es la comunidad que solo se aplica a los bienes futuros, no a los presentes.","Es la comunidad que abarca todos los bienes de los esposos, tanto muebles como inmuebles, presentes y futuros, o solo los presentes o solo los futuros, según lo pactado en el contrato de matrimonio.","Es la comunidad que se limita a los bienes muebles, excluyendo los inmuebles.","Es la comunidad que solo comprende los bienes adquiridos durante el matrimonio, excluyendo los anteriores.",,,1,"Es la comunidad que abarca todos los bienes de los esposos, tanto muebles como inmuebles, presentes y futuros, o solo los presentes o solo los futuros, según lo pactado en el contrato de matrimonio.","La comunidad universal se refiere a la totalidad del patrimonio de los cónyuges, pudiendo pactarse sobre bienes presentes, futuros o ambos.",
opcion_unica,¿Cuáles son las convenciones que excluyen la comunidad?,Derecho,"La exclusión de la comunidad solo puede darse por decisión judicial, no por convención.",La exclusión de la comunidad se logra adoptando el régimen dotal.,"Las convenciones que excluyen la comunidad son aquellas en las que los cónyuges declaran casarse sin comunidad o separarse de bienes, según lo dispuesto en el artículo 1529.",Los cónyuges pueden excluir la comunidad mediante testamento.,,,2,"Las convenciones que excluyen la comunidad son aquellas en las que los cónyuges declaran casarse sin comunidad o separarse de bienes, según lo dispuesto en el artículo 1529.","El artículo 1529 establece que los cónyuges pueden pactar casarse sin comunidad o separarse de bienes, excluyendo así el régimen de comunidad.",
opcion_unica,¿En qué consisten las cláusulas que estipulan que los esposos se casan sin comunidad?,Derecho,En que los bienes de ambos se fusionan en una masa común administrada por el marido.,En que la mujer puede enajenar sus bienes sin necesidad de autorización del marido.,"En que cada cónyuge conserva la administración y goce de sus bienes, pero el marido tiene el usufructo de los bienes de la mujer, con ciertas obligaciones y limitaciones.","En que la mujer pierde la propiedad de sus bienes, que pasan al marido.",,,2,"En que cada cónyuge conserva la administración y goce de sus bienes, pero el marido tiene el usufructo de los bienes de la mujer, con ciertas obligaciones y limitaciones.","La cláusula de casarse sin comunidad implica que no hay bienes comunes, pero el marido tiene usufructo sobre los bienes de la mujer, con cargas.",
opcion_unica,¿Cuál es el alcance que sobre los bienes de los esposos tiene el régimen de separación de bienes?,Derecho,"La separación de bienes se extiende a todo el patrimonio de los esposos, salvo cláusula contraria en el contrato de matrimonio.",No se extiende a los bienes que cada uno poseía antes del matrimonio.,"Solo se extiende a los bienes muebles, no a los inmuebles.",Solo se extiende a los bienes adquiridos después del matrimonio.,,,0,"La separación de bienes se extiende a todo el patrimonio de los esposos, salvo cláusula contraria en el contrato de matrimonio.","El régimen de separación de bienes abarca todos los bienes presentes y futuros de cada cónyuge, salvo pacto en contrario.",
opcion_unica,"Dentro del régimen de separación de bienes, ¿cómo se administran los bienes de los esposos?",Derecho,"Ambos esposos administran conjuntamente todos los bienes, requiriendo acuerdo para cualquier acto.","Cada esposo conserva la propiedad, administración y goce de sus bienes, pero la mujer no puede enajenar sus inmuebles sin consentimiento del marido o autorización judicial.","El marido administra todos los bienes de ambos, incluyendo los de la mujer.","La mujer administra todos los bienes, incluyendo los del marido.",,,1,"Cada esposo conserva la propiedad, administración y goce de sus bienes, pero la mujer no puede enajenar sus inmuebles sin consentimiento del marido o autorización judicial.","En la separación de bienes, cada cónyuge administra sus propios bienes, pero la mujer tiene restricciones para enajenar inmuebles.",
opcion_unica,"Dentro del régimen de separación de bienes, ¿a cargo de cuál de los esposos se encuentran las deudas contraídas por ellos antes del matrimonio y las deudas contraídas para el sostenimiento del hogar común?",Derecho,"Solo la mujer responde de las deudas del hogar, incluso si el marido es solvente.","El marido responde de sus deudas anteriores y las de la mujer como representante de la unión conyugal; la mujer responde de sus deudas anteriores y, en caso de insolvencia del marido, de las del sostenimiento del hogar.","Solo el marido responde de todas las deudas, incluyendo las personales de la mujer.","Ambos esposos responden solidariamente de todas las deudas, sin distinción.",,,1,"El marido responde de sus deudas anteriores y las de la mujer como representante de la unión conyugal; la mujer responde de sus deudas anteriores y, en caso de insolvencia del marido, de las del sostenimiento del hogar.","La ley distribuye las deudas según su origen: el marido asume las suyas y las de la unión, y la mujer las suyas y las del hogar solo si el marido es insolvente.",
opcion_unica,¿Qué es la transmisión hereditaria?,Derecho,Es la transmisión de bienes por donación en vida.,"Es la sucesión, es decir, la transmisión del patrimonio de una persona a otra en virtud del fallecimiento de la primera, conforme a las reglas del Código Civil.",Es la transmisión de bienes por mandato legal en caso de divorcio.,Es la transmisión de bienes por contrato de compraventa.,,,1,"Es la sucesión, es decir, la transmisión del patrimonio de una persona a otra en virtud del fallecimiento de la primera, conforme a las reglas del Código Civil.","La transmisión hereditaria es la sucesión mortis causa, regulada por el Código Civil, que determina quiénes son los herederos.",
opcion_unica,¿Qué es la transmisión ab intestato?,Derecho,"Es la sucesión que opera por disposición de la ley, sin testamento ni voluntad del difunto, regulada por los artículos 723 al 773 del Código Civil.","Es la sucesión que se realiza mediante testamento, donde el difunto decide la distribución de sus bienes.","Es la sucesión que se da por contrato de matrimonio, donde el cónyuge recibe bienes del difunto.","Es la sucesión que se realiza por donación entre vivos, regulada por el artículo 943 del Código Civil.",,,0,"Es la sucesión que opera por disposición de la ley, sin testamento ni voluntad del difunto, regulada por los artículos 723 al 773 del Código Civil.",La sucesión ab intestato es la que se produce por mandato legal cuando no hay testamento válido.,
opcion_unica,¿Qué es la transmisión testamentaria?,Derecho,"Es la sucesión que se realiza por disposición de la ley, sin necesidad de testamento.","Es la sucesión que se realiza por donación entre vivos, regulada por el artículo 1133 del Código Civil.","Es la sucesión que se efectúa mediante un acto jurídico unilateral, el testamento, donde el difunto expresa su voluntad, regulada por los artículos 967 al 1147 del Código Civil.","Es la sucesión que se efectúa mediante contrato de matrimonio, donde los esposos se heredan mutuamente.",,,2,"Es la sucesión que se efectúa mediante un acto jurídico unilateral, el testamento, donde el difunto expresa su voluntad, regulada por los artículos 967 al 1147 del Código Civil.",La sucesión testamentaria se basa en la voluntad del difunto expresada en un testamento.,
opcion_unica,¿A quién o quiénes se les denomina herederos?,Derecho,Son quienes reciben bienes específicos del difunto a través de un legado.,Son los acreedores del difunto que tienen derecho a cobrar sus deudas de la herencia.,"Son quienes suceden a título universal en todas las relaciones jurídicas transmisibles que deja vacantes el difunto, según el artículo 731 del Código Civil.",Son los parientes colaterales del difunto que reciben bienes por disposición legal.,,,2,"Son quienes suceden a título universal en todas las relaciones jurídicas transmisibles que deja vacantes el difunto, según el artículo 731 del Código Civil.","El heredero es el sucesor a título universal, abarcando activo y pasivo del difunto.",
opcion_unica,¿Cuáles son las condiciones requeridas para suceder?,Derecho,"Existir en el momento de la apertura de la sucesión (art. 725) y no ser indigno, conforme a las causales del artículo 727 del Código Civil.",Ser pariente en línea recta o colateral hasta el cuarto grado.,Haber manifestado voluntad de aceptar la herencia antes del fallecimiento.,Ser mayor de edad y tener capacidad legal para administrar bienes.,,,0,"Existir en el momento de la apertura de la sucesión (art. 725) y no ser indigno, conforme a las causales del artículo 727 del Código Civil.",Para suceder se requiere existir al momento de la muerte y no estar incurso en indignidad.,
opcion_unica,¿Cómo se prueba la supervivencia de quien ha de suceder al de cujus?,Derecho,Se prueba mediante la inscripción en el registro civil de la defunción del heredero.,Se prueba mediante la presentación de un certificado médico de nacimiento.,"Se prueba mediante la existencia de la persona en el momento de la apertura de la sucesión, es decir, al morir el de cujus, conforme al artículo 725 del Código Civil.",Se prueba mediante testigos que declaren que el heredero estaba vivo antes del fallecimiento.,,,2,"Se prueba mediante la existencia de la persona en el momento de la apertura de la sucesión, es decir, al morir el de cujus, conforme al artículo 725 del Código Civil.","La supervivencia se acredita con la existencia al momento de la muerte, según el artículo 725.",
opcion_unica,¿Cuáles son las causas de la indignidad sucesoria?,Derecho,Haber sido declarado en quiebra o insolvencia.,Haber maltratado física o psicológicamente al difunto en vida.,Haber abandonado al difunto en situación de enfermedad grave.,"Ser condenado por asesinato o intento de asesinato del difunto, haber promovido acusación calumniosa, o no denunciar la muerte violenta (art. 727).",,,3,"Ser condenado por asesinato o intento de asesinato del difunto, haber promovido acusación calumniosa, o no denunciar la muerte violenta (art. 727).","Las causales de indignidad están taxativamente en el artículo 727: asesinato, acusación calumniosa y no denuncia de muerte violenta.",
opcion_unica,¿Cuál es el modo o medio de realización de la indignidad?,Derecho,Se requiere una sentencia judicial que declare la indignidad del heredero.,"La indignidad se opera de pleno derecho cuando existe sentencia condenatoria por asesinato, sin necesidad de declaración judicial adicional.",Se necesita que los demás herederos soliciten la exclusión del indigno.,Se produce solo si el testador lo dispuso en su testamento.,,,1,"La indignidad se opera de pleno derecho cuando existe sentencia condenatoria por asesinato, sin necesidad de declaración judicial adicional.",La jurisprudencia sostiene que la indignidad opera de pleno derecho al existir sentencia condenatoria.,
opcion_unica,¿Cuáles son los efectos de la indignidad sucesoria?,Derecho,"El indigno pierde solo los bienes recibidos, pero conserva los frutos.",El indigno puede heredar si el testador lo perdona expresamente.,"El indigno es excluido de la sucesión, debe restituir frutos y rentas, y sus actos de enajenación se anulan retroactivamente.","La indignidad afecta también a los hijos del indigno, quienes no pueden heredar.",,,2,"El indigno es excluido de la sucesión, debe restituir frutos y rentas, y sus actos de enajenación se anulan retroactivamente.","La indignidad excluye al heredero, con efectos retroactivos y obligación de restituir.",
opcion_unica,¿Enumere y defina las dos directivas esenciales que rigen a los llamados por la ley a suceder.,Derecho,La capacidad y la dignidad del heredero.,La representación y la transmisión sucesoria.,El orden: grupos de parientes llamados según preferencia legal; y el grado: proximidad de parentesco medida por generaciones (art. 735).,El testamento y la donación entre vivos.,,,2,El orden: grupos de parientes llamados según preferencia legal; y el grado: proximidad de parentesco medida por generaciones (art. 735).,Las directivas son el orden de llamamiento y el grado de parentesco.,
opcion_unica,¿Cuáles son los diversos órdenes hereditarios establecidos en nuestra legislación?,Derecho,"Cuatro órdenes: descendientes, ascendientes privilegiados y colaterales privilegiados, ascendientes ordinarios y colaterales ordinarios.","Dos órdenes: descendientes y ascendientes, excluyendo colaterales.",Cinco órdenes: incluyendo al cónyuge y al Estado.,"Tres órdenes: hijos, ascendientes y colaterales, sin distinciones.",,,0,"Cuatro órdenes: descendientes, ascendientes privilegiados y colaterales privilegiados, ascendientes ordinarios y colaterales ordinarios.",La doctrina distingue cuatro órdenes hereditarios según el artículo 731 y siguientes.,
opcion_unica,¿A partir de qué momento queda abierta la sucesión?,Derecho,Desde la declaración de ausencia del De Cujus.,Desde la publicación del testamento.,Desde la aceptación de la herencia por los herederos.,"Desde el momento mismo de la muerte del De Cujus, conforme al Art. 718 del Código Civil.",,,3,"Desde el momento mismo de la muerte del De Cujus, conforme al Art. 718 del Código Civil.","La sucesión se abre con la muerte del autor de la herencia, según lo dispuesto en el artículo 718 del Código Civil.",
opcion_unica,¿Cuál es la finalidad del procedimiento cautelar?,Derecho,Determinar la existencia o inexistencia de derechos.,Declarar la certeza de un derecho subjetivo.,Prevenir un daño o peligro.,Ejecutar forzosamente una sentencia.,,,2,Prevenir un daño o peligro.,El procedimiento cautelar busca prevenir un daño o peligro mientras se resuelve el juicio principal.,
opcion_unica,¿Cuál es una finalidad del procedimiento declarativo?,Derecho,Garantizar el cumplimiento de una sentencia.,Prevenir un daño o peligro inminente.,Determinar la existencia o inexistencia de derechos.,Ejecutar coactivamente una obligación.,,,2,Determinar la existencia o inexistencia de derechos.,El procedimiento declarativo tiene como finalidad determinar la existencia o inexistencia de derechos.,
opcion_unica,¿Cuál es una diferencia entre juicios universales y singulares?,Derecho,La posibilidad de impugnar la resolución.,El número de instancias que los conforman.,El contenido patrimonial de las pretensiones litigiosas.,La especialización del juzgador.,,,2,El contenido patrimonial de las pretensiones litigiosas.,"Los juicios universales se distinguen por abarcar la totalidad del patrimonio, mientras que los singulares se refieren a bienes o derechos específicos.",
opcion_unica,¿Cuál es la característica de los procesos uni-instanciales y bi-instanciales?,Derecho,El número de instancias que los conforman.,La materia sobre la que versan.,El contenido patrimonial de las pretensiones.,La especialización del juzgador.,,,0,El número de instancias que los conforman.,La distinción entre procesos uni-instanciales y bi-instanciales radica en el número de instancias o grados de conocimiento.,
opcion_unica,¿Cuál es la característica que determina los procesos en atención a la materia?,Derecho,La cuantía de la demanda.,La especialización del juzgador.,El tipo de resolución que se dicta.,El número de instancias.,,,1,La especialización del juzgador.,"Los procesos se clasifican por materia según la especialización del juzgador, como civil, penal, laboral, etc.",
opcion_unica,"¿Cómo se denominan los procesos en los que, una vez agotadas las etapas que los conforman, no es posible volver a repetirlas?",Derecho,Preclusivos.,Bi-instanciales.,Cautelares.,Declarativos.,,,0,Preclusivos.,"Los procesos preclusivos impiden repetir etapas ya concluidas, garantizando la seguridad jurídica.",
opcion_unica,¿Cómo se denominan los procesos que cuentan con una etapa que permite a la parte vencida inconformarse con la resolución dictada?,Derecho,Bi-instanciales.,Singulares.,Universales.,Preclusivos.,,,0,Bi-instanciales.,Los procesos bi-instanciales permiten una segunda instancia para impugnar la resolución.,
opcion_unica,¿Cuáles son los criterios que sostienen la unidad fundamental del proceso?,Derecho,"Demanda, contestación, audiencia, recurso.","Contenido, finalidad, estructura, impugnación.","Materia, cuantía, instancia, partes.","Acción, excepción, prueba, sentencia.",,,1,"Contenido, finalidad, estructura, impugnación.","La unidad del proceso se sustenta en criterios como contenido, finalidad, estructura e impugnación.",
opcion_unica,"De acuerdo con el doctor Carrasco Soulé, ¿cuáles son los rasgos comunes de todos los procesos?",Derecho,"Materia, cuantía, instancia, partes.","Demanda, contestación, audiencia, recurso.","Acción, excepción, prueba, sentencia.","Contenido, finalidad, estructura, impugnación.",,,3,"Contenido, finalidad, estructura, impugnación.","El doctor Carrasco Soulé identifica como rasgos comunes de todo proceso: contenido, finalidad, estructura e impugnación.",
opcion_unica,¿Cuál es una característica de los procesos con unidad de vista?,Derecho,El juez puede diferir la audiencia sin causa justificada.,Los actos del juicio se realizan en una sola actuación.,Las actuaciones se dividen en varias audiencias.,Cada parte presenta sus pruebas por separado.,,,1,Los actos del juicio se realizan en una sola actuación.,"En los procesos con unidad de vista, todos los actos se concentran en una sola audiencia.",
opcion_unica,¿Es correcto afirmar que la nulidad de cualquier actuación judicial debe reclamarse siempre que se tenga conocimiento de la misma?,Derecho,"Falso, porque el emplazamiento es una excepción a esta regla general.","Verdadero, en todos los casos sin excepción.","Falso, porque solo las sentencias pueden anularse.","Verdadero, pero solo si se reclama antes de la sentencia.",,,0,"Falso, porque el emplazamiento es una excepción a esta regla general.","La regla general es que la nulidad se reclame al conocerla, pero el emplazamiento tiene un tratamiento especial.",
opcion_unica,¿En qué momento puede reclamarse la nulidad del emplazamiento?,Derecho,Únicamente después de dictarse sentencia definitiva.,Exclusivamente en la audiencia de pruebas.,En cualquier tiempo antes de que se dicte sentencia definitiva.,Solo dentro de los tres días siguientes a su realización.,,,2,En cualquier tiempo antes de que se dicte sentencia definitiva.,La nulidad del emplazamiento puede invocarse en cualquier momento previo a la sentencia definitiva.,
opcion_unica,"Según el artículo 70 del Código de Procedimientos Civiles, ¿todas las resoluciones judiciales se denominan autos?",Derecho,"Falso, solo las sentencias se denominan autos.","Verdadero, pero solo en materia civil.","Verdadero, todas son autos.","Falso, se clasifican en decretos, autos, sentencias definitivas e interlocutorias.",,,3,"Falso, se clasifican en decretos, autos, sentencias definitivas e interlocutorias.","El artículo 70 establece una clasificación que incluye decretos, autos y sentencias, por lo que no todas son autos.",
opcion_unica,"Si una parte interrumpe la audiencia con peticiones ajenas al caso, ¿qué debe hacer el juez?",Derecho,Aplazarlas para la siguiente audiencia.,Desecharlas de plano.,Hacerlas constar en acta especial.,Suspender la audiencia para analizarlas.,,,1,Desecharlas de plano.,"El juez debe desechar las peticiones que sean ajenas al asunto, sin necesidad de acta especial.",
opcion_unica,¿Puede el juez decretar que una audiencia se realice en forma privada cuando lo considere conveniente?,Derecho,Únicamente en materia penal.,Solo si las partes lo solicitan de común acuerdo.,"Sí, es una facultad discrecional del juez.","No, todas las audiencias deben ser públicas.",,,2,"Sí, es una facultad discrecional del juez.","La ley permite al juez, si lo estima pertinente, ordenar que la audiencia se desarrolle de manera privada.",
opcion_unica,"Si una actuación judicial afectada de nulidad no se reclama en la actuación subsecuente, ¿qué efecto produce?",Derecho,Puede reclamarse en cualquier tiempo.,Requiere confirmación judicial expresa.,Se anula automáticamente.,Queda revalidada de pleno derecho.,,,3,Queda revalidada de pleno derecho.,"La falta de reclamación oportuna convalida la nulidad, quedando la actuación revalidada.",
opcion_unica,"Si un abogado insulta a otro durante una audiencia, ¿qué facultad tiene el juez?",Derecho,Imponer una multa sin expulsión.,Suspender la audiencia indefinidamente.,Solo llamarle la atención verbalmente.,Corregir la conducta indebida y expulsarlo del juzgado.,,,3,Corregir la conducta indebida y expulsarlo del juzgado.,"El juez puede corregir la conducta indebida y, si es necesario, expulsar al abogado del recinto.",
opcion_unica,¿La notificación personal debe entenderse siempre directamente con el interesado?,Derecho,"Falso, solo con el Ministerio Público.","Falso, puede entenderse con otras personas previo cercioramiento de que viven en el domicilio.","Verdadero, solo con el interesado.","Verdadero, pero solo en materia penal.",,,1,"Falso, puede entenderse con otras personas previo cercioramiento de que viven en el domicilio.","La notificación personal puede realizarse con personas que habiten el domicilio, siempre que el juez se cerciore de ello.",
opcion_unica,¿Cuál es el horario hábil para realizar actuaciones judiciales?,Derecho,De 8:00 a 20:00 horas.,De 7:00 a 19:00 horas.,De 9:00 a 18:00 horas.,De 6:00 a 24:00 horas.,,,1,De 7:00 a 19:00 horas.,"Las horas hábiles son de 7:00 a 19:00 horas, según la ley.",
opcion_unica,¿Qué debe ordenar el juez cuando la notificación del emplazamiento se realiza por adhesión?,Derecho,Que se declare la nulidad de la notificación.,Que se reponga el procedimiento y se notifique personalmente.,Que adicionalmente se realice el emplazamiento por edictos.,"Nada adicional, la notificación por adhesión es suficiente.",,,3,"Nada adicional, la notificación por adhesión es suficiente.","La notificación por adhesión es válida por sí sola, por lo que no se requiere un emplazamiento adicional por edictos.",
opcion_unica,¿Quién puede intentar la conciliación en cualquier etapa del juicio?,Derecho,"Ninguno, la conciliación solo procede antes del juicio.",Tanto el juez como el conciliador.,Solo el conciliador.,"Solo el juez, no el conciliador.",,,3,"Solo el juez, no el conciliador.","La afirmación original es falsa porque la conciliación puede ser intentada por el juez, no exclusivamente por el conciliador.",
opcion_unica,¿Cómo deben ser las audiencias en el juicio?,Derecho,Privadas a petición de parte.,"Públicas, salvo excepciones legales.",Siempre privadas.,Siempre públicas.,,,1,"Públicas, salvo excepciones legales.","Las audiencias son públicas por regla general, pero la ley prevé excepciones, por lo que no siempre deben ser públicas.",
opcion_unica,¿Pueden las partes interrumpir al juez durante las audiencias?,Derecho,"No, deben esperar su turno para hablar.","No, pero pueden interrumpir a la otra parte.","Sí, pero solo para corregir errores del juez.","Sí, cuantas veces lo requieran por cualquier motivo relacionado con el juicio.",,,0,"No, deben esperar su turno para hablar.",Las partes no pueden interrumpir al juez; deben respetar el orden y los turnos establecidos en la audiencia.,
opcion_unica,¿A quién corresponde registrar los datos relativos al inicio y conclusión de las audiencias?,Derecho,Al actuario.,A las partes.,Al secretario.,Al juez.,,,2,Al secretario.,El secretario es el funcionario encargado de dejar constancia del inicio y conclusión de las audiencias.,
opcion_unica,¿Puede el juez utilizar la fuerza pública para reprimir actos de interrupción en la audiencia?,Derecho,"Sí, puede solicitarla para mantener el orden.","No, solo puede llamar la atención verbalmente.","No, debe suspender la audiencia.","Sí, pero solo si las partes lo solicitan.",,,0,"Sí, puede solicitarla para mantener el orden.",El juez tiene facultades para solicitar el auxilio de la fuerza pública con el fin de reprimir interrupciones y mantener el orden.,
opcion_unica,¿Quién debe recibir las declaraciones que se rindan en las audiencias?,Derecho,El actuario.,El secretario.,"El juez, no el secretario.",Cualquier funcionario del tribunal.,,,2,"El juez, no el secretario.","Las declaraciones en las audiencias son recibidas directamente por el juez, no por el secretario.",
opcion_unica,¿Qué procede cuando se impone una corrección disciplinaria en las audiencias?,Derecho,Promover incidente para ser oído en justicia.,Interponer recurso de apelación.,Presentar queja ante el Consejo de la Judicatura.,Solicitar la nulidad de la audiencia.,,,0,Promover incidente para ser oído en justicia.,La persona afectada por una corrección disciplinaria puede promover un incidente para ser oída en justicia.,
opcion_unica,¿Puede el juez imponer de oficio medidas disciplinarias para guardar respeto al tribunal?,Derecho,"No, solo el superior jerárquico puede imponerlas.","Sí, puede hacerlo de manera oficiosa.","Sí, pero solo después de un incidente.","No, solo a petición de parte.",,,1,"Sí, puede hacerlo de manera oficiosa.",El juez tiene la facultad de imponer medidas disciplinarias de oficio para asegurar el respeto al tribunal.,
opcion_unica,¿Pueden los peritos ser objeto de medidas disciplinarias por faltar al respeto al tribunal?,Derecho,"Sí, pueden ser sancionados como cualquier interviniente.","No, solo se les puede multar.","No, porque no son parte en el juicio.","Sí, pero solo si el juez lo decide discrecionalmente.",,,0,"Sí, pueden ser sancionados como cualquier interviniente.","Los peritos, como auxiliares del tribunal, también están sujetos a medidas disciplinarias si faltan al respeto.",
opcion_unica,¿Quién debe presidir los actos de prueba en un juicio?,Derecho,Los peritos,Las partes,Los secretarios,Los jueces,,,3,Los jueces,La ley establece que los jueces deben presidir los actos de prueba.,
opcion_unica,¿En qué idioma deben redactarse los escritos de las partes en un procedimiento judicial?,Derecho,Inglés,Español,Francés,Latín,,,1,Español,El español es el idioma oficial para los escritos judiciales en México.,
opcion_unica,¿Qué documento debe acompañar a los documentos redactados en idioma extranjero para que surtan efectos en un juicio?,Derecho,Legalización,Apostilla,Traducción,Copia certificada,,,2,Traducción,La ley exige que los documentos en idioma extranjero se acompañen de su traducción al español.,
opcion_unica,¿Cómo se corrige un error en una actuación judicial?,Derecho,Borrando la palabra,Colocando una línea sobre la palabra a corregir,Tachando la palabra,Escribiendo la corrección al margen,,,1,Colocando una línea sobre la palabra a corregir,"La corrección se hace colocando una línea sobre la palabra errónea, sin borrarla.",
opcion_unica,¿De qué forma deben incluirse las cantidades en una actuación judicial?,Derecho,Con número y letra,Con letra,Con número,Con clave,,,1,Con letra,Las cantidades deben escribirse con letra para evitar alteraciones.,
opcion_unica,¿Qué tipo de resolución es el auto que admite las pruebas ofrecidas por las partes?,Derecho,De trámite,Definitivas,Preparatorias,Interlocutorias,,,2,Preparatorias,El auto que admite pruebas es una resolución preparatoria porque prepara el juicio.,
opcion_unica,¿Qué principio debe respetarse en todas las resoluciones que dicte el juzgador?,Derecho,Legalidad,Congruencia,Motivación,Imparcialidad,,,1,Congruencia,Toda resolución debe ser congruente con las pretensiones y excepciones planteadas.,
opcion_unica,¿Cómo puede el tribunal subsanar la omisión de resolver todas las peticiones planteadas por el promovente?,Derecho,Reponiendo el procedimiento,Revocando la resolución,Dando nueva cuenta,Declarando la nulidad,,,2,Dando nueva cuenta,El tribunal da nueva cuenta para resolver las peticiones omitidas.,
opcion_unica,¿En qué forma se substancia la reposición de autos cuando se pierden los formados en el tribunal?,Derecho,Incidental,Ordinaria,Especial,Sumaria,,,0,Incidental,La reposición de autos se tramita como incidente dentro del mismo juicio.,
opcion_unica,¿Qué debe hacer el tribunal cuando recibe una promoción frívola o improcedente?,Derecho,Turnarla al ministerio público,Prevenir al promovente,Desecharla,Admitirla,,,2,Desecharla,El tribunal debe desechar las promociones frívolas o improcedentes.,
opcion_unica,¿Cuál es la sanción que afecta a las actuaciones judiciales realizadas sin cumplir las formalidades esenciales establecidas por la ley?,Derecho,Anulabilidad,Caducidad,Inexistencia,Nulidad,,,3,Nulidad,La nulidad es la sanción que priva de efectos jurídicos a los actos procesales que carecen de las formalidades esenciales.,
opcion_unica,¿En qué momento procesal pueden solicitarse los medios preparatorios a juicio?,Derecho,Solo antes de iniciar el juicio,"Antes, durante y después del juicio",Solo una vez iniciado el juicio,"En cualquier etapa del juicio, incluso en segunda instancia",,,0,Solo antes de iniciar el juicio,"Los medios preparatorios tienen como finalidad preparar el juicio, por lo que solo pueden promoverse antes de que este se inicie.",
opcion_unica,¿En qué casos procede la separación de personas como acto prejudicial?,Derecho,Solo cuando se pretende divorciar del otro cónyuge,Cuando se desea demandar a un tercero por daños causados al cónyuge,Cuando se pretende iniciar un juicio sucesorio,Cuando un cónyuge pretende demandar o denunciar al otro cónyuge,,,3,Cuando un cónyuge pretende demandar o denunciar al otro cónyuge,"La separación de personas como acto prejudicial procede cuando un cónyuge necesita demandar o denunciar al otro, no solo en caso de divorcio.",
opcion_unica,¿Qué efecto jurídico tiene el ofrecimiento de pago seguido de la consignación?,Derecho,Hace las veces de pago,Constituye en mora al acreedor,No tiene efecto alguno hasta que el juez lo apruebe,Solo interrumpe la prescripción,,,0,Hace las veces de pago,El ofrecimiento de pago seguido de la consignación libera al deudor y tiene los mismos efectos que el pago efectivo.,
opcion_unica,"¿Qué similitud existe entre el juicio ordinario civil, el juicio ejecutivo civil y el procedimiento arbitral?",Derecho,Todos proceden para reclamar el cumplimiento de obligaciones,Todos requieren de un laudo arbitral,Todos se tramitan en la misma forma,"Ninguna, cada uno tiene reglas y supuestos de procedencia específicos",,,3,"Ninguna, cada uno tiene reglas y supuestos de procedencia específicos","Cada procedimiento tiene sus propias reglas de tramitación y supuestos de procedencia, por lo que no son iguales.",
opcion_unica,¿En qué momento procesal pueden solicitarse las providencias precautorias?,Derecho,Solo después de dictada la sentencia,"Antes de iniciar el juicio, al iniciarlo o una vez iniciado",Únicamente durante la etapa de ejecución,Solo antes de iniciar el juicio,,,1,"Antes de iniciar el juicio, al iniciarlo o una vez iniciado",Las providencias precautorias pueden solicitarse en cualquier momento antes o durante el juicio para asegurar el resultado del mismo.,
opcion_unica,¿Cuándo procede el arraigo de una persona en un juicio?,Derecho,Cuando se teme que el demandado se oculte o se ausente del lugar del juicio sin dejar apoderado instruido y expensado,Cuando el demandado no contesta la demanda,Cuando el demandado es insolvente,Cuando el demandado ha sido declarado rebelde,,,0,Cuando se teme que el demandado se oculte o se ausente del lugar del juicio sin dejar apoderado instruido y expensado,"El arraigo procede para garantizar que el demandado esté a disposición del juicio, evitando su ocultamiento o ausencia sin representación.",
opcion_unica,¿Qué requisito debe cumplir el solicitante de una providencia precautoria?,Derecho,Contar con sentencia favorable previa,Demostrar la insolvencia del demandado,Presentar fianza para garantizar daños y perjuicios,Ofrecer pruebas para acreditar el derecho que tiene para gestionar y la necesidad de esta,,,3,Ofrecer pruebas para acreditar el derecho que tiene para gestionar y la necesidad de esta,El solicitante debe acreditar la apariencia del buen derecho y el peligro en la demora mediante pruebas.,
opcion_unica,¿Qué acto procesal integra la etapa resolutiva del juicio ordinario civil?,Derecho,"La sentencia, como decisión judicial sobre los puntos controvertidos",La audiencia de pruebas,La citación para sentencia,El auto de admisión de la demanda,,,0,"La sentencia, como decisión judicial sobre los puntos controvertidos",La etapa resolutiva culmina con la sentencia que resuelve el fondo del litigio.,
opcion_unica,¿En qué momento procesal se lleva a cabo la audiencia previa y de conciliación?,Derecho,Una vez que el demandado ha contestado la demanda,Solo si no hay contestación a la demanda,Inmediatamente después de admitida la demanda,Antes de que el demandado conteste,,,0,Una vez que el demandado ha contestado la demanda,"La audiencia previa y de conciliación se realiza después de la contestación de la demanda, para depurar el procedimiento y buscar acuerdo.",
opcion_unica,¿Cuál es la finalidad de la audiencia de pruebas y alegatos en el juicio?,Derecho,Ejecutar la sentencia dictada,Fijar la litis del juicio,Dictar la sentencia definitiva,Recibir las pruebas ofrecidas por las partes,,,3,Recibir las pruebas ofrecidas por las partes,"La audiencia de pruebas y alegatos tiene como finalidad recibir las pruebas ofrecidas por las partes, no fijar la litis.",
opcion_unica,¿Cómo se denomina la etapa procesal que comprende desde la demanda hasta la contestación a la reconvención?,Derecho,Etapa probatoria,Etapa expositiva,Etapa conclusiva,Etapa impugnativa,,,1,Etapa expositiva,"La etapa expositiva es la que integra los actos de demanda, emplazamiento, contestación y reconvención.",
opcion_unica,"¿Qué etapa procesal comprende las fases de ofrecimiento, admisión, preparación y desahogo de pruebas?",Derecho,Etapa expositiva,Etapa ejecutiva,Etapa probatoria,Etapa prejudicial,,,2,Etapa probatoria,"La etapa probatoria es la que incluye el ofrecimiento, admisión, preparación y desahogo de pruebas.",
opcion_unica,¿En qué etapa procesal se lleva a cabo la ejecución de la sentencia cuando el condenado no la cumple voluntariamente?,Derecho,Etapa impugnativa,Etapa expositiva,Etapa ejecutiva,Etapa probatoria,,,2,Etapa ejecutiva,"La etapa ejecutiva es la fase donde se ejecuta la sentencia, a cargo del juez, ante el incumplimiento voluntario.",
opcion_unica,¿Cómo se denomina la etapa procesal que se presenta cuando una parte inconforme combate la sentencia a través de recursos ordinarios?,Derecho,Etapa impugnativa,Etapa expositiva,Etapa ejecutiva,Etapa probatoria,,,0,Etapa impugnativa,La etapa impugnativa es la que permite combatir la sentencia mediante recursos ordinarios.,
opcion_unica,¿A qué fase del proceso corresponde la etapa probatoria?,Derecho,Fase prejudicial,Fase postjudicial,Fase conciliatoria,Fase judicial,,,3,Fase judicial,La etapa probatoria se desarrolla dentro de la fase judicial del proceso.,
opcion_unica,¿A qué fase del proceso corresponden los medios provocatorios?,Derecho,Fase postjudicial,Fase judicial,Fase prejudicial,Fase ejecutiva,,,2,Fase prejudicial,"Los medios provocatorios se ubican en la fase prejudicial, previa al juicio.",
opcion_unica,¿Cuál de los siguientes es un requisito para solicitar una diligencia preparatoria?,Derecho,Acreditar la procedencia de la acción,Ofrecer pruebas anticipadas,Señalar el monto de lo reclamado,Expresar el motivo de su necesidad,,,3,Expresar el motivo de su necesidad,Uno de los requisitos para solicitar una diligencia preparatoria es expresar el motivo de su necesidad.,
opcion_unica,¿Qué autoridades son competentes para decretar la separación de personas como acto prejudicial?,Derecho,Jueces penales,Jueces laborales,Jueces de lo familiar,Jueces civiles,,,2,Jueces de lo familiar,Los jueces de lo familiar son los competentes para decretar la separación de personas como medida prejudicial.,
opcion_unica,¿En qué supuesto procede la diligencia de ofrecimiento de pago previa a la consignación?,Derecho,Cuando el pago se ha realizado en moneda extranjera,Cuando el acreedor se rehúsa a otorgar el documento que justifique el pago,Cuando el deudor no tiene capacidad legal para pagar,Cuando el acreedor ha fallecido y no hay representante,,,1,Cuando el acreedor se rehúsa a otorgar el documento que justifique el pago,La diligencia de ofrecimiento de pago procede cuando el acreedor se rehúsa a otorgar el documento que justifique el pago.,
opcion_unica,¿Qué tipo de medida cautelar es el secuestro provisional?,Derecho,Es una medida de aseguramiento de pruebas documentales.,Es una medida cautelar que asegura los bienes objeto de la demanda.,Es una medida de protección a la persona del demandado.,Es una medida de apremio para ejecutar una sentencia.,,,1,Es una medida cautelar que asegura los bienes objeto de la demanda.,El secuestro provisional es una medida cautelar destinada a asegurar los bienes que son materia del juicio.,
opcion_unica,¿Cuándo procede la medida cautelar de arraigo de persona?,Derecho,Procede cuando el actor no tiene bienes suficientes para responder de las costas.,"Procede cuando se teme que el demandado oculte o dilapide los bienes sobre los que recae la demanda, sin que existan otros con los que pueda responder del proceso.",Procede cuando se teme que el demandado se ausente del país sin dejar bienes.,Procede cuando el demandado no tiene domicilio conocido en el lugar del juicio.,,,1,"Procede cuando se teme que el demandado oculte o dilapide los bienes sobre los que recae la demanda, sin que existan otros con los que pueda responder del proceso.","El arraigo de persona se justifica ante el temor fundado de que el demandado oculte o dilapide los bienes materia de la demanda, sin otros con qué responder.",
opcion_unica,¿Es el mandatario judicial una institución procesal idónea para representar al litisconsorcio necesario?,Derecho,Verdadero,"Falso, porque el litisconsorcio necesario solo puede actuar a través de un representante común designado por el juez.","Falso, porque la representación en el litisconsorcio necesario debe ser siempre personal.","Falso, porque el mandatario judicial solo representa a una de las partes, no a todas.",,,0,Verdadero,"El mandatario judicial puede representar a las partes en el litisconsorcio necesario, ya que es una figura idónea para ello.",
opcion_unica,¿Cuál es la regla general sobre la forma de presentación de las demandas?,Derecho,"Por regla general, las demandas se presentan por escrito, y solo por excepción de forma verbal.",Las demandas pueden presentarse indistintamente de forma escrita o verbal.,"Todas las demandas deben presentarse por escrito, sin excepción.","Por regla general, las demandas se presentan de forma verbal, y solo por excepción por escrito.",,,0,"Por regla general, las demandas se presentan por escrito, y solo por excepción de forma verbal.","La regla general es la demanda escrita, siendo la verbal una excepción permitida en ciertos casos.",
opcion_unica,¿Qué papel juegan los documentos fundatorios de la acción en la demanda?,Derecho,Son un requisito material de la demanda.,Son un requisito de procedibilidad.,Son un requisito de oportunidad.,Son un requisito de admisibilidad.,,,0,Son un requisito material de la demanda.,"Los documentos fundatorios de la acción constituyen un requisito material de la demanda, pues sustentan la pretensión.",
opcion_unica,¿Es obligatorio incluir siempre el nombre de la acción que se ejercita en la demanda?,Derecho,"Falso, nunca es necesario mencionar el nombre de la acción.","Falso, cuando se trate de una acción innominada, es suficiente expresar la prestación exigida y la causa.","Verdadero, solo en materia civil es obligatorio.","Verdadero, siempre debe indicarse el nombre de la acción.",,,1,"Falso, cuando se trate de una acción innominada, es suficiente expresar la prestación exigida y la causa.","No siempre es obligatorio, pues en acciones innominadas basta con describir la prestación y la causa.",
opcion_unica,¿Qué tipo de requisito es el domicilio del actor en la demanda?,Derecho,Es un requisito esencial.,Es un requisito de fondo.,Es un requisito de validez.,Es un requisito circunstancial.,,,3,Es un requisito circunstancial.,"El domicilio del actor es un requisito circunstancial, pues su falta no vicia de nulidad la demanda.",
opcion_unica,¿Qué tipo de requisito es el domicilio del demandado en la demanda?,Derecho,Es un requisito accidental.,Es un requisito circunstancial.,Es un requisito de mera formalidad.,Es un elemento esencial de la demanda.,,,3,Es un elemento esencial de la demanda.,El domicilio del demandado es esencial porque permite su localización y el emplazamiento adecuado.,
opcion_unica,¿En toda demanda o contestación debe ofrecerse la prueba testimonial?,Derecho,"Falso, solo se ofrece en juicios orales.","Verdadero, siempre debe ofrecerse la prueba testimonial.","Falso, solo se ofrece cuando la cuantía es elevada.","Falso, solo debe anunciarse proporcionando el nombre de los testigos a quienes consten los hechos.",,,3,"Falso, solo debe anunciarse proporcionando el nombre de los testigos a quienes consten los hechos.","No se ofrece, solo se anuncia, indicando los nombres de los testigos que conocerán los hechos.",
opcion_unica,¿Cómo se clasifican los defectos de la demanda?,Derecho,En subsanables e insubsanables.,En esenciales y accidentales o circunstanciales.,En absolutos y relativos.,En formales y materiales.,,,0,En subsanables e insubsanables.,"Los defectos de la demanda se clasifican en subsanables e insubsanables, según puedan corregirse o no.",
opcion_unica,¿Qué es la demanda en el ámbito procesal?,Derecho,Una potestad o facultad para poner en movimiento al órgano jurisdiccional.,Un acto procesal mediante el cual se ejercita la acción.,Un derecho subjetivo del actor.,Una petición de medidas cautelares.,,,1,Un acto procesal mediante el cual se ejercita la acción.,"La demanda es un acto procesal, no una potestad, pues materializa el ejercicio de la acción.",
opcion_unica,¿Es obligatorio solicitar medidas cautelares en toda demanda?,Derecho,"Sí, para garantizar el resultado del juicio.","No, pero el juez debe ordenarlas de oficio.","Sí, siempre debe solicitarse embargo precautorio o arraigo.","No, solo se solicitan cuando el actor las considera necesarias.",,,3,"No, solo se solicitan cuando el actor las considera necesarias.",Las medidas cautelares son facultativas y solo se piden si el actor las estima pertinentes.,
opcion_unica,¿Cuál es el efecto principal de la presentación de la demanda?,Derecho,Iniciar el cómputo de la prescripción.,Suspender la prescripción.,Extinguir el derecho sustantivo.,Interrumpir la prescripción.,,,3,Interrumpir la prescripción.,"La presentación de la demanda interrumpe la prescripción, según lo establece la ley.",
opcion_unica,¿Cuándo procede la prevención en un juicio?,Derecho,Cuando la demanda tiene defectos subsanables.,Cuando el juez considera que no tiene competencia.,Cuando la demanda cumple todos los requisitos.,Cuando el demandado contesta la demanda.,,,0,Cuando la demanda tiene defectos subsanables.,La prevención se ordena para que el actor corrija deficiencias subsanables de su demanda.,
opcion_unica,¿A cargo de quién está la admisión de la demanda?,Derecho,Del secretario del juzgado.,Del actor.,Del demandado.,Del juez.,,,3,Del juez.,La admisión es un acto jurisdiccional que corresponde al juez.,
opcion_unica,"Al admitir la demanda, ¿qué puede ordenar el juez?",Derecho,"Ninguna medida, solo admite.",Las medidas que estime pertinentes sin limitación.,Medidas cautelares de oficio siempre.,Las medidas solicitadas por el actor si son procedentes.,,,3,Las medidas solicitadas por el actor si son procedentes.,"El juez puede ordenar las medidas que el actor solicite, siempre que sean procedentes para el juicio.",
opcion_unica,¿Qué elemento es fundamental para determinar el tiempo de presentación de la demanda?,Derecho,La preclusión procesal.,La prescripción del derecho sustantivo.,La caducidad de la instancia.,La litispendencia.,,,1,La prescripción del derecho sustantivo.,La prescripción del derecho sustantivo es esencial para saber si aún se puede demandar.,
opcion_unica,"En la Ciudad de México, ¿qué ocurre con la demanda una vez admitida?",Derecho,Puede modificarse solo si el demandado no ha contestado.,Puede modificarse libremente en cualquier momento.,"Por regla general, ya no puede modificarse.",Puede modificarse con autorización del demandado.,,,2,"Por regla general, ya no puede modificarse.","En la jurisdicción de la Ciudad de México, la demanda admitida no puede modificarse, salvo excepciones.",
opcion_unica,¿Qué institución procesal permite al actor modificar su demanda?,Derecho,El desistimiento de la demanda o de la instancia.,La tercería.,La acumulación de autos.,La reconvención.,,,0,El desistimiento de la demanda o de la instancia.,"El desistimiento permite al actor retirar su demanda o instancia, lo que posibilita presentar una nueva.",
opcion_unica,¿Qué debe hacer el juez ante un defecto insubsanable en la demanda?,Derecho,Sobreseer el juicio.,Desecharla.,Prevenir al actor para que lo corrija.,Admitirla y resolver en sentencia.,,,1,Desecharla.,"Si el defecto es insubsanable, el juez debe desechar la demanda.",
opcion_unica,¿Ante qué instancia debe presentarse la demanda en materia civil?,Derecho,Ante la Secretaría de Gobernación.,Ante el Ministerio Público.,Ante el órgano jurisdiccional o juzgado que elija el actor.,Ante la oficialía de partes común del Tribunal Superior de Justicia correspondiente.,,,3,Ante la oficialía de partes común del Tribunal Superior de Justicia correspondiente.,"La demanda debe presentarse ante la oficialía de partes común del Tribunal Superior de Justicia correspondiente, no ante el juzgado elegido por el actor.",
opcion_unica,"¿Qué medida debe ordenar el juez al admitir la demanda, considerada la más importante?",Derecho,La sentencia definitiva.,La audiencia de pruebas.,El aseguramiento de bienes.,El emplazamiento.,,,3,El emplazamiento.,"El emplazamiento es la medida más importante que el juez debe ordenar al admitir la demanda, pues da oportunidad al demandado de contestar.",
opcion_unica,¿Qué documento debe acompañarse forzosamente a toda demanda inicial?,Derecho,El documento base de la acción.,El poder notarial del actor.,El comprobante de pago de derechos.,La copia de identificación oficial.,,,0,El documento base de la acción.,El documento base de la acción es el que acredita la pretensión y debe acompañarse a toda demanda inicial.,
opcion_unica,¿Qué elementos documentales deben ofrecerse en toda demanda inicial para demostrar la personalidad o representación legal del promovente?,Derecho,La identificación oficial del abogado.,El acta de nacimiento del actor.,El contrato social de la empresa.,El poder con el que se acredite la personalidad del apoderado.,,,3,El poder con el que se acredite la personalidad del apoderado.,El poder con el que se acredita la personalidad del apoderado es necesario para demostrar su representación legal.,
opcion_unica,¿Qué elementos debe expresar y aportar el actor en su demanda para probar posteriormente los hechos que relata?,Derecho,El nombre de los testigos que los presenciaron.,Las copias de los documentos.,Las pruebas supervenientes.,Los argumentos jurídicos.,,,0,El nombre de los testigos que los presenciaron.,El actor debe señalar los testigos que presenciaron los hechos para poder probarlos posteriormente.,
opcion_unica,¿Qué medio probatorio puede ofrecerse desde la demanda inicial?,Derecho,La testimonial.,La prueba pericial.,La confesional.,La inspección judicial.,,,2,La confesional.,"La confesional puede ofrecerse desde la demanda inicial, aunque su desahogo ocurra después.",
opcion_unica,"¿Qué elementos materiales, sin finalidad probatoria, deben acompañarse a la demanda?",Derecho,Las copias certificadas de las pruebas.,Copias simples de la demanda y documentos anexos para correr traslado al demandado.,El comprobante de domicilio del actor.,El original del documento base de la acción.,,,1,Copias simples de la demanda y documentos anexos para correr traslado al demandado.,"Las copias simples de la demanda y anexos son necesarias para correr traslado al demandado, sin finalidad probatoria.",
opcion_unica,¿Cómo se denomina la omisión o incumplimiento de requisitos que la ley exige para formular la demanda?,Derecho,Defecto de la demanda.,Falta de acción.,Improcedencia de la vía.,Nulidad de la demanda.,,,0,Defecto de la demanda.,El defecto de la demanda es la omisión o incumplimiento de los requisitos legales para su presentación.,
opcion_unica,¿Qué tipo de defectos de la demanda permiten su enmienda sin modificar su esencia?,Derecho,Relativos.,Absolutos.,Subsanables.,Insubsanables.,,,2,Subsanables.,Los defectos subsanables son aquellos que pueden corregirse sin alterar la esencia de la demanda.,
opcion_unica,¿Qué tipo de defectos de la demanda no permiten su enmienda porque modificarían su esencia y sentido?,Derecho,Insubsanables.,Materiales.,Subsanables.,Formales.,,,0,Insubsanables.,Los defectos insubsanables no pueden corregirse porque cambiarían la esencia y sentido de la demanda.,
opcion_unica,"¿Qué tipo de documentos pueden ofrecerse como prueba después del periodo de ofrecimiento de pruebas, por excepción?",Derecho,Supervenientes,Testimoniales,Documentales públicas,Inspecciones judiciales,,,0,Supervenientes,"Los documentos supervenientes son aquellos que se conocen con posterioridad al periodo de ofrecimiento de pruebas y, por excepción, pueden ofrecerse después.",
opcion_unica,¿Cuál de los siguientes es un ejemplo de elemento esencial en una demanda?,Derecho,Sello del tribunal,Número de expediente,Nombre del abogado,Firma del actor,,,3,Firma del actor,"La firma del actor es un elemento esencial de la demanda, ya que sin ella no se tiene por presentada.",
opcion_unica,¿Cómo se denomina el tipo de emplazamiento que debe realizarse directamente con el interesado?,Derecho,Por edictos,Por adhesión,Personal,Por cédula,,,2,Personal,"El emplazamiento personal se realiza directamente con el interesado, cumpliendo con la formalidad de entregarle copia de la demanda.",
opcion_unica,¿Cuál es la forma de emplazamiento que se realiza mediante publicaciones en periódicos y en el Boletín Judicial?,Derecho,Personal,Por cédula,Edictos,Por adhesión,,,2,Edictos,El emplazamiento por edictos se utiliza cuando se desconoce el domicilio del demandado y se publica en periódicos y boletines oficiales.,
opcion_unica,¿Qué tipo de emplazamiento se realiza cuando se entrega la cédula a una persona que vive en el domicilio del interesado?,Derecho,Personal,Por cédula,Por adhesión,Por edictos,,,1,Por cédula,El emplazamiento por cédula se realiza cuando el interesado no se encuentra y se entrega a una persona que viva en el domicilio.,
opcion_unica,¿Cómo se denomina el emplazamiento que cumple con todos los requisitos exigidos por la ley?,Derecho,Adhesión,Nulo,Legal,Ilegal,,,2,Legal,El emplazamiento legal es aquel que se realiza conforme a todas las formalidades establecidas en la ley.,
opcion_unica,¿Qué nombre recibe el emplazamiento que no cumple con uno o varios requisitos legales?,Derecho,Personal,Válido,Ilegal,Legal,,,2,Ilegal,El emplazamiento ilegal es aquel que omite o incumple algún requisito establecido por la ley.,
opcion_unica,¿Qué documento debe levantar el actuario al realizar un emplazamiento?,Derecho,Oficio,Acuerdo,Acta,Certificación,,,2,Acta,El actuario debe levantar un acta circunstanciada en la que conste cómo se realizó el emplazamiento.,
opcion_unica,¿Cuál es la vía para reclamar la nulidad de un emplazamiento ilegal antes de que se dicte sentencia?,Derecho,Incidental,Juicio de amparo,Recurso de apelación,Denuncia penal,,,0,Incidental,"La nulidad del emplazamiento se tramita como incidente dentro del mismo juicio, antes de la sentencia.",
opcion_unica,¿Cómo se llama el emplazamiento que se realiza fijando los documentos en la puerta del domicilio del demandado?,Derecho,Personal,Por cédula,Por edictos,Por adhesión,,,3,Por adhesión,El emplazamiento por adhesión se realiza fijando la cédula en la puerta del domicilio cuando no se encuentra a nadie que pueda recibirla.,
opcion_unica,¿Con qué artículo constitucional se vincula directamente el emplazamiento?,Derecho,Artículo 22,Artículo 17,Artículo 16,Artículo 14,,,3,Artículo 14,"El emplazamiento se vincula con el artículo 14 constitucional, que establece la garantía de audiencia.",
opcion_unica,"Tratándose de personas morales, ¿con quién debe entenderse el emplazamiento?",Derecho,Gerente,Representante,Apoderado,Socio,,,1,Representante,El emplazamiento a personas morales debe entenderse con su representante legal.,
opcion_unica,¿Es válido que el emplazamiento por cédula se entienda con cualquier persona que viva en el domicilio señalado?,Derecho,Verdadero,"Falso, solo con el encargado","Falso, solo con un pariente","Falso, solo con el interesado",,,0,Verdadero,La ley permite que el emplazamiento por cédula se entienda con cualquier persona que habite en el domicilio.,
opcion_unica,¿Es opcional para el tribunal hacer saber al demandado el emplazamiento por medio de cédula o verbalmente?,Derecho,Solo si el actuario lo decide,Falso,Verdadero,Solo si el demandado lo solicita,,,1,Falso,"El tribunal debe realizar el emplazamiento por cédula, no es opcional.",
opcion_unica,¿Es suficiente que en la cédula de emplazamiento se incluya el nombre de las partes y el nombre de la persona a quien se entrega para que sea legal?,Derecho,Solo si se incluye también la fecha,Solo si se incluye también el juzgado,Verdadero,Falso,,,3,Falso,"La cédula debe contener más requisitos, como la transcripción de la demanda y los documentos.",
opcion_unica,¿Es ilegal el emplazamiento por cédula si se entiende con los parientes del interesado?,Derecho,Falso,Solo si son parientes lejanos,Solo si no viven en el domicilio,Verdadero,,,0,Falso,El emplazamiento por cédula puede entenderse con parientes u otras personas que habiten en el domicilio.,
opcion_unica,"Al realizar el emplazamiento, ¿qué debe entregar el actuario al interesado?",Derecho,Solo la cédula de notificación,"Cédula de notificación, copia de la demanda sellada y cotejada, y copia de los documentos acompañados",Cédula de notificación y copia del acuerdo,Copia de la demanda y del auto inicial,,,1,"Cédula de notificación, copia de la demanda sellada y cotejada, y copia de los documentos acompañados","El actuario debe entregar la cédula, copia de la demanda y copias de los documentos para garantizar el derecho de defensa.",
opcion_unica,"En caso de embargos, ¿puede el ejecutor practicar la diligencia aun cuando no se encuentre el interesado?",Derecho,Falso,Solo si hay testigos,Verdadero,Solo si se deja citatorio,,,0,Falso,"En embargos, se requiere la presencia del interesado o de su representante, salvo casos específicos.",
opcion_unica,¿Es legal el emplazamiento por edictos cuando el actor manifestó bajo protesta de decir verdad que desconocía el domicilio del demandado?,Derecho,Solo si se publican en dos periódicos,Solo si el juez lo autoriza expresamente,Falso,Verdadero,,,3,Verdadero,"La ley permite el emplazamiento por edictos cuando se desconoce el domicilio, previa manifestación bajo protesta.",
opcion_unica,"Al realizar la diligencia de emplazamiento, ¿es optativo para el actuario asentar en el acta los medios por los cuales se cercioró del domicilio?",Derecho,Falso,Verdadero,Solo si el juez lo ordena,Solo si hay testigos,,,0,Falso,El actuario debe asentar en el acta los medios de cercioramiento para dar legalidad al emplazamiento.,
opcion_unica,¿Es ilegal el emplazamiento por adhesión cuando se practica sin la presencia de testigos?,Derecho,Verdadero,Depende del tipo de juicio,Falso,Solo es ilegal si no se deja constancia en acta,,,2,Falso,"El emplazamiento por adhesión es legal sin testigos, siempre que se cumplan los requisitos de ley.",
opcion_unica,"Tratándose de personas morales, ¿con quién puede entenderse el emplazamiento?",Derecho,Con cualquier empleado,Con el apoderado general para actos de administración,Con el gerente de la sucursal,Con su representante legal,,,3,Con su representante legal,La ley permite que el emplazamiento a una persona moral se realice con su representante legal.,
opcion_unica,"Cuando existen dos juicios iguales seguidos ante jueces diferentes, ¿qué juez debe prevalecer según la prevención a favor de quien emplaza?",Derecho,El juez que primero haya admitido la demanda,El juez que primero haya emplazado,El juez que haya prevenido primero,El juez que tenga mayor jerarquía,,,1,El juez que primero haya emplazado,La prevención establece que prevalece el juez que haya realizado el primer emplazamiento.,
opcion_unica,"Una vez que el demandado ha sido emplazado, ¿ante qué juez debe seguir el juicio?",Derecho,El juez que haya conocido primero,El juez que el demandado elija,El juez que lo emplazó,El juez que designe el actor,,,2,El juez que lo emplazó,"El emplazamiento fija la competencia, por lo que el demandado debe seguir el juicio ante el juez que lo emplazó.",
opcion_unica,"Con motivo del emplazamiento, ¿qué debe hacer el demandado ante el juez que lo emplazó?",Derecho,Interponer recurso de apelación,Ofrecer pruebas,Contestar la demanda,Solicitar el cambio de juez,,,2,Contestar la demanda,El emplazamiento tiene como efecto principal que el demandado conteste la demanda.,
opcion_unica,¿A través de qué medio puede reclamarse la nulidad del emplazamiento antes de que se dicte sentencia?,Derecho,Excepción de incompetencia,Recurso de revocación,Incidente de nulidad,Juicio de amparo,,,2,Incidente de nulidad,La nulidad del emplazamiento se reclama mediante un incidente de nulidad antes de la sentencia.,
opcion_unica,¿Cuál es un efecto del emplazamiento aplicable a las obligaciones pecuniarias sin causa de réditos?,Derecho,Originar el interés legal,Interrumpir la prescripción,Constituir en mora al deudor,Generar actualización de la deuda,,,0,Originar el interés legal,El emplazamiento produce el interés legal en obligaciones pecuniarias sin réditos.,
opcion_unica,¿El allanamiento es una forma de concluir el juicio?,Derecho,Falso,Solo si lo acepta el actor,Solo en juicios mercantiles,Verdadero,,,3,Verdadero,El allanamiento del demandado a las pretensiones del actor es una forma de terminación del juicio.,
opcion_unica,¿Las excepciones por su naturaleza se clasifican en procesales y de fondo?,Derecho,Solo en materia penal,Verdadero,Solo en materia civil,Falso,,,1,Verdadero,La clasificación tradicional de las excepciones es en procesales y de fondo.,
opcion_unica,¿La cosa juzgada es un ejemplo de excepción de fondo?,Derecho,Verdadero,Solo cuando la sentencia es favorable,Solo en materia laboral,Falso,,,3,Falso,"La cosa juzgada es una excepción procesal, no de fondo.",
opcion_unica,¿Cuál es la naturaleza jurídica de la defensa en el proceso?,Derecho,Es una excepción dilatoria que suspende el procedimiento.,"Es una simple negación de los hechos o del derecho, no constituye una excepción procesal.",Es una excepción perentoria que extingue la acción.,Es una excepción procesal que impide la continuación del juicio.,,,1,"Es una simple negación de los hechos o del derecho, no constituye una excepción procesal.","La defensa es una simple negación, no una excepción procesal, por lo que no requiere tramitación especial.",
opcion_unica,¿Qué puede reclamar el demandado a través de la reconvención?,Derecho,Prestaciones derivadas de una causa distinta a la demanda principal.,Únicamente la nulidad del procedimiento.,Prestaciones derivadas de la misma causa que motivó la demanda principal.,El pago de costas procesales sin relación con la demanda.,,,2,Prestaciones derivadas de la misma causa que motivó la demanda principal.,La reconvención permite al demandado reclamar al actor prestaciones basadas en la misma causa de la demanda.,
opcion_unica,¿Puede el allanamiento a la demanda sujetarse a condiciones impuestas por el demandado?,Derecho,"Sí, si el actor acepta las condiciones.","Sí, siempre que las condiciones sean razonables.","No, el allanamiento debe ser incondicional.",Solo si se refiere a plazos para el cumplimiento.,,,2,"No, el allanamiento debe ser incondicional.","El allanamiento no puede estar sujeto a condiciones, debe ser puro y simple.",
opcion_unica,¿Cuál es el término legal para contestar la demanda?,Derecho,15 días.,6 días.,10 días.,9 días.,,,3,9 días.,El plazo para contestar la demanda es de 9 días conforme a la ley.,
opcion_unica,¿Cuál es el término para proponer la reconvención?,Derecho,9 días.,10 días.,15 días.,20 días.,,,2,15 días.,El plazo para proponer reconvención es de 15 días.,
opcion_unica,¿Cómo deben tramitarse las excepciones procesales?,Derecho,Solo las dilatorias se tramitan en la vía incidental.,Se tramitan como cuestión de previo y especial pronunciamiento.,Solo las perentorias se tramitan en la vía incidental.,Todas deben tramitarse en la vía incidental.,,,3,Todas deben tramitarse en la vía incidental.,Las excepciones procesales se tramitan en la vía incidental.,
opcion_unica,¿Qué efecto produce la falta de contestación de los hechos de la demanda?,Derecho,Se presumen confesados.,No produce efecto alguno.,Se tienen por negados.,Se tienen por ciertos solo si son afirmativos.,,,0,Se presumen confesados.,La falta de contestación de los hechos da lugar a la presunción de confesión.,
opcion_unica,¿En qué momento debe realizarse el llamamiento a juicio de un tercero?,Derecho,Al contestar la demanda.,"Después de la contestación, dentro de los 5 días.",Antes de la contestación de la demanda.,En cualquier momento antes de la sentencia.,,,0,Al contestar la demanda.,El llamamiento a juicio de un tercero debe hacerse al contestar la demanda.,
opcion_unica,¿Cómo debe notificarse la reconvención al demandado reconvencional?,Derecho,Por edictos.,Por correo certificado.,Por estrados.,Personalmente en su domicilio.,,,3,Personalmente en su domicilio.,La reconvención debe notificarse personalmente en el domicilio del demandado reconvencional.,
opcion_unica,¿Respecto de qué demandas procede el allanamiento?,Derecho,Puede proceder respecto de la demanda principal y de la reconvención.,Solo respecto de la demanda principal.,Solo respecto de la reconvención.,Únicamente respecto de demandas de condena.,,,0,Puede proceder respecto de la demanda principal y de la reconvención.,El allanamiento puede referirse tanto a la demanda principal como a la reconvención.,
opcion_unica,¿Cuál es la regla general respecto al momento de resolución de las excepciones procesales?,Derecho,Deben resolverse en la audiencia de pruebas.,Deben resolverse en la etapa de alegatos.,Deben resolverse en la audiencia previa y de conciliación.,Deben resolverse en la sentencia definitiva.,,,2,Deben resolverse en la audiencia previa y de conciliación.,Las excepciones procesales se resuelven por regla general en la audiencia previa y de conciliación.,
opcion_unica,¿En qué momento procesal se resuelven las excepciones de fondo?,Derecho,En la sentencia definitiva.,En la etapa de alegatos.,En la audiencia previa y de conciliación.,En la audiencia de pruebas.,,,0,En la sentencia definitiva.,Las excepciones de fondo se resuelven al dictar sentencia definitiva.,
opcion_unica,¿Qué implica la rebeldía en el proceso?,Derecho,Una acción activa de las partes para impulsar el proceso.,Una declaración de que las pretensiones son infundadas.,Una inacción o abstención de las partes en la realización de los actos procesales que les corresponden.,Una sanción impuesta por el juez por faltar al respeto.,,,2,Una inacción o abstención de las partes en la realización de los actos procesales que les corresponden.,La rebeldía se define como la inacción o abstención de las partes en realizar los actos procesales que les corresponden.,
opcion_unica,¿Es correcto afirmar que la rebeldía siempre es total?,Derecho,"Falso, puede haber rebeldía parcial.","Verdadero, siempre es total.","Verdadero, pero solo en juicios ejecutivos.","Falso, solo se da en materia penal.",,,0,"Falso, puede haber rebeldía parcial.","La rebeldía puede ser parcial, por lo que la afirmación de que siempre es total es falsa.",
opcion_unica,¿Puede un litigante rebelde comparecer posteriormente en el juicio?,Derecho,"Sí, puede insertarse en el proceso cuando lo decida.",Solo si el juez lo autoriza expresamente.,"No, pierde todo derecho a participar.",Solo si paga una multa.,,,0,"Sí, puede insertarse en el proceso cuando lo decida.",El litigante rebelde puede comparecer en cualquier momento y continuar el juicio en el estado en que se encuentre.,
opcion_unica,"Si un litigante rebelde comparece a juicio, ¿tiene derecho a que se repongan las etapas procesales que se realizaron sin su comparecencia?",Derecho,"No, puede comparecer en el estado en que se encuentre el juicio sin reposición del procedimiento.","Sí, siempre se reponen todas las etapas.","No, pero puede ofrecer pruebas en cualquier momento.","Sí, pero solo si lo solicita dentro de tres días.",,,0,"No, puede comparecer en el estado en que se encuentre el juicio sin reposición del procedimiento.","El rebelde que comparece se incorpora al proceso en el estado en que se encuentre, sin que se repongan las etapas previas.",
opcion_unica,¿Qué efecto tiene la declaración de rebeldía por no contestar la demanda en asuntos que afecten relaciones familiares o de menores?,Derecho,Se aplicará una multa al rebelde.,Se tendrán por no controvertidos los hechos.,Se tendrán por confesados los hechos en sentido negativo.,Se tendrán por confesados los hechos en sentido afirmativo.,,,2,Se tendrán por confesados los hechos en sentido negativo.,"En asuntos de familia o menores, la rebeldía produce confesión ficta en sentido negativo, no afirmativo.",
opcion_unica,¿Cuál es la primera fase que se desahoga en la audiencia previa de conciliación y de excepciones procesales?,Derecho,La resolución de excepciones procesales.,La oferta y admisión de pruebas.,El análisis de la legitimación de las partes.,La conciliación entre las partes.,,,2,El análisis de la legitimación de las partes.,"La audiencia previa inicia con el análisis de la legitimación de las partes, antes de resolver excepciones procesales.",
opcion_unica,¿La excepción de incompetencia puede no resolverse en la audiencia previa de conciliación y de excepciones procesales?,Derecho,Solo si las partes están de acuerdo.,"Falso, siempre debe resolverse en esa audiencia.",Verdadero.,Solo si se trata de incompetencia por territorio.,,,2,Verdadero.,"La excepción de incompetencia puede diferirse y no resolverse en la audiencia previa, por lo que la afirmación es verdadera.",
opcion_unica,¿Quién está a cargo de la audiencia previa de conciliación y de excepciones procesales?,Derecho,El Secretario Conciliador.,El actuario judicial.,El Secretario de Acuerdos.,El juez del conocimiento.,,,0,El Secretario Conciliador.,La audiencia previa de conciliación y de excepciones procesales está a cargo del Secretario Conciliador.,
opcion_unica,¿Qué sucede cuando las partes llegan a un acuerdo en la fase de conciliación?,Derecho,El expediente se envía al Ministerio Público para su ratificación.,El expediente se archiva sin más trámite.,"El expediente debe concluirse en el acto de la audiencia mediante la celebración de un convenio, no turnarse para sentencia.",El expediente se turna para dictar sentencia definitiva.,,,2,"El expediente debe concluirse en el acto de la audiencia mediante la celebración de un convenio, no turnarse para sentencia.","La respuesta correcta es falsa porque el acuerdo en conciliación concluye el asunto mediante convenio, no se turna para sentencia.",
opcion_unica,¿Son recurribles las resoluciones dictadas en la audiencia previa de conciliación y de excepciones procesales?,Derecho,Solo procede el recurso de queja.,Solo procede el recurso de revocación.,"Sí son irrecurribles, no admiten ningún recurso.",No son irrecurribles; procede el recurso de apelación.,,,3,No son irrecurribles; procede el recurso de apelación.,La afirmación es falsa porque dichas resoluciones sí admiten recurso de apelación.,
opcion_unica,¿Quién estudia el asunto y plantea alternativas de solución a las partes en la audiencia previa de conciliación y de excepciones procesales?,Derecho,El actuario judicial.,El defensor de oficio.,"El Juzgado, por conducto del Secretario Conciliador.",El Ministerio Público.,,,2,"El Juzgado, por conducto del Secretario Conciliador.",La afirmación es verdadera porque la ley designa al Secretario Conciliador para esa función.,
opcion_unica,¿Qué efecto jurídico tienen los convenios celebrados en la audiencia previa de conciliación y de excepciones procesales?,Derecho,Requieren ratificación del juez para tener validez.,Tienen fuerza de cosa juzgada.,Pueden ser modificados unilateralmente por cualquiera de las partes.,Son solo un acuerdo entre partes sin efectos legales.,,,1,Tienen fuerza de cosa juzgada.,La afirmación es verdadera porque los convenios aprobados judicialmente adquieren autoridad de cosa juzgada.,
opcion_unica,¿Dentro de qué plazo debe celebrarse la audiencia previa de conciliación y de excepciones procesales?,Derecho,Dentro de los cinco días siguientes a la contestación.,Dentro de los diez días siguientes al auto que tenga por contestada la demanda.,Dentro de los quince días siguientes a la contestación.,Dentro de los veinte días siguientes a la contestación.,,,1,Dentro de los diez días siguientes al auto que tenga por contestada la demanda.,La afirmación es verdadera porque el plazo legal es de diez días.,
opcion_unica,¿Cuándo deben resolverse las cuestiones relativas a la legitimación procesal?,Derecho,Una vez concluida la conciliación.,En la audiencia de juicio.,"Deben resolverse en la primera fase de la audiencia, antes de la conciliación.",Al momento de dictar sentencia.,,,2,"Deben resolverse en la primera fase de la audiencia, antes de la conciliación.",La afirmación es falsa porque la legitimación procesal se examina al inicio de la audiencia.,
opcion_unica,¿Quién debe aprobar el convenio al que lleguen las partes en la fase de conciliación?,Derecho,"Ninguno, el convenio no requiere aprobación.",El juez.,El Ministerio Público.,El secretario conciliador.,,,1,El juez.,La afirmación es verdadera porque el convenio requiere aprobación judicial para ser válido.,
opcion_unica,¿Qué principio procesal exige que las pruebas se practiquen en audiencia pública?,Derecho,Inmediación.,Adquisición.,Publicidad.,Contradicción.,,,2,Publicidad.,El principio de publicidad establece que las audiencias y pruebas son públicas.,
opcion_unica,"¿Cómo se denomina el principio que permite a las partes intervenir en el ofrecimiento, preparación y desahogo de cada prueba?",Derecho,Inmediación.,Publicidad.,Contradicción.,Adquisición.,,,2,Contradicción.,El principio de contradicción garantiza la participación de las partes en la actividad probatoria.,
opcion_unica,"¿Qué principio de la prueba establece que la actividad probatoria no pertenece a quien la realiza, sino que se considera propia del proceso?",Derecho,Inmediación.,Publicidad.,Contradicción.,Adquisición.,,,3,Adquisición.,"El principio de adquisición implica que las pruebas benefician o perjudican a ambas partes, no solo a quien las ofrece.",
opcion_unica,"¿A través de qué medio es posible la demostración de un hecho falso o verdadero, relevante para el derecho procesal y con consecuencias perjudiciales para las partes?",Derecho,Audiencia,Demanda,Sentencia,Prueba procesal,,,3,Prueba procesal,La prueba procesal es el medio para demostrar los hechos en juicio.,
opcion_unica,"Para el derecho procesal, ¿qué es un medio determinado por una hipótesis o un hecho, así como por un fin que es verificar la hipótesis o acreditar el hecho?",Derecho,Alegato,Prueba,Recurso,Notificación,,,1,Prueba,La prueba es el medio para verificar hipótesis o acreditar hechos.,
opcion_unica,"Por regla general, quien afirma está obligado a probar, de lo que se infiere que ¿quién no está obligado a probar?",Derecho,Quien contradice,Quien demanda,Quien niega,Quien excepciona,,,2,Quien niega,"El que niega no tiene la carga de probar, salvo excepciones.",
opcion_unica,La carga de la prueba se invierte en los casos en que ¿quién también está obligado a probar?,Derecho,Quien demanda,Quien niega,Quien afirma,Quien reconviene,,,1,Quien niega,"En ciertos casos, quien niega debe probar, invirtiéndose la carga.",
opcion_unica,¿Qué hecho que implica la afirmación de otro hecho debe ser probado?,Derecho,Hecho presumido,Hecho negativo,Hecho notorio,Hecho positivo,,,1,Hecho negativo,El hecho negativo que afirma otro hecho debe probarse.,
opcion_unica,Las diligencias probatorias que ordene el juez tienen como finalidad principal ¿qué?,Derecho,Satisfacer a las partes,Alargar el proceso,Conocer la verdad de los hechos controvertidos,Cumplir formalidades,,,2,Conocer la verdad de los hechos controvertidos,El juez ordena diligencias para conocer la verdad de los hechos.,
opcion_unica,El sistema de la sana crítica está basado en ¿qué?,Derecho,La intuición y la costumbre,La lógica y la experiencia,La ley y la jurisprudencia,La equidad y la moral,,,1,La lógica y la experiencia,La sana crítica se apoya en la lógica y la experiencia del juzgador.,
opcion_unica,El juez tiene la facultad de decretar en cualquier momento ¿qué de cualquier diligencia probatoria?,Derecho,La modificación y revocación,La suspensión y cancelación,La anulación y repetición,La práctica y ampliación,,,3,La práctica y ampliación,El juez puede ordenar la práctica y ampliación de diligencias probatorias.,
opcion_unica,La carga de la prueba se distribuye entre ¿quiénes?,Derecho,El juez y las partes,Los testigos y peritos,Las partes,El ministerio público y el acusado,,,2,Las partes,La carga probatoria recae sobre las partes del proceso.,
opcion_unica,En atención al principio de ¿qué? las pruebas se deben practicar en audiencia pública.,Derecho,Concentración,Contradicción,Publicidad,Inmediación,,,2,Publicidad,El principio de publicidad exige que las pruebas se practiquen en audiencia pública.,
opcion_unica,"¿Cuál es el principio de la prueba que consiste en que cada prueba se debe realizar otorgando a las partes la oportunidad de intervenir en su ofrecimiento, preparación y desahogo?",Derecho,Adquisición,Inmediación,Publicidad,Contradicción,,,3,Contradicción,El principio de contradicción garantiza que las partes puedan intervenir en todas las etapas de la prueba.,
opcion_unica,"¿De acuerdo con el principio de _______________ de la prueba, la actividad probatoria no pertenece a quien la realiza, sino que se considera propia del proceso?",Derecho,Concentración,Inmediación,Adquisición,Contradicción,,,2,Adquisición,"El principio de adquisición establece que la prueba una vez aportada al proceso, ya no pertenece a la parte que la ofreció, sino al proceso mismo.",
opcion_unica,¿Cómo se denomina el imperativo o gravamen que recae sobre las partes para acreditar sus hechos de acuerdo a su propio interés?,Derecho,Principio de inmediación,Principio de contradicción,Carga de la prueba,Principio de adquisición,,,2,Carga de la prueba,La carga de la prueba es la facultad y el gravamen que tienen las partes de demostrar los hechos que alegan.,
opcion_unica,"En un juicio, ¿entre qué sujetos se distribuye la carga de la prueba?",Derecho,Peritos y testigos,Juez y secretario,Ministerio Público y defensor,Actor y demandado,,,3,Actor y demandado,La carga de la prueba se distribuye entre las partes del juicio: el actor y el demandado.,
opcion_unica,"Según el doctor Carrasco Soule, ¿cuáles son las razones que justifican la distribución de la carga de la prueba entre las partes?",Derecho,Interés y necesidad,Facilidad y proximidad,Justicia y equidad,Oportunidad e igualdad,,,3,Oportunidad e igualdad,El doctor Carrasco Soule sostiene que la distribución de la carga de la prueba se justifica por razones de oportunidad e igualdad entre las partes.,
opcion_unica,"Conforme a la regla general en materia probatoria, ¿qué tipo de hechos deben ser probados?",Derecho,Presuntos,Notorios,Negativos,Positivos,,,3,Positivos,"La regla general establece que solo los hechos positivos deben ser probados, es decir, aquellos que afirman la existencia de algo.",
opcion_unica,La inversión de la carga de la prueba consiste en que también deben probarse los hechos de tipo:,Derecho,Imposibles,Notorios,Negativos,Positivos,,,2,Negativos,"La inversión de la carga de la prueba implica que, en ciertos casos, los hechos negativos también deben ser probados por la parte que los alega.",
opcion_unica,¿Cuál de los siguientes es un ejemplo de inversión de la carga de la prueba?,Derecho,Incumplimiento de contrato,Daño causado por cosa propia,Desconocimiento de la capacidad,Pago de deuda,,,2,Desconocimiento de la capacidad,El desconocimiento de la capacidad es un ejemplo de inversión de la carga de la prueba porque corresponde a quien lo alega demostrar la falta de capacidad.,
opcion_unica,"¿Qué principio procesal implica que el juez debe dirigir, sin mediación de nadie, la producción de la prueba?",Derecho,Contradicción,Concentración,Inmediatez,Publicidad,,,2,Inmediatez,"El principio de inmediación exige que el juez tenga contacto directo con las pruebas y las partes, sin intermediarios.",
opcion_unica,¿Cómo se denomina la disciplina que estudia las normas que regulan la actividad demostrativa en el proceso?,Derecho,Derecho procesal,Derecho sustantivo,Derecho penal,Derecho probatorio,,,3,Derecho probatorio,El derecho probatorio es la rama del derecho que se encarga del estudio de las normas que regulan la prueba en el proceso.,
opcion_unica,¿En qué sentido de la carga de la prueba las partes asumen la carga de probar los hechos constitutivos de sus pretensiones?,Derecho,Formal,Subjetivo,Material,Objetivo,,,1,Subjetivo,"En el sentido subjetivo, la carga de la prueba se refiere a la facultad y obligación de las partes de probar los hechos que sustentan sus pretensiones.",
opcion_unica,"¿Qué sentido de la carga de la prueba implica que, por regla general, solo el que afirma tiene la carga de probar?",Derecho,Formal,Procesal,Objetivo,Subjetivo,,,2,Objetivo,"El sentido objetivo de la carga de la prueba establece reglas de juicio para el juez, indicando que quien afirma debe probar.",
opcion_unica,¿Los hechos confesados deben ser ratificados mediante la prueba respectiva?,Derecho,Solo si son negativos,Verdadero,Falso,Depende del tipo de juicio,,,2,Falso,"Los hechos admitidos o confesados por las partes no requieren ser probados, por lo que la afirmación es falsa.",
opcion_unica,¿En todos los casos solo los hechos afirmativos son los que deben ser probados?,Derecho,Falso,Solo en materia civil,Verdadero,Depende del monto del juicio,,,0,Falso,"Por regla general los hechos positivos son objeto de prueba, pero existen excepciones donde los hechos negativos también deben probarse.",
opcion_unica,¿Deben probarse aun los hechos que no tienen relación con la litis para un mejor conocimiento de la verdad?,Derecho,Verdadero,Solo si son notorios,Solo si las partes lo ofrecen,Falso,,,3,Falso,"Solo los hechos materia de prueba y litigiosos pueden ser probados, no los que no tienen relación con la litis.",
opcion_unica,"Cuando se invoca derecho extranjero, ¿corresponde a las partes acreditar al juez el texto, su vigencia, sentido y alcance legal?",Derecho,Falso,Verdadero,Solo si el juez lo solicita,Solo en materia mercantil,,,0,Falso,"Desde 1988, las partes están relevadas de probar el derecho extranjero; corresponde al juez informarse de su existencia y contenido.",
opcion_unica,¿La jurisprudencia está sujeta a prueba?,Derecho,Solo si es contradictoria,Falso,Verdadero,Solo en amparo,,,2,Verdadero,"La jurisprudencia es obligatoria y conocida por los tribunales, por lo que no requiere prueba.",
opcion_unica,"En cualquier proceso, el conflicto o litigio puede recaer sobre estos aspectos:",Derecho,"Hechos, derecho y pruebas",Solo derecho,Hechos o derecho,Solo hechos,,,2,Hechos o derecho,El litigio puede versar sobre cuestiones de hecho o de derecho.,
opcion_unica,"De acuerdo con la doctrina, los hechos que las partes argumentan en sus escritos de demanda y contestación se clasifican en:",Derecho,Positivos y negativos,Simples y complejos,Afirmaciones y negaciones,Constitutivos e impeditivos,,,2,Afirmaciones y negaciones,La doctrina clasifica los hechos alegados en afirmaciones y negaciones.,
opcion_unica,"¿Qué tipo de hechos derivan de la existencia, modificación o extinción de una voluntad concreta de la ley?",Derecho,Voluntarios,Jurídicos,Naturales,Humanos,,,1,Jurídicos,"Los hechos jurídicos son aquellos que producen efectos de crear, modificar o extinguir derechos y obligaciones.",
opcion_unica,¿Qué tipo de hechos sirven de puente para acreditar la existencia de un hecho jurídico?,Derecho,Hechos notorios,Hechos controvertidos,Hechos simples,Hechos imposibles,,,2,Hechos simples,"Los hechos simples son aquellos que, aunque no son jurídicos en sí mismos, sirven como base para acreditar la existencia de un hecho jurídico.",
opcion_unica,"Cuando una de las partes se conforma con el hecho argumentado por su contraparte, ¿qué tipo de hechos se configura que no requieren ser probados?",Derecho,Hechos simples,Hechos presumidos,Hechos notorios,Hechos confesados,,,3,Hechos confesados,"Los hechos confesados son aquellos en los que una parte admite los hechos alegados por la otra, por lo que no requieren prueba.",
opcion_unica,"Cuando las partes no coinciden en la forma de existencia de un determinado hecho, ¿qué tipo de hechos se originan?",Derecho,Hechos simples,Hechos confesados,Hechos notorios,Hechos controvertidos,,,3,Hechos controvertidos,"Los hechos controvertidos son aquellos sobre los cuales las partes tienen versiones distintas, por lo que deben ser probados.",
opcion_unica,"Según el doctor Cipriano Gómez Lara, ¿sobre qué elementos recae el objeto de la prueba, permitiendo hablar de hechos positivos y negativos?",Derecho,Hechos positivos y negativos,Hechos jurídicos y simples,Hechos notorios y públicos,Hechos controvertidos y confesados,,,1,Hechos jurídicos y simples,"El objeto de la prueba recae sobre hechos jurídicos y simples, que pueden ser positivos o negativos.",
opcion_unica,"¿El acreditamiento de qué tipo de hechos permite acreditar la acción o, en su caso, la excepción?",Derecho,Hechos confesados y presumidos,Hechos simples y notorios,Hechos jurídicos y controvertidos,Hechos positivos y negativos,,,2,Hechos jurídicos y controvertidos,Los hechos jurídicos y controvertidos son los que deben probarse para sustentar la acción o la excepción.,
opcion_unica,"De acuerdo con el artículo 286 del Código de Procedimientos Civiles para el Distrito Federal, ¿qué tipo de hechos no requieren ser probados?",Derecho,Hechos simples,Hechos imposibles,Hechos controvertidos,Hechos notorios,,,3,Hechos notorios,Los hechos notorios son aquellos que son de conocimiento público y por ello no requieren prueba.,
opcion_unica,"De acuerdo con el artículo 298 del Código de Procedimientos Civiles para el Distrito Federal, ¿respecto de qué tipo de hechos no es admisible la prueba?",Derecho,Hechos imposibles,Hechos confesados,Hechos notorios,Hechos simples,,,0,Hechos imposibles,Los hechos imposibles no pueden ser probados porque son jurídicamente o físicamente imposibles.,
opcion_unica,"En el procedimiento probatorio, ¿los plazos para realizar los actos procesales que corresponden a las partes son determinados por las propias partes?",Derecho,Solo en materia civil,Solo cuando las partes lo acuerden,Verdadero,Falso,,,3,Falso,"Los plazos están regulados por la ley, no por las partes, como el de ofrecimiento de pruebas y el de citación para la audiencia.",
opcion_unica,Las pruebas supervenientes son las que se desconocían al momento de presentación de los escritos de demanda y contestación de esta.,Derecho,Solo si se ofrecen antes de la audiencia,Falso,Solo si se refieren a hechos nuevos,Verdadero,,,3,Verdadero,"Las pruebas supervenientes son aquellas que se desconocían al momento de presentar la demanda o contestación, o que se refieren a hechos ocurridos después.",
opcion_unica,"Si la parte a quien se concedió la ampliación del término extraordinario de desahogo de pruebas no rinde las pruebas respectivas, ¿se le deberá sancionar?",Derecho,Solo si la contraparte lo solicita,Solo si las pruebas son esenciales,Verdadero,Falso,,,2,Verdadero,La ley establece que se impondrá una sanción pecuniaria y no se recibirán las pruebas no rendidas.,
opcion_unica,"Al ofrecer pruebas, ¿qué requisito debe cumplirse respecto a los testigos?",Derecho,Indicar el número de testigos que se presentarán.,Señalar únicamente el domicilio de los testigos.,Describir los hechos sin mencionar a los testigos.,Expresar el nombre de los testigos a quienes constan los hechos que se relatan.,,,3,Expresar el nombre de los testigos a quienes constan los hechos que se relatan.,"La ley exige que al ofrecer la prueba testimonial se identifiquen los testigos, pues de lo contrario no se admitirá.",
opcion_unica,¿Qué debe hacer el juez cuando las pruebas se ofrecen sin cumplir las reglas generales o particulares?,Derecho,Desecharlas por no cumplir los requisitos legales.,Admitirlas y subsanar las deficiencias de oficio.,Admitirlas si son idóneas para acreditar los hechos.,Solicitar a la parte que corrija los defectos.,,,0,Desecharlas por no cumplir los requisitos legales.,"El juez debe desechar las pruebas que no cumplan las reglas de ofrecimiento, pues sólo las ofrecidas conforme a derecho son admisibles.",
opcion_unica,¿En cuántos momentos se desarrolla la etapa probatoria?,Derecho,"Tres: ofrecimiento, admisión y desahogo.",Dos: ofrecimiento y admisión.,"Cinco: ofrecimiento, admisión, preparación, desahogo y valoración.","Cuatro: ofrecimiento, admisión, preparación y desahogo.",,,3,"Cuatro: ofrecimiento, admisión, preparación y desahogo.","La etapa probatoria comprende cuatro fases: ofrecimiento, admisión, preparación y desahogo.",
opcion_unica,¿Cuál es un requisito para que las pruebas ofrecidas por las partes sean admisibles?,Derecho,Que sean ofrecidas por ambas partes.,Que se refieran a hechos notorios.,Que se ofrezcan conforme a derecho.,Que sean ofrecidas en la audiencia de ley.,,,2,Que se ofrezcan conforme a derecho.,"Para que una prueba sea admisible, debe ofrecerse cumpliendo todos los requisitos del código procesal.",
opcion_unica,"Al admitir las pruebas, ¿qué debe considerar el juez?",Derecho,La calidad de los abogados de las partes.,La cantidad de pruebas ofrecidas.,La etapa procesal en que se encuentre el juicio.,Su pertinencia con los hechos discutidos y su idoneidad.,,,3,Su pertinencia con los hechos discutidos y su idoneidad.,"El juez sólo debe admitir pruebas pertinentes, es decir, relacionadas con los hechos controvertidos y aptas para probarlos.",
opcion_unica,¿Qué medidas sirven para preparar las pruebas correspondientes?,Derecho,La celebración de audiencia de conciliación.,La citación a las partes y a los testigos.,La exhibición de documentos.,La presentación de alegatos.,,,1,La citación a las partes y a los testigos.,"La citación a las partes y a los testigos son actos de preparación, especialmente para la confesional y la testimonial.",
opcion_unica,¿Qué pruebas pueden ofrecerse fuera del término probatorio?,Derecho,La inspección judicial y la documental.,Sólo la documental y la confesional.,La testimonial y la pericial.,La confesional y la pericial.,,,1,Sólo la documental y la confesional.,"Conforme al Código de Procedimientos Civiles, sólo la documental y la confesional pueden ofrecerse fuera del término probatorio.",
opcion_unica,¿Cuál es una causa para que una prueba no sea admitida?,Derecho,Que se refiera a hechos no controvertidos.,Que sea ofrecida por ambas partes.,Que sea pertinente para el juicio.,Su ofrecimiento extemporáneo.,,,3,Su ofrecimiento extemporáneo.,El ofrecimiento extemporáneo es una causa de rechazo de la prueba.,
opcion_unica,"Según el artículo 298 del Código de Procedimientos Civiles para el Distrito Federal, ¿qué recurso procede contra la no admisión de una prueba ofrecida conforme a derecho?",Derecho,Apelación.,Reclamación.,Revocación.,Queja.,,,0,Apelación.,El artículo 298 establece que el recurso de apelación es el procedente para impugnar la no admisión de pruebas.,
opcion_unica,¿Qué regla debe observar el juez en la audiencia de desahogo de pruebas?,Derecho,La clausura del procedimiento.,La continuación del procedimiento.,La suspensión del procedimiento.,La reposición del procedimiento.,,,1,La continuación del procedimiento.,"En la audiencia de desahogo, el juez debe velar por la continuación del procedimiento, evitando dilaciones.",
opcion_unica,"Conforme al artículo 291 del Código de Procedimientos Civiles para el Distrito Federal, ¿cuál es una regla general que debe observarse en el ofrecimiento de pruebas?",Derecho,Acompañar las pruebas con un escrito de alegatos.,Relacionar las pruebas con los hechos que se pretendan acreditar.,Presentar las pruebas en cualquier momento del juicio.,Ofrecer las pruebas sin necesidad de señalar los hechos.,,,1,Relacionar las pruebas con los hechos que se pretendan acreditar.,La regla general exige que las pruebas se relacionen con los hechos controvertidos que se pretenden demostrar.,
opcion_unica,¿Qué tipo de pruebas pueden ofrecerse fuera del plazo legal establecido?,Derecho,Supervenientes.,Testimoniales.,Documentales públicas.,Confesionales.,,,0,Supervenientes.,Las pruebas supervenientes son aquellas que surgen con posterioridad al plazo ordinario de ofrecimiento y por ello se admiten fuera de dicho plazo.,
opcion_unica,¿En qué acto procesal se desahogan las pruebas admitidas a las partes?,Derecho,Audiencia de sentencia.,Audiencia previa.,Audiencia de conciliación.,Audiencia de pruebas y alegatos.,,,3,Audiencia de pruebas y alegatos.,La audiencia de pruebas y alegatos es la etapa procesal en la que se lleva a cabo el desahogo de las pruebas admitidas.,
opcion_unica,¿Cuál es un requisito para que una prueba documental sea considerada superveniente?,Derecho,Ser emitida por una autoridad judicial.,Haber sido ofrecida en el escrito inicial.,Encontrarse en poder de la contraparte.,Ser de fecha posterior a los escritos de demanda y contestación.,,,3,Ser de fecha posterior a los escritos de demanda y contestación.,"La prueba documental superveniente debe ser de fecha posterior a los escritos de demanda y contestación, pues ello justifica su ofrecimiento extemporáneo.",
opcion_unica,¿Cómo se denomina el acto del tribunal en el que se determina qué pruebas se admiten y cuáles se rechazan?,Derecho,Auto de apertura del juicio.,Auto de desahogo de pruebas.,Auto de radicación.,Auto sobre admisión de pruebas.,,,3,Auto sobre admisión de pruebas.,El auto sobre admisión de pruebas es la resolución judicial que decide la admisión o rechazo de los medios probatorios ofrecidos.,
opcion_unica,¿Qué facultad discrecional tiene el juez al admitir la prueba testimonial?,Derecho,Exigir que los testigos sean presentados por las partes.,Limitar el número de testigos.,Rechazar la prueba si los testigos no comparecen.,Interrogar directamente a los testigos.,,,1,Limitar el número de testigos.,"El juez puede limitar el número de testigos para evitar dilaciones o pruebas innecesarias, en ejercicio de su facultad discrecional.",
opcion_unica,¿Qué acto ordena el juez respecto de las pruebas que han sido admitidas?,Derecho,Ordenar su devolución al oferente.,Ordenar su desahogo inmediato.,Ordenar su preparación.,Ordenar su exhibición ante las partes.,,,2,Ordenar su preparación.,"Una vez admitidas las pruebas, el juez ordena su preparación para que puedan ser desahogadas en la audiencia correspondiente.",
opcion_unica,La confesión es el medio probatorio por el cual las personas que tengan conocimiento de los hechos controvertidos declaran ante el juez. ¿Es verdadero o falso?,Derecho,Verdadero,Solo es verdadero si la declaración es bajo protesta.,Falso,Solo es verdadero si se refiere a hechos propios.,,,2,Falso,La confesión es exclusiva de las partes y recae sobre hechos propios; la declaración de terceros corresponde a la prueba testimonial.,
opcion_unica,A través de la confesión se busca que el absolvente reconozca hechos propios que se le atribuyen. ¿Es verdadero o falso?,Derecho,Solo es verdadero si el absolvente es una persona moral.,Falso,Verdadero,Solo es verdadero si los hechos son de conocimiento público.,,,2,Verdadero,"La confesión tiene como finalidad que la parte reconozca hechos propios en los que intervino, tal como lo establece la ley.",
opcion_unica,"De acuerdo con el artículo 308 del Código de Procedimientos Civiles para el Distrito Federal, la prueba de confesión puede ofrecerse fuera del periodo ordinario de ofrecimiento. ¿Es verdadero o falso?",Derecho,Verdadero,Falso,Solo es verdadero si la contraparte está de acuerdo.,Solo es verdadero si se ofrece antes de la audiencia de ley.,,,0,Verdadero,"El artículo 308 permite ofrecer la confesión desde los escritos de demanda y contestación hasta diez días antes de la audiencia de ley, lo que constituye una excepción al periodo ordinario.",
opcion_unica,"Conforme al artículo 317 del Código de Procedimientos Civiles para el Distrito Federal, ¿cómo deben formularse las posiciones en la confesión por posiciones?",Derecho,Deben formularse únicamente a través de un pliego sellado.,Solo pueden formularse de manera oral ante el juez.,Siempre deben formularse por escrito mediante pliego.,Pueden formularse en forma oral o directa en la audiencia de ley.,,,3,Pueden formularse en forma oral o directa en la audiencia de ley.,"El artículo 317 permite que las posiciones se formulen oralmente o por escrito, no exclusivamente mediante pliego.",
opcion_unica,¿De qué formas puede obtenerse la confesión en materia procesal civil?,Derecho,Exclusivamente por declaración judicial.,Solo mediante la formulación de posiciones.,Únicamente a través de confesión expresa en juicio.,"Puede obtenerse mediante posiciones, ficta o extrajudicialmente.",,,3,"Puede obtenerse mediante posiciones, ficta o extrajudicialmente.","La confesión puede ser judicial, ficta o extrajudicial, no solo por posiciones.",
opcion_unica,¿Cuál es la forma de preparar la prueba confesional según el artículo 309 del Código de Procedimientos Civiles para el Distrito Federal?,Derecho,Citación personal al absolvente con al menos dos días de anticipación.,Citación por correo certificado con una semana de anticipación.,Citación personal con cinco días de anticipación.,Citación por edictos con tres días de anticipación.,,,0,Citación personal al absolvente con al menos dos días de anticipación.,El artículo 309 exige citación personal con dos días de anticipación a la audiencia.,
opcion_unica,"Según el artículo 311 del Código de Procedimientos Civiles para el Distrito Federal, ¿es posible formular posiciones sobre hechos negativos?",Derecho,"Sí, cuando existe íntima relación entre el hecho negativo y otro que no puede afirmarse o negarse sin afirmar o negar el primero.","No, las posiciones solo pueden referirse a hechos positivos.","No, la ley prohíbe toda posición sobre hechos negativos.","Sí, siempre que el absolvente lo acepte.",,,0,"Sí, cuando existe íntima relación entre el hecho negativo y otro que no puede afirmarse o negarse sin afirmar o negar el primero.",El artículo 311 permite posiciones sobre hechos negativos si están íntimamente relacionados con otros hechos.,
opcion_unica,"De acuerdo con el artículo 315 del Código de Procedimientos Civiles para el Distrito Federal, ¿puede el absolvente estar asistido por su abogado durante el desahogo de la confesión?",Derecho,"Sí, pero solo si el juez lo autoriza.","No, no se permite asistencia de ningún tipo para el absolvente.","Sí, puede estar asistido por su abogado patrono.","Sí, puede estar asistido por cualquier persona de su confianza.",,,1,"No, no se permite asistencia de ningún tipo para el absolvente.",El artículo 315 prohíbe cualquier asistencia al absolvente durante la confesión.,
opcion_unica,¿A cuántos hechos debe referirse como máximo una posición en la prueba confesional?,Derecho,A un solo hecho.,A cinco hechos.,A dos hechos.,A tres hechos.,,,0,A un solo hecho.,La regla general es que cada posición se refiera a un solo hecho.,
opcion_unica,¿Con cuánta anticipación debe realizarse la citación para el desahogo de la prueba confesional según el Código de Procedimientos Civiles para el Distrito Federal?,Derecho,Al menos una semana antes.,Al menos dos días antes de la fecha señalada.,Al menos tres días antes.,Al menos cinco días antes.,,,1,Al menos dos días antes de la fecha señalada.,"La citación debe hacerse con dos días de anticipación, no cinco.",
opcion_unica,¿Qué tipo de impugnación de documento procede cuando se alega que ha sido alterado voluntariamente en su contenido o firma?,Derecho,Impugnación de falsedad.,Impugnación de error.,Impugnación de nulidad.,Impugnación de ineficacia.,,,0,Impugnación de falsedad.,La alteración voluntaria del contenido o firma constituye falsedad documental.,
opcion_unica,¿Cómo se denomina el acto que otorga credibilidad a los documentos provenientes del extranjero?,Derecho,Legalización.,Autenticación.,Registro.,Protocolización.,,,0,Legalización.,La legalización es el procedimiento para dar validez a documentos extranjeros.,
opcion_unica,¿Cómo se perfecciona un documento privado para que surta efectos probatorios?,Derecho,Mediante la inscripción.,Mediante el reconocimiento.,Mediante la protocolización.,Mediante la ratificación.,,,1,Mediante el reconocimiento.,El reconocimiento es el acto por el cual el documento privado adquiere plena eficacia probatoria.,
opcion_unica,¿En qué casos debe rendirse la prueba pericial en materia de documentos?,Derecho,Solo cuando el documento sea privado y no esté reconocido.,En todos los casos en que se redarguye de falso un documento.,Cuando el documento sea público y no se impugne su autenticidad.,Únicamente cuando lo solicite el Ministerio Público.,,,1,En todos los casos en que se redarguye de falso un documento.,La prueba pericial es obligatoria cuando se alega la falsedad de un documento.,
opcion_unica,¿Cuál de los siguientes se considera un documento indubitado para el cotejo?,Derecho,Fotografía de un documento,Documento apócrifo,Copia simple de un contrato privado,Actuación judicial,,,3,Actuación judicial,Las actuaciones judiciales son documentos indubitados porque su autenticidad es indiscutible.,
opcion_unica,¿Es verdadero o falso que la prueba electrónica se regula en el artículo 374 del Código de Procedimientos Civiles para el Distrito Federal?,Derecho,"Falso, se regula en el artículo 375",Verdadero,"Falso, se regula en el artículo 373","Falso, no está regulada en ese código",,,1,Verdadero,El artículo 374 del Código de Procedimientos Civiles para el Distrito Federal regula la prueba electrónica.,
opcion_unica,¿Es correcto afirmar que la prueba electrónica solo puede ser documental?,Derecho,"Falso, solo pueden ser periciales","Falso, solo pueden ser testimoniales","Verdadero, solo pueden ser documentales","Falso, también pueden consistir en imágenes",,,3,"Falso, también pueden consistir en imágenes","La prueba electrónica no se limita a documental, puede incluir imágenes, audio, video, etc.",
opcion_unica,¿Puede ofrecerse la prueba electrónica mediante hardware o software?,Derecho,"Falso, solo mediante inspección judicial",Verdadero,"Falso, solo mediante documentos impresos","Falso, solo mediante testimoniales",,,1,Verdadero,La prueba electrónica puede ofrecerse a través de hardware o software que contenga la información.,
opcion_unica,¿Es el correo electrónico un ejemplo de prueba electrónica?,Derecho,"Falso, es una prueba testimonial","Falso, es una prueba pericial",Verdadero,"Falso, es una prueba documental tradicional",,,2,Verdadero,El correo electrónico es un medio electrónico que constituye prueba electrónica.,
opcion_unica,¿Es correcto aplicar por analogía a las pruebas electrónicas las disposiciones relativas a la prueba documental?,Derecho,"Falso, las pruebas electrónicas no solo consisten en documentos","Verdadero, son idénticas a la documental","Falso, se aplican las disposiciones de la prueba pericial","Falso, se aplican las disposiciones de la prueba testimonial",,,0,"Falso, las pruebas electrónicas no solo consisten en documentos","Las pruebas electrónicas tienen naturaleza diversa y no se limitan a documentos, por lo que la analogía con la documental es incorrecta.",
opcion_unica,¿Cuál es un requisito particular del ofrecimiento de la prueba pericial?,Derecho,Presentar al perito ante el juez en el momento del ofrecimiento,Acreditar la existencia del documento base de la acción,Señalar el monto de los honorarios del perito,Exhibir el cuestionario que va a resolver el experto con las preguntas necesarias y posteriores adiciones de la contraparte.,,,3,Exhibir el cuestionario que va a resolver el experto con las preguntas necesarias y posteriores adiciones de la contraparte.,El ofrecimiento de la prueba pericial requiere exhibir el cuestionario para el perito.,
opcion_unica,¿Qué requisito es exigible para determinar la admisión de la prueba pericial?,Derecho,Que la contraparte acepte al perito propuesto,Que se acredite la carencia de recursos para pagar al perito,Que el juez requiera la presencia del perito para ratificar su designación.,Que el perito presente un informe previo,,,2,Que el juez requiera la presencia del perito para ratificar su designación.,"Para admitir la prueba pericial, el juez debe requerir la presencia del perito para que ratifique su designación.",
opcion_unica,¿Qué requisito debe cumplir el juez previo a admitir la prueba pericial?,Derecho,Nombrar un perito tercero en discordia,Solicitar a las partes la lista de peritos,Dar vista a la contraria para que pueda manifestarse respecto a la pertinencia de la prueba.,Fijar fecha para la audiencia de desahogo,,,2,Dar vista a la contraria para que pueda manifestarse respecto a la pertinencia de la prueba.,"Antes de admitir la prueba pericial, el juez debe dar vista a la contraparte para que manifieste sobre su pertinencia.",
opcion_unica,"¿Cuál es la sanción que corresponde cuando el perito único, designado por conformidad de las partes, no rinde su dictamen?",Derecho,Admisión de los hechos,Multa al perito,Deserción de la prueba,Nulidad de la prueba,,,2,Deserción de la prueba,"La sanción es la deserción de la prueba, es decir, se tiene por no ofrecida o se pierde el derecho a desahogarla.",
opcion_unica,¿En qué caso procede la designación de un perito tercero en discordia?,Derecho,Cuando una de las partes no designa perito,Cuando el juez lo considera necesario para mejor proveer,Cuando los dictámenes de los peritos de las partes son contradictorios,Cuando los peritos no rinden su dictamen en tiempo,,,2,Cuando los dictámenes de los peritos de las partes son contradictorios,"El perito tercero en discordia se designa cuando los dictámenes periciales de las partes son contradictorios, para dirimir la controversia.",
opcion_unica,¿Es cierto que para la prueba de inspección judicial se requiere que el juez siempre esté auxiliado por un perito?,Derecho,"Falso, se requiere que el juez esté acompañado de las partes","Verdadero, el perito es indispensable para asesorar al juez","Falso, solo se requiere que el juez perciba directamente lugares, cosas o personas mediante sus sentidos","Verdadero, el perito debe estar presente para dar fe",,,2,"Falso, solo se requiere que el juez perciba directamente lugares, cosas o personas mediante sus sentidos",La inspección judicial no exige la intervención de un perito; el juez percibe directamente los hechos.,
opcion_unica,¿La inspección judicial solo puede recaer sobre actuaciones judiciales?,Derecho,"Falso, solo puede recaer sobre documentos","Falso, puede recaer sobre cosas, lugares o personas","Verdadero, solo sobre expedientes y documentos","Verdadero, solo sobre bienes inmuebles",,,1,"Falso, puede recaer sobre cosas, lugares o personas","La inspección judicial puede versar sobre cualquier objeto de prueba: cosas, lugares o personas.",
opcion_unica,¿En qué casos el juez puede auxiliarse de una prueba pericial durante la inspección judicial?,Derecho,Cuando necesita conocimientos especiales para apreciar correctamente lo que reconocerá,Siempre que lo solicite alguna de las partes,Solo cuando se trate de bienes inmuebles,"Nunca, porque la inspección es exclusiva del juez",,,0,Cuando necesita conocimientos especiales para apreciar correctamente lo que reconocerá,El juez puede apoyarse en peritos cuando sus conocimientos especializados son necesarios para valorar lo inspeccionado.,
opcion_unica,¿La prueba de inspección debe ofrecerse llevando al juez al lugar que se pretende reconocer?,Derecho,"Falso, se ofrece por escrito sin necesidad de señalar lugar","Falso, debe ofrecerse cumpliendo los requisitos generales de los medios probatorios y los específicos aplicables","Verdadero, es necesario que el juez acuda al lugar","Verdadero, se debe llevar al juez al lugar para que conste",,,1,"Falso, debe ofrecerse cumpliendo los requisitos generales de los medios probatorios y los específicos aplicables","El ofrecimiento de la inspección judicial debe cumplir los requisitos formales de toda prueba, no implica trasladar al juez en ese momento.",
opcion_unica,"Si una persona se opone al reconocimiento judicial para conocer sus condiciones físicas o mentales, ¿qué consecuencia procesal tiene?",Derecho,Se ordena el uso de la fuerza pública para realizar el reconocimiento,Se desecha la prueba y se continúa el juicio,Se tienen por ciertas las afirmaciones de la contraparte,Se aplica una multa a la persona que se opone,,,2,Se tienen por ciertas las afirmaciones de la contraparte,La oposición al reconocimiento judicial genera la presunción de que son ciertas las afirmaciones de la contraparte.,
opcion_unica,¿Qué tipo de testigos produce mayor convicción en el juzgador?,Derecho,Los testigos de oídas,Los testigos que son amigos de la parte oferente,Los testigos que declaran por referencias,Los testigos presenciales o de vista,,,3,Los testigos presenciales o de vista,"Los testigos presenciales, que percibieron directamente los hechos, generan mayor convicción que los de oídas.",
opcion_unica,¿Es obligatorio ofrecer un interrogatorio escrito para el desahogo de la prueba testimonial?,Derecho,"No, es opcional presentarlo por escrito o formular las preguntas verbalmente","Sí, siempre debe presentarse por escrito","Sí, pero solo si el testigo es mayor de edad","No, pero se requiere la presencia de un perito",,,0,"No, es opcional presentarlo por escrito o formular las preguntas verbalmente","La ley permite que el interrogatorio se presente por escrito o se formule de manera verbal, según elija la parte.",
opcion_unica,"En la prueba testimonial, ¿quién formula preguntas y quién repreguntas?",Derecho,La contraparte formula preguntas y el oferente repreguntas,El oferente formula preguntas directas y la contraparte repreguntas,El juez formula preguntas y las partes repreguntas,Ambos pueden formular preguntas directas,,,1,El oferente formula preguntas directas y la contraparte repreguntas,La mecánica es que el oferente interroga y la contraparte repregunta sobre lo declarado.,
opcion_unica,¿Cuál es el medio de impugnación procedente para atacar el dicho de un testigo?,Derecho,Incidente de tacha de testigos,Juicio de amparo,Incidente de nulidad de actuaciones,Recurso de revocación,,,0,Incidente de tacha de testigos,"El dicho de un testigo se ataca mediante el incidente de tacha de testigos, no mediante nulidad de actuaciones.",
opcion_unica,"Si un testigo debidamente citado no comparece a rendir su testimonio, ¿qué consecuencia procesal procede?",Derecho,Se le cita nuevamente,Se le impone una multa automática,Se tiene por desistido al oferente de la prueba,Se declara desierta la prueba si agotados los medios de apremio no se logra su comparecencia,,,3,Se declara desierta la prueba si agotados los medios de apremio no se logra su comparecencia,"La ley prevé que, agotados los medios de apremio sin lograr la comparecencia, se declare desierta la prueba testimonial.",
opcion_unica,¿Cómo se denomina al testigo que declara sobre hechos que confirman una acusación?,Derecho,Conteste,De cargo,De abono,De vista,,,1,De cargo,El testigo de cargo es aquel cuyos testimonios apoyan la acusación.,
opcion_unica,¿Qué tipo de testigo declara sobre la buena conducta de un procesado?,Derecho,De abono,De vista,Conteste,De cargo,,,0,De abono,El testigo de abono es quien da testimonio sobre la buena conducta del acusado.,
opcion_unica,¿Cómo se denomina al testigo que presenció directamente los hechos sobre los que declara?,Derecho,De vista,De cargo,De abono,De oídas,,,0,De vista,El testigo de vista es aquel que tiene conocimiento directo de los hechos por haberlos presenciado.,
opcion_unica,"¿Qué tipo de testigos son aquellos cuyas declaraciones son concordantes en cuanto a circunstancias de tiempo, modo y lugar?",Derecho,Contestes,Contradictorios,De cargo,De abono,,,0,Contestes,Los testigos contestes son los que coinciden en los aspectos esenciales de su testimonio.,
opcion_unica,¿Cómo se clasifican los testigos que disienten en la parte esencial de su testimonio?,Derecho,Contradictorios,De vista,De oídas,Contestes,,,0,Contradictorios,Los testigos contradictorios son aquellos que no concuerdan en lo esencial de sus declaraciones.,
opcion_unica,¿Qué personas están excluidas de la obligación de declarar como testigos?,Derecho,Ascendientes,Los que tengan interés en el juicio,Los mayores de edad,Los que hayan sido condenados por falso testimonio,,,0,Ascendientes,Los ascendientes están exentos de la obligación de declarar como testigos.,
opcion_unica,"Según el artículo 291 del Código de Procedimientos Civiles para el Distrito Federal, ¿qué requisito debe incluirse al ofrecer la prueba testimonial?",Derecho,Número de testigos,Domicilio de los testigos,Objeto de la prueba,Nombres de los testigos,,,1,Domicilio de los testigos,El artículo 291 exige que al ofrecer la prueba testimonial se señale el domicilio de los testigos.,
opcion_unica,"De acuerdo con los artículos 255 y 260 del Código de Procedimientos Civiles para el Distrito Federal, ¿en qué actos procesales deben anunciarse los testigos que se pretendan ofrecer?",Derecho,Audiencia previa y de conciliación,Juicio y segunda instancia,Demanda y contestación a la demanda,Ofrecimiento de pruebas y alegatos,,,2,Demanda y contestación a la demanda,Los testigos deben ser anunciados en la demanda y en la contestación a la demanda.,
opcion_unica,¿Qué requisito deben cumplir las preguntas que se formulen al testigo?,Derecho,Ser impertinentes,Ser capciosas,No implicar la respuesta,Ser sugestivas,,,2,No implicar la respuesta,"Las preguntas no deben inducir la respuesta, ya que deben ser objetivas y no sugerir la contestación.",
opcion_unica,¿Cuál es el medio para interrogar a los secretarios de Estado?,Derecho,A través de un exhorto,Por escrito,Por oficio,Por comparecencia,,,2,Por oficio,"El interrogatorio a los secretarios de Estado se realiza por oficio, conforme a la ley.",
opcion_unica,¿En qué tipo de interrogatorio se busca que el juez investigue la verdad respecto a los puntos controvertidos?,Derecho,Interrogatorio judicial,Interrogatorio de las partes,Interrogatorio directo,Interrogatorio libre,,,0,Interrogatorio judicial,El interrogatorio judicial tiene como finalidad que el juez investigue la verdad sobre los puntos controvertidos.,
opcion_unica,¿En qué tipo de interrogatorio se persigue que las partes acrediten los hechos de sus pretensiones?,Derecho,Interrogatorio judicial,Interrogatorio de testigos,Interrogatorio libre,Interrogatorio de las partes,,,3,Interrogatorio de las partes,El interrogatorio de las partes permite que éstas acrediten los hechos en que fundan sus pretensiones.,
opcion_unica,"De acuerdo con el artículo 361 del Código de Procedimientos Civiles para el Distrito Federal, ¿quién interroga primeramente al testigo?",Derecho,El secretario de acuerdos,El juez,La contraparte,El oferente de la prueba,,,3,El oferente de la prueba,El artículo 361 establece que el primer interrogatorio al testigo lo realiza la parte que lo ofrece.,
opcion_unica,"De acuerdo con el artículo 360 del Código de Procedimientos Civiles para el Distrito Federal, ¿a través de qué medio pueden ser interrogados los testigos?",Derecho,Interrogatorio oral,Interrogatorio mixto,Interrogatorio libre,Interrogatorio escrito,,,3,Interrogatorio escrito,El artículo 360 permite que el interrogatorio de testigos se realice por escrito.,
opcion_unica,"Previo a rendir su testimonio, ¿qué debe hacer el testigo para que se conduzca con verdad en su declaración?",Derecho,Ser citado,Ser apercibido,Ser juramentado,Ser protestado,,,3,Ser protestado,El testigo debe ser protestado de decir verdad antes de declarar.,
opcion_unica,"Una vez que el testigo ha sido interrogado por la parte que lo presenta, ¿qué derecho tiene la contraparte?",Derecho,Interrogar nuevamente,Solicitar su careo,Recusar al testigo,Repreguntar,,,3,Repreguntar,La contraparte tiene el derecho de repreguntar al testigo después del interrogatorio directo.,
opcion_unica,Las preguntas que se formulen al testigo deben tener relación directa con los:,Derecho,Hechos controvertidos,Puntos de derecho,Antecedentes personales del testigo,Detalles irrelevantes del caso,,,0,Hechos controvertidos,Las preguntas deben versar sobre los hechos controvertidos del juicio.,
opcion_unica,¿Qué prueba no es admisible para tachar a los testigos?,Derecho,Presuncional,Instrumental de actuaciones,Testimonial,Documental,,,2,Testimonial,"La prueba testimonial no es admisible para tachar testigos, según la ley.",
opcion_unica,¿A través de qué figura se busca nulificar el valor de la declaración de un testigo?,Derecho,Tacha de peritos,Tacha de documentos,Tacha de pruebas,Tacha de testigos,,,3,Tacha de testigos,La tacha de testigos es el mecanismo procesal para restar valor a su declaración.,
opcion_unica,"Cuando se requiere la declaración de dos testigos, ¿de qué forma deben ser interrogados?",Derecho,Separada,En audiencia pública,Por escrito,Conjuntamente,,,0,Separada,La ley establece que los testigos deben ser interrogados por separado para evitar influencias.,
opcion_unica,La presunción legal se caracteriza porque la consecuencia nace inmediata y directamente de la ley. ¿Es verdadero o falso?,Derecho,"Falso, porque la consecuencia nace de los hechos","Falso, porque la consecuencia nace de la voluntad de las partes","Falso, porque la consecuencia la establece el juez",Verdadero,,,3,Verdadero,La presunción legal se define por su origen directo en la ley.,
opcion_unica,¿Cuál es la naturaleza de las presunciones según la doctrina mayoritaria?,Derecho,Son medios probatorios mixtos,Son medios probatorios indirectos,Son medios probatorios directos,No son medios probatorios,,,3,No son medios probatorios,"La doctrina considera que las presunciones no son medios probatorios, sino reglas de fijación de hechos.",
opcion_unica,El indicio es el hecho conocido de que se parte para establecer la presunción y conjetura. ¿Es verdadero o falso?,Derecho,"Falso, el indicio es el hecho desconocido","Falso, el indicio es la consecuencia jurídica","Falso, el indicio es la ley aplicable",Verdadero,,,3,Verdadero,El indicio es el hecho base conocido que permite inferir la presunción.,
opcion_unica,¿Quién está a cargo de la presunción humana?,Derecho,Las partes,El perito,El juez,El legislador,,,2,El juez,"La presunción humana la establece el juez, a diferencia de la legal que fija la ley.",
opcion_unica,¿Cuál es el objetivo de la ficción legal?,Derecho,Sancionar conductas ilícitas,Describir la realidad tal como es,Crear una situación jurídica que substituye a la realidad,Interpretar la ley,,,2,Crear una situación jurídica que substituye a la realidad,La ficción legal crea una situación ficticia que se tiene por verdadera para efectos jurídicos.,
opcion_unica,¿Cómo se denominan los razonamientos expresados verbalmente al juez en torno a su actuación durante el proceso?,Derecho,Demanda,Conclusiones,Alegatos,Contestación,,,2,Alegatos,Los alegatos son las argumentaciones orales que las partes presentan al juez.,
opcion_unica,"¿Cómo se denominan las reflexiones que las partes presentan por escrito al juez, proponiéndole el pronunciamiento que debe recaer en la controversia?",Derecho,Conclusiones,Pruebas,Alegatos,Demanda,,,0,Conclusiones,Las conclusiones son escritos donde las partes proponen al juez la resolución del asunto.,
opcion_unica,¿Cuánto tiempo disponen las partes para formular sus alegatos en forma verbal?,Derecho,15 minutos,30 minutos,10 minutos,20 minutos,,,0,15 minutos,La ley otorga 15 minutos a cada parte para alegatos verbales.,
opcion_unica,¿Cómo se denomina la resolución mediante la cual se divide la instrucción del juicio?,Derecho,Citación para sentencia,Auto de admisión de demanda,Auto de apertura a prueba,Sentencia definitiva,,,0,Citación para sentencia,La citación para sentencia es la resolución que pone fin a la instrucción y señala que el asunto queda listo para ser resuelto.,
opcion_unica,¿En qué etapa del juicio se da por concluido el desahogo de pruebas?,Derecho,Postulatoria,Probatoria,Conclusiva,Alegatos,,,2,Conclusiva,"La etapa conclusiva es la fase final del juicio, posterior al desahogo de pruebas, en la que se prepara el dictado de la sentencia.",
opcion_unica,¿Cuál es el momento procesal en el que las partes expresan sus alegatos?,Derecho,Audiencia de demanda,Audiencia de pruebas,Audiencia de sentencia,Audiencia de conciliación,,,1,Audiencia de pruebas,"En la audiencia de pruebas, además de desahogarse las pruebas, las partes pueden formular sus alegatos.",
opcion_unica,¿Cómo se denomina el procedimiento mediante el cual un tribunal nacional reconoce eficacia a sentencias extranjeras que cumplen ciertos requisitos?,Derecho,Reconocimiento,Homologación,Ejecución,Exequatur,,,3,Exequatur,El exequatur es el procedimiento de reconocimiento y ejecución de sentencias extranjeras en el derecho mexicano.,
opcion_unica,¿Qué autoridad debe tener una sentencia extranjera para que pueda ser reconocida y ejecutada en México?,Derecho,Definitividad,Firmeza,Cosa juzgada,Ejecutoria,,,2,Cosa juzgada,"La sentencia extranjera debe tener autoridad de cosa juzgada, es decir, que no admita recurso alguno.",
opcion_unica,¿Cuál es la vía procesal para tramitar el reconocimiento u homologación de una sentencia extranjera?,Derecho,Juicio especial,Incidental del,Procedimiento de jurisdicción voluntaria,Juicio ordinario,,,1,Incidental del,El reconocimiento de sentencias extranjeras se tramita como incidente dentro de un procedimiento judicial.,
opcion_unica,¿Qué tipo de sentencia es aquella que resuelve el fondo del asunto planteado?,Derecho,Ejecutoria,Definitiva,Interlocutoria,Provisional,,,1,Definitiva,La sentencia definitiva resuelve el fondo del litigio y pone fin al juicio.,
opcion_unica,¿Qué requisito sustancial de la sentencia obliga al juzgador a resolver todos los puntos controvertidos?,Derecho,Congruencia,Motivación,Fundamentación,Exhaustividad,,,3,Exhaustividad,La exhaustividad exige que la sentencia abarque todos los puntos litigiosos sometidos a consideración del juez.,
opcion_unica,"¿En qué apartado de la sentencia se indican el lugar, la fecha, las partes y el juicio?",Derecho,Resultandos,Considerandos,Preámbulo,Puntos resolutivos,,,2,Preámbulo,El preámbulo de la sentencia contiene los datos de identificación del juicio y de las partes.,
opcion_unica,"¿En qué apartado de la sentencia se detallan los antecedentes del asunto, incluyendo las afirmaciones y pruebas de las partes?",Derecho,Considerandos,Resultandos,Puntos resolutivos,Preámbulo,,,0,Considerandos,En los considerandos se exponen los antecedentes y se analizan los argumentos y pruebas para justificar la decisión.,
opcion_unica,"¿Cuál es la parte más importante de la sentencia, ya que se constituye con las conclusiones y opiniones del tribunal, derivadas de la confrontación entre los intereses de las partes en el juicio?",Derecho,Exhaustividad,Resolutivos,Congruencia,Motivación,,,3,Motivación,La motivación es la parte esencial de la sentencia donde el tribunal expone las razones y fundamentos de su decisión.,
opcion_unica,"¿En qué parte de la sentencia se expresa el sentido de la misma, si absuelve o condena al demandado, así como los plazos para su cumplimiento?",Derecho,Resultandos,Motivación,Resolutivos,Considerandos,,,2,Resolutivos,"Los resolutivos son la parte de la sentencia que contiene la decisión del tribunal, indicando si absuelve o condena y los plazos.",
opcion_unica,¿Qué requisito de la sentencia exige que exista una correspondencia lógica entre lo aducido por las partes y lo resuelto por el tribunal?,Derecho,Motivación,Exhaustividad,Congruencia,Fundamentación,,,2,Congruencia,"La congruencia implica que la sentencia debe ser coherente con lo planteado por las partes, sin resolver sobre cuestiones no alegadas.",
opcion_unica,¿Cuál es el requisito sustancial que obliga al tribunal a expresar los argumentos y razones que fundamentan su resolución?,Derecho,Congruencia,Legalidad,Motivación,Exhaustividad,,,2,Motivación,La motivación es el requisito que obliga al juez a justificar su decisión con argumentos y razones.,
opcion_unica,"¿Qué requisito de la sentencia obliga al tribunal a agotar todos y cada uno de los puntos planteados por las partes, refiriéndose puntualmente a cada uno?",Derecho,Congruencia,Completitud,Exhaustividad,Motivación,,,2,Exhaustividad,La exhaustividad exige que la sentencia aborde todos los puntos controvertidos planteados por las partes.,
opcion_unica,¿Qué tipo de cosa juzgada adquieren las sentencias definitivas inimpugnables que han resuelto el fondo del asunto y cuyo resultado puede ser oponible en cualquier otro juicio?,Derecho,Material,Definitiva,Formal,Procesal,,,0,Material,La cosa juzgada material impide que se vuelva a discutir el fondo del asunto en cualquier juicio futuro.,
opcion_unica,"¿Qué tipo de cosa juzgada adquieren ciertas resoluciones judiciales, limitada al proceso mismo en el cual se dictaron?",Derecho,Formal,Material,Definitiva,Procesal,,,0,Formal,"La cosa juzgada formal solo produce efectos dentro del mismo proceso, no impide que se plantee en otro.",
opcion_unica,¿Cuál es la finalidad que ha perseguido el legislador con la institución de la cosa juzgada material?,Derecho,Justicia,Definitividad,Seguridad jurídica,Economía procesal,,,1,Definitividad,"La cosa juzgada material busca dar definitividad a las resoluciones judiciales, evitando litigios interminables.",
opcion_unica,¿A qué se refieren los límites objetivos de la cosa juzgada material?,Derecho,A los plazos para impugnar la sentencia,A los objetos y cuestiones que se decidieron y definieron en la sentencia,A los fundamentos legales utilizados en la sentencia,A las personas que fueron afectadas por la sentencia,,,1,A los objetos y cuestiones que se decidieron y definieron en la sentencia,Los límites objetivos de la cosa juzgada se refieren a qué cuestiones quedaron resueltas en la sentencia.,
opcion_unica,¿A qué se refiere el límite subjetivo de la cosa juzgada?,Derecho,A las personas que fueron afectadas por la sentencia dictada,A los objetos y cuestiones decididas en la sentencia,A los plazos para impugnar la sentencia,A los fundamentos legales utilizados en la sentencia,,,0,A las personas que fueron afectadas por la sentencia dictada,El límite subjetivo de la cosa juzgada determina quiénes quedan vinculados por la sentencia.,
opcion_unica,"¿Por regla general, quiénes pueden ser afectados por la sentencia que se dicte en un juicio?",Derecho,Solo el demandado,Cualquier persona,Las partes,Los terceros interesados,,,2,Las partes,"La sentencia solo afecta a quienes fueron parte en el juicio, no a terceros.",
opcion_unica,"¿Cómo se denominan las cantidades que la parte perdedora debe pagar a su contraparte por la tramitación del juicio, si procedió con temeridad o mala fe?",Derecho,Multas judiciales,Costas procesales,Daños y perjuicios,Gastos de abogado,,,1,Costas procesales,Las costas procesales son los gastos que la parte perdedora debe cubrir cuando actuó con temeridad o mala fe.,
opcion_unica,¿Cuál es otra causa por la que el juez puede condenar a la parte perdedora a pagar costas procesales a la parte vencedora?,Derecho,Naturaleza del asunto,Disposición legal,Solicitud del vencedor,Acuerdo entre las partes,,,1,Disposición legal,"La ley puede establecer expresamente la condena en costas, independientemente de la temeridad o mala fe.",
opcion_unica,¿Cuál es la vía procedente para que la parte vencedora reclame el pago de los gastos y costas generados en el juicio?,Derecho,Recurso de apelación,Incidental,Juicio ejecutivo,Juicio ordinario,,,1,Incidental,La vía incidental es la adecuada para reclamar gastos y costas dentro del mismo juicio.,
opcion_unica,¿Qué requisito debe acreditar la parte vencedora para tener derecho al pago de honorarios de abogados?,Derecho,Contrato de servicios profesionales,Registro en el padrón de abogados,Cédula profesional,Título de licenciatura,,,2,Cédula profesional,Se requiere que el abogado cuente con cédula profesional para que sus honorarios sean reclamables.,
opcion_unica,¿Cómo se denomina la fuerza adquirida por una sentencia definitiva que ya no puede ser discutida ni modificada en una resolución ulterior?,Derecho,Preclusión,Sentencia firme,Causa ejecutoria,Cosa juzgada,,,3,Cosa juzgada,La cosa juzgada impide que se vuelva a discutir el asunto en otro juicio.,
opcion_unica,¿Qué consecuencia inmediata se verifica cuando la sentencia definitiva no es recurrida a través de los recursos ordinarios contemplados en la ley?,Derecho,Cosa juzgada,Causa ejecutoria,Ejecución forzosa,Sentencia firme,,,1,Causa ejecutoria,"La causa ejecutoria se produce cuando no se interponen recursos, dando firmeza a la sentencia.",
opcion_unica,"¿Qué tipo de sentencia crea, modifica o extingue una relación jurídica?",Derecho,Declarativa,Constitutiva,Absolutoria,Condenatoria,,,1,Constitutiva,"La sentencia constitutiva tiene efecto de crear, modificar o extinguir una relación jurídica.",
opcion_unica,¿Cuál es la definición de Derecho Constitucional?,Derecho,Analiza las leyes penales y las sanciones aplicables.,"Regula la estructura de la administración pública, el funcionamiento de los órganos políticos supremos, define la posición del individuo frente al Estado y señala la forma de gobierno del país.",Se encarga de regular la actividad comercial y mercantil.,Estudia las normas que regulan las relaciones entre particulares.,,,1,"Regula la estructura de la administración pública, el funcionamiento de los órganos políticos supremos, define la posición del individuo frente al Estado y señala la forma de gobierno del país.",El Derecho Constitucional se centra en la organización del Estado y la relación entre el individuo y el poder público.,
opcion_unica,¿Cuáles son los métodos de interpretación en los que se apoya el Derecho Constitucional y en qué consiste cada uno?,Derecho,Exegético: interpretar literalmente; finalista: buscar la intención del legislador; literal: atender al texto.,Lógico: desentrañar el sentido de la norma; histórico: analizar las constituciones pasadas; crítico valorativo: criticar los valores que rodearon a cierta constitución.,Gramatical: estudiar las palabras; sistemático: relacionar con otras normas; sociológico: atender a la realidad social.,Analógico: aplicar a casos semejantes; jerárquico: preferir la norma superior; cronológico: aplicar la posterior.,,,1,Lógico: desentrañar el sentido de la norma; histórico: analizar las constituciones pasadas; crítico valorativo: criticar los valores que rodearon a cierta constitución.,"Los métodos lógico, histórico y crítico valorativo son los que se utilizan para interpretar la Constitución.",
opcion_unica,¿Cuál es la razón por la que el derecho constitucional adquirió esa denominación?,Derecho,Porque deriva del latín 'constituere' que significa fundar o establecer.,Porque hasta el siglo XIX se estableció la costumbre de reunir las normas jurídicas sobre instituciones políticas en un texto solemne llamado constitución.,Porque fue creado por los juristas del siglo XVIII para limitar el poder real.,Porque regula la organización de los poderes públicos y los derechos fundamentales.,,,1,Porque hasta el siglo XIX se estableció la costumbre de reunir las normas jurídicas sobre instituciones políticas en un texto solemne llamado constitución.,"La denominación surge porque las normas sobre instituciones políticas se reunieron en un documento solemne llamado constitución, costumbre que se consolidó en el siglo XIX.",
opcion_unica,¿Por qué los juristas de principios del siglo XX destacaban la importancia del Estado de Derecho?,Derecho,Para establecer un sistema de gobierno autoritario con control centralizado.,Para mantener a los gobernantes sometidos a las normas jurídicas.,Para proteger los intereses de la clase política dominante.,Para garantizar la supremacía del poder ejecutivo sobre los demás poderes.,,,1,Para mantener a los gobernantes sometidos a las normas jurídicas.,"El Estado de Derecho es importante porque somete a los gobernantes a las normas jurídicas, evitando el ejercicio arbitrario del poder.",
opcion_unica,"Según Karl Schmitt, ¿cuál es el concepto de Derecho Constitucional?",Derecho,"Estudia la Constitución de un Estado desde el punto de vista del documento que lo regula, el cual debe ser absoluto, relativo e ideal.",Es la rama del derecho público que estudia la constitución política y social del Estado.,Define el derecho constitucional como el estudio de la constitución en abstracto.,Analiza la teoría de la constitución y su orden sistemático en la dinámica política.,,,0,"Estudia la Constitución de un Estado desde el punto de vista del documento que lo regula, el cual debe ser absoluto, relativo e ideal.","Schmitt concibe el Derecho Constitucional como el estudio de la Constitución como documento regulador, con características de absoluto, relativo e ideal.",
opcion_unica,"Según Karl Loewenstein, ¿cuál es el concepto de Derecho Constitucional?",Derecho,Es el encuadramiento jurídico de los fenómenos políticos dentro de una constitución.,Analiza la teoría de la constitución y explica el orden constitucional en la dinámica del proceso político.,Estudia la constitución como un conjunto de principios de libertad e igualdad.,Define el derecho constitucional como la doctrina individual de un régimen estatal.,,,1,Analiza la teoría de la constitución y explica el orden constitucional en la dinámica del proceso político.,Loewenstein sostiene que el Derecho Constitucional analiza la teoría de la constitución y su aplicación en el proceso político.,
opcion_unica,"Según Ignacio Burgoa Orihuela, ¿cuál es el concepto de Derecho Constitucional?",Derecho,Analiza la teoría de la constitución y su orden sistemático en la dinámica política.,Define el derecho constitucional como el estudio de la constitución en abstracto.,"Estudia la constitución como un conjunto de principios como libertad e igualdad, y se diferencia de la teoría de la constitución.",Es la rama del derecho público que estudia la constitución política y social del Estado.,,,2,"Estudia la constitución como un conjunto de principios como libertad e igualdad, y se diferencia de la teoría de la constitución.","Burgoa define el Derecho Constitucional como el estudio de la constitución concreta, basada en principios como libertad e igualdad, distinguiéndolo de la teoría general.",
opcion_unica,"Según Felipe Tena Ramírez, ¿cuál es el concepto de Derecho Constitucional?",Derecho,Analiza la teoría de la constitución y su orden sistemático en la dinámica política.,Estudia la constitución como un conjunto de principios de libertad e igualdad.,"Es la doctrina individual y específica de un determinado régimen del Estado, y no puede ser contrario a la libertad.",Es el encuadramiento jurídico de los fenómenos políticos dentro de una constitución.,,,2,"Es la doctrina individual y específica de un determinado régimen del Estado, y no puede ser contrario a la libertad.","Tena Ramírez concibe el Derecho Constitucional como una doctrina específica de cada régimen, siempre orientada a la libertad.",
opcion_unica,"Según Daniel Moreno Díaz, ¿cuál es el concepto de Derecho Constitucional?",Derecho,Analiza la teoría de la constitución y su orden sistemático en la dinámica política.,Es una rama del derecho público cuya finalidad es la constitución política y social del Estado.,Estudia la constitución como un conjunto de principios de libertad e igualdad.,Define el derecho constitucional como la doctrina individual de un régimen estatal.,,,1,Es una rama del derecho público cuya finalidad es la constitución política y social del Estado.,Moreno Díaz define el Derecho Constitucional como una rama del derecho público que estudia la constitución política y social del Estado.,
opcion_unica,"Según André Hauriou, ¿cuál es el concepto de Derecho Constitucional?",Derecho,Es una rama del derecho público cuya finalidad es la constitución política y social del Estado.,Estudia la constitución como un conjunto de principios de libertad e igualdad.,"Es el encuadramiento jurídico de los fenómenos políticos, que se realiza dentro del marco de una constitución.",Analiza la teoría de la constitución y su orden sistemático en la dinámica política.,,,2,"Es el encuadramiento jurídico de los fenómenos políticos, que se realiza dentro del marco de una constitución.",Hauriou define el Derecho Constitucional como el encuadramiento jurídico de los fenómenos políticos dentro del marco constitucional.,
opcion_unica,"Según Maurice Duverger, ¿cuál es el concepto de Derecho Constitucional?",Derecho,Estudia la constitución como un conjunto de principios de libertad e igualdad.,Es el encuadramiento jurídico de los fenómenos políticos dentro de una constitución.,"Es la parte del derecho que regula las instituciones políticas del Estado, estudiando sus aspectos jurídicos.",Analiza la teoría de la constitución y su orden sistemático en la dinámica política.,,,2,"Es la parte del derecho que regula las instituciones políticas del Estado, estudiando sus aspectos jurídicos.",Duverger define el Derecho Constitucional como la regulación jurídica de las instituciones políticas del Estado.,
opcion_unica,¿Cuál es la definición de Constitución?,Derecho,"Es el texto solemne que reúne las normas jurídicas concernientes a las instituciones políticas, costumbre establecida desde el siglo XIX.",Es el documento que contiene las leyes ordinarias aprobadas por el parlamento.,Es el conjunto de principios y valores que rigen la vida social de un país.,Es la ley suprema que establece la organización del Estado y los derechos fundamentales.,,,0,"Es el texto solemne que reúne las normas jurídicas concernientes a las instituciones políticas, costumbre establecida desde el siglo XIX.","La Constitución es el texto solemne que reúne las normas sobre instituciones políticas, costumbre consolidada en el siglo XIX.",
opcion_unica,"¿Qué documento surgió en Inglaterra a principios del siglo XIII, considerado origen de la Constitución, y cuál era su finalidad?",Derecho,La Declaración de Derechos; su finalidad era establecer la soberanía parlamentaria y los derechos de los súbditos.,La Petición de Derechos; su finalidad era restringir los impuestos sin consentimiento del Parlamento.,"La Carta Magna; su finalidad era limitar el poder de los gobernantes, garantizar el debido proceso y separar la Iglesia del Estado.",El Acta de Habeas Corpus; su finalidad era proteger la libertad individual frente a detenciones arbitrarias.,,,2,"La Carta Magna; su finalidad era limitar el poder de los gobernantes, garantizar el debido proceso y separar la Iglesia del Estado.",La Carta Magna de 1215 es el documento que limitó el poder real y estableció principios como el debido proceso y la separación Iglesia-Estado.,
opcion_unica,¿Cuál es el contenido principal de la Carta Magna de 1215?,Derecho,Proclama la igualdad de todos ante la ley y el sufragio universal.,"Asegura propiedades y derechos feudales frente al rey, establece un consejo (senado), prohíbe enjuiciamientos sin proceso y extiende protección a campesinos y comerciantes.","Declara los derechos naturales del hombre, como libertad, propiedad y resistencia a la opresión.",Establece la separación de poderes y la soberanía nacional.,,,1,"Asegura propiedades y derechos feudales frente al rey, establece un consejo (senado), prohíbe enjuiciamientos sin proceso y extiende protección a campesinos y comerciantes.","La Carta Magna protege los derechos feudales, limita el poder real y garantiza el debido proceso para todos los súbditos.",
opcion_unica,¿Qué documento surgió en Francia a finales del siglo XVIII y cuál era su finalidad?,Derecho,El Código Civil; su finalidad era unificar el derecho privado.,La Constitución de 1791; su finalidad era organizar una monarquía constitucional.,La Declaración de Independencia; su finalidad era proclamar la separación de las colonias británicas.,La Declaración de los Derechos del Hombre y del Ciudadano; su finalidad era establecer los derechos fundamentales del hombre y las garantías individuales.,,,3,La Declaración de los Derechos del Hombre y del Ciudadano; su finalidad era establecer los derechos fundamentales del hombre y las garantías individuales.,La Declaración de 1789 proclamó los derechos naturales e imprescriptibles del hombre como fundamento del nuevo orden.,
opcion_unica,¿Cuál es el contenido principal de la Declaración de los Derechos del Hombre y del Ciudadano de 1789?,Derecho,"Proclama derechos naturales como libertad, propiedad, seguridad y resistencia a la opresión; define la libertad y garantiza presunción de inocencia, irretroactividad de la ley y libertades de opinión y prensa.",Define los requisitos para ser ciudadano francés.,Asegura los privilegios de la nobleza y el clero.,"Establece la organización de los poderes ejecutivo, legislativo y judicial.",,,0,"Proclama derechos naturales como libertad, propiedad, seguridad y resistencia a la opresión; define la libertad y garantiza presunción de inocencia, irretroactividad de la ley y libertades de opinión y prensa.","La Declaración de 1789 enumera derechos naturales y garantiza libertades individuales, presunción de inocencia y libertad de expresión.",
opcion_unica,¿En qué partes se divide la Constitución y cuál es el contenido de cada una?,Derecho,Parte internacional: tratados y relaciones exteriores. Parte local: organización municipal.,"Parte dogmática: derechos y garantías individuales. Parte orgánica: organización, funciones y facultades de los órganos del poder público, forma de gobierno y soberanía.",Parte histórica: antecedentes y evolución constitucional. Parte social: derechos de los trabajadores.,Parte procesal: procedimientos judiciales. Parte fiscal: contribuciones y gasto público.,,,1,"Parte dogmática: derechos y garantías individuales. Parte orgánica: organización, funciones y facultades de los órganos del poder público, forma de gobierno y soberanía.",La Constitución se divide en dogmática (derechos fundamentales) y orgánica (estructura del Estado).,
opcion_unica,¿Cuál es el concepto de Constitución desde el punto de vista material y formal?,Derecho,Material: documento escrito que contiene todas las leyes. Formal: conjunto de costumbres y tradiciones.,Material: normas que regulan la propiedad. Formal: normas que regulan los contratos.,Material: decisiones de los jueces. Formal: reglamentos administrativos.,Material: conjunto de normas que organizan el poder público y fijan su ámbito de acción. Formal: documento solemne con normas que solo pueden modificarse mediante procedimientos especiales.,,,3,Material: conjunto de normas que organizan el poder público y fijan su ámbito de acción. Formal: documento solemne con normas que solo pueden modificarse mediante procedimientos especiales.,"La Constitución en sentido material se refiere a las normas que estructuran el poder; en sentido formal, al documento que exige procedimientos agravados para su reforma.",
opcion_unica,¿Cuál es el concepto de Constitución según Karl Schmitt?,Derecho,La constitución es un pacto social entre gobernantes y gobernados.,La constitución es la suma de los factores reales de poder que rigen en un país.,"La constitución es la unidad política de un pueblo, la situación total de su ordenación; también puede ser un sistema cerrado de normas que designa igualdad.","La constitución es un ser al que dan forma las normas, analizado desde la realidad, lo jurídico y lo escrito.",,,2,"La constitución es la unidad política de un pueblo, la situación total de su ordenación; también puede ser un sistema cerrado de normas que designa igualdad.","Para Schmitt, la constitución es la unidad política del pueblo, no solo un conjunto de normas.",
opcion_unica,¿Cuál es el concepto de Constitución según Ferdinand Lassalle?,Derecho,"La constitución es un ser al que dan forma las normas, analizado desde la realidad, lo jurídico y lo escrito.",La constitución es un pacto social entre gobernantes y gobernados.,"La constitución es la unidad política de un pueblo, la situación total de su ordenación.",La constitución es la ley fundamental que organiza el derecho público; puede ser real y efectiva (suma de factores reales de poder) o escrita (plasmación de esos factores en un documento).,,,3,La constitución es la ley fundamental que organiza el derecho público; puede ser real y efectiva (suma de factores reales de poder) o escrita (plasmación de esos factores en un documento).,Lassalle distingue entre constitución real (factores de poder) y escrita (documento que los refleja).,
opcion_unica,¿Cuál es el concepto de Constitución según Herman Heller?,Derecho,"La constitución es la unidad política de un pueblo, la situación total de su ordenación.","La constitución es un ser al que dan forma las normas; se analiza desde la realidad (aspectos políticos y sociales), lo jurídico (estructura y funcionamiento del Estado) y lo escrito (documento formal).",La constitución es un pacto social entre gobernantes y gobernados.,La constitución es la suma de los factores reales de poder que rigen en un país.,,,1,"La constitución es un ser al que dan forma las normas; se analiza desde la realidad (aspectos políticos y sociales), lo jurídico (estructura y funcionamiento del Estado) y lo escrito (documento formal).","Heller concibe la constitución como una realidad normada, estudiada en sus dimensiones social, jurídica y escrita.",
opcion_unica,¿En qué consiste el principio de supremacía constitucional?,Derecho,En que los tratados internacionales están por encima de la Constitución.,En que el presidente puede suspender la Constitución en cualquier momento.,En que la Constitución puede ser modificada por cualquier ley ordinaria.,En que todas las leyes y normas del Estado derivan de la Constitución y ninguna está por encima de ella.,,,3,En que todas las leyes y normas del Estado derivan de la Constitución y ninguna está por encima de ella.,La supremacía constitucional implica que la Constitución es la norma fundamental y todas las demás leyes deben ajustarse a ella.,
opcion_unica,Menciona y explica tres de las consecuencias de la supremacía constitucional.,Derecho,La Constitución puede ser reformada por mayoría simple en el Congreso.,Las leyes federales pueden contradecir a la Constitución si son aprobadas por el Ejecutivo.,"Surgen los subprincipios de unidad, control y razonabilidad: las normas inferiores deben adecuarse a las superiores, la Constitución controla todas las leyes, y las leyes deben ser medios adecuados a los fines constituc…",Los tratados internacionales tienen jerarquía superior a la Constitución.,,,2,"Surgen los subprincipios de unidad, control y razonabilidad: las normas inferiores deben adecuarse a las superiores, la Constitución controla todas las leyes, y las leyes deben ser medios adecuados a los fines constituc…","La respuesta correcta identifica los tres subprincipios derivados de la supremacía constitucional, que son unidad, control y razonabilidad.",
opcion_unica,¿En qué consiste el principio de legalidad?,Derecho,En que los ciudadanos pueden hacer todo lo que no esté prohibido por la ley.,En que las autoridades pueden actuar discrecionalmente sin necesidad de ley.,En que las leyes deben ser claras y precisas para los gobernados.,En que los servidores públicos solo pueden hacer lo que les esté formal y expresamente permitido por la ley.,,,3,En que los servidores públicos solo pueden hacer lo que les esté formal y expresamente permitido por la ley.,El principio de legalidad restringe la actuación de los servidores públicos a lo expresamente autorizado por la ley.,
opcion_unica,¿En qué consiste el principio de inviolabilidad constitucional según el artículo 136 de la Constitución?,Derecho,En que la Constitución no perderá su fuerza y vigor aun cuando su observancia sea interrumpida por rebelión.,En que la Constitución no puede ser reformada en ningún caso.,En que la Constitución solo puede reformarse mediante un referéndum.,En que la Constitución es inviolable solo durante tiempos de paz.,,,0,En que la Constitución no perderá su fuerza y vigor aun cuando su observancia sea interrumpida por rebelión.,El artículo 136 establece que la Constitución conserva su vigor incluso si una rebelión interrumpe su observancia.,
opcion_unica,¿En qué consiste el principio de reformabilidad constitucional?,Derecho,En que la Constitución puede ser reformada mediante un procedimiento especial establecido en la propia Constitución.,En que la Constitución puede ser reformada por una ley ordinaria.,En que la Constitución no puede ser modificada jamás.,En que la Constitución puede ser reformada por el presidente sin intervención del Congreso.,,,0,En que la Constitución puede ser reformada mediante un procedimiento especial establecido en la propia Constitución.,El principio de reformabilidad permite modificar la Constitución a través de un procedimiento especial previsto en ella misma.,
opcion_unica,"De acuerdo con el artículo 135 constitucional, ¿en qué consiste el procedimiento para adicionar o reformar la Constitución?",Derecho,"Se requiere que el Congreso de la Unión, por el voto de las dos terceras partes de los individuos presentes, acuerde las reformas o adiciones, y que estas sean aprobadas por la mayoría de las legislaturas de los Estados.",Se requiere la aprobación del presidente y de la Suprema Corte de Justicia.,Se requiere la aprobación de la mayoría absoluta de los miembros del Congreso.,Se requiere la aprobación de las dos terceras partes de los Estados y del presidente.,,,0,"Se requiere que el Congreso de la Unión, por el voto de las dos terceras partes de los individuos presentes, acuerde las reformas o adiciones, y que estas sean aprobadas por la mayoría de las legislaturas de los Estados.",El artículo 135 exige el voto de las dos terceras partes del Congreso y la aprobación de la mayoría de las legislaturas estatales.,
opcion_unica,¿En qué consiste el medio de control de la constitucionalidad a cargo de un órgano político?,Derecho,"En que un órgano político especial, distinto de los tres poderes clásicos, realiza un estudio no contencioso para declarar si una ley o acto es constitucional, sin emitir una sentencia.",En que el Congreso de la Unión revisa la constitucionalidad de todas las leyes.,En que un juez ordinario decide sobre la constitucionalidad en un procedimiento contencioso.,En que el presidente de la República declara la inconstitucionalidad de las leyes.,,,0,"En que un órgano político especial, distinto de los tres poderes clásicos, realiza un estudio no contencioso para declarar si una ley o acto es constitucional, sin emitir una sentencia.","El control político lo ejerce un órgano especial que actúa de oficio o a petición de autoridades, mediante un procedimiento no contencioso.",
opcion_unica,¿Cuáles son los inconvenientes de que el control de la constitucionalidad lo ejerza el órgano político?,Derecho,Que no existe un órgano especializado para realizar el control.,"Que la declaración de inconstitucionalidad no es contenciosa, no reviste carácter de sentencia y puede generar una peligrosa interpretación absoluta de inconstitucionalidad.",Que el procedimiento es demasiado lento y costoso.,Que el órgano político carece de imparcialidad y no puede ser objetivo.,,,1,"Que la declaración de inconstitucionalidad no es contenciosa, no reviste carácter de sentencia y puede generar una peligrosa interpretación absoluta de inconstitucionalidad.",El control político presenta inconvenientes como la falta de carácter contencioso y la posibilidad de interpretaciones absolutas que afectan la autoridad.,
opcion_unica,¿En qué consiste el medio de control de la constitucionalidad ejercido por el órgano jurisdiccional?,Derecho,En que un órgano político revisa la constitucionalidad de las leyes.,En que el Congreso declara la inconstitucionalidad de las leyes.,En que un juez determina la constitucionalidad de un acto o ley dentro de un procedimiento contencioso.,En que el presidente decide si una ley es constitucional.,,,2,En que un juez determina la constitucionalidad de un acto o ley dentro de un procedimiento contencioso.,"El control jurisdiccional se realiza por jueces en el marco de un proceso contencioso, resolviendo sobre la constitucionalidad.",
opcion_unica,¿Cuál es la conveniencia de que el control de la constitucionalidad esté a cargo del órgano jurisdiccional?,Derecho,"Que la controversia se ventila entre el individuo agraviado y la autoridad responsable, y las resoluciones tienen efectos relativos, evitando interpretaciones absolutas de inconstitucionalidad.",Que las resoluciones tienen efectos generales para todos los casos.,Que el juez puede declarar la inconstitucionalidad de oficio sin necesidad de demanda.,Que el procedimiento es más rápido y económico que el político.,,,0,"Que la controversia se ventila entre el individuo agraviado y la autoridad responsable, y las resoluciones tienen efectos relativos, evitando interpretaciones absolutas de inconstitucionalidad.","El control jurisdiccional permite que las partes presenten sus argumentos y las sentencias solo afectan al caso concreto, evitando declaraciones generales.",
opcion_unica,¿De qué manera el orden jurídico regula la actuación humana?,Derecho,"De manera autoritaria, con un tono absolutamente obligatorio.","De manera sancionadora, únicamente castigando las conductas ilícitas.","De manera facultativa, dejando a la voluntad de los individuos su cumplimiento.","De manera indicativa, solo sugiriendo conductas deseables.",,,0,"De manera autoritaria, con un tono absolutamente obligatorio.","El orden jurídico regula la conducta humana de forma autoritaria y obligatoria, imponiendo deberes y otorgando derechos.",
opcion_unica,¿Cuándo interviene el Estado en las relaciones del hombre con sus semejantes?,Derecho,Cuando el hombre actúa en su vida privada sin repercusión social.,"Cuando estas afectan la consecución plena del bien común, la justicia, la seguridad jurídica y la convivencia armónica de los derechos subjetivos.",Cuando las relaciones se dan en el ámbito familiar y no trascienden a la comunidad.,Cuando las relaciones son exclusivamente de carácter privado y no afectan a terceros.,,,1,"Cuando estas afectan la consecución plena del bien común, la justicia, la seguridad jurídica y la convivencia armónica de los derechos subjetivos.",El Estado interviene cuando las relaciones humanas impactan los fines colectivos como el bien común y la justicia.,
opcion_unica,"¿De qué manera el Estado garantiza el bien común, la justicia, la seguridad jurídica y la armonía social?",Derecho,Por medio de la autorregulación voluntaria de los ciudadanos.,Con la intervención directa en la economía y la sociedad.,A través de la persuasión moral y la educación cívica.,Mediante un orden coactivo aplicado por una institución jurídico-política.,,,3,Mediante un orden coactivo aplicado por una institución jurídico-política.,"El Estado utiliza un orden coactivo, es decir, normas respaldadas por la fuerza, aplicadas por instituciones jurídicas y políticas.",
opcion_unica,¿Qué da lugar a la institución denominada Estado y a su autoridad?,Derecho,El deseo de los gobernantes de concentrar el poder y la riqueza.,La necesidad de controlar a la población mediante la fuerza militar.,La imposición de un orden por parte de un conquistador extranjero.,"La exigencia de la naturaleza libre y social del hombre que requiere un orden legalmente fundado y adecuadamente motivado por la realidad, derivando el poder originario del pueblo.",,,3,"La exigencia de la naturaleza libre y social del hombre que requiere un orden legalmente fundado y adecuadamente motivado por la realidad, derivando el poder originario del pueblo.","El Estado surge de la necesidad humana de orden y justicia, derivando su poder del pueblo.",
opcion_unica,¿Cuál es la definición de Estado?,Derecho,Es una comunidad de personas con una misma cultura e idioma.,Es un conjunto de leyes y normas que rigen a una sociedad.,Es una organización política sin territorio definido.,Es una población unida orgánicamente bajo una suprema autoridad y agrupada en un determinado territorio.,,,3,Es una población unida orgánicamente bajo una suprema autoridad y agrupada en un determinado territorio.,"El Estado se define por la unión orgánica de población, autoridad y territorio.",
opcion_unica,¿Cuáles son los elementos materiales del Estado y cómo se define cada uno?,Derecho,"Pueblo, leyes y fronteras.","Poder legislativo, ejecutivo y judicial.",Población: grupo de personas que habita en un territorio; Gobierno: autoridad encargada de proteger a la población y al territorio; Territorio: ámbito geográfico donde el Estado ejerce su soberanía.,"Nación, soberanía y gobierno.",,,2,Población: grupo de personas que habita en un territorio; Gobierno: autoridad encargada de proteger a la población y al territorio; Territorio: ámbito geográfico donde el Estado ejerce su soberanía.,"Los elementos materiales son población, gobierno y territorio, cada uno con funciones específicas.",
opcion_unica,¿Qué es la soberanía?,Derecho,Es la facultad de autodeterminación que permite a un Estado autogobernarse políticamente.,Es la capacidad de un Estado para imponer su voluntad a otros Estados.,Es la independencia económica de un país frente a otros.,Es el poder absoluto del gobernante sin límites legales.,,,0,Es la facultad de autodeterminación que permite a un Estado autogobernarse políticamente.,La soberanía es la capacidad de autogobierno sin interferencia externa.,
opcion_unica,¿Cuáles son las tres formas fundamentales como históricamente se han formado los Estados?,Derecho,Desarrollo orgánico desde una asociación familiar primitiva; reunión voluntaria bajo un jefe electo; sometimiento por un conquistador seguido del reconocimiento del pueblo.,"Acuerdo internacional, tratado y cesión territorial.","Conquista, colonización y anexión.","Revolución, independencia y federación.",,,0,Desarrollo orgánico desde una asociación familiar primitiva; reunión voluntaria bajo un jefe electo; sometimiento por un conquistador seguido del reconocimiento del pueblo.,"Históricamente, los Estados se han formado por evolución orgánica, pacto voluntario o conquista.",
opcion_unica,¿Qué es el Estado de derecho?,Derecho,Es aquel que se rige por la voluntad del gobernante en turno.,Es aquel que se sustenta en la fuerza militar y la represión.,Es aquel que se organiza y funciona de acuerdo con los principios emanados de la constitución.,Es aquel que se basa en la tradición y costumbres de la sociedad.,,,2,Es aquel que se organiza y funciona de acuerdo con los principios emanados de la constitución.,El Estado de derecho se caracteriza por someterse a la constitución y al marco legal.,
opcion_unica,¿Cuáles son los fines del Estado de derecho y cómo se define cada uno?,Derecho,Paz: ausencia de conflictos; Orden: obediencia a la autoridad; Progreso: desarrollo económico.,Bien común: equilibrio entre intereses sociales e individuales; Justicia: dar a cada quien lo que legalmente le pertenece; Seguridad jurídica: certeza del régimen jurídico bajo el cual se regula a los gobernados.,Libertad: hacer lo que se quiera; Igualdad: trato idéntico para todos; Fraternidad: solidaridad entre ciudadanos.,Democracia: gobierno del pueblo; República: división de poderes; Federalismo: autonomía de los estados.,,,1,Bien común: equilibrio entre intereses sociales e individuales; Justicia: dar a cada quien lo que legalmente le pertenece; Seguridad jurídica: certeza del régimen jurídico bajo el cual se regula a los gobernados.,"Los fines del Estado de derecho son el bien común, la justicia y la seguridad jurídica.",
opcion_unica,¿Qué requiere el Estado de derecho para su funcionamiento?,Derecho,"Una constitución, un presidente y un congreso.","Un ejército fuerte, una policía eficiente y un sistema penitenciario.","Una economía de mercado, una banca central y un sistema tributario.","Un sistema de poderes, un sistema de normas y los fines.",,,3,"Un sistema de poderes, un sistema de normas y los fines.","El Estado de derecho requiere estructura de poderes, normas jurídicas y fines que orienten su actuación.",
opcion_unica,¿Cuáles son los presupuestos del Estado de derecho?,Derecho,"La existencia de un código civil, un código penal y un código de comercio.","Libertad como creación de la ley, razones de la ley, derechos del hombre, identidad entre coacción legítima, libertad y derecho, y organización del Estado y posición del ciudadano.","Solo la libertad y los derechos del hombre, sin considerar la organización estatal.","La división de poderes, la soberanía popular y la supremacía constitucional.",,,1,"Libertad como creación de la ley, razones de la ley, derechos del hombre, identidad entre coacción legítima, libertad y derecho, y organización del Estado y posición del ciudadano.","Los presupuestos del Estado de derecho incluyen la libertad como creación de la ley, las razones de la ley, los derechos del hombre, la identidad entre coacción legítima, libertad y derecho, y la organización del Estado y la posición del ciudadano.",
opcion_unica,¿Qué relaciones se establecen entre el Estado de derecho y el poder?,Derecho,El poder se ejerce sin necesidad de respetar los derechos fundamentales.,El poder es absoluto y no está sujeto a normas.,"El poder debe ejercerse conforme a normas jurídicas, garantiza derechos, se legitima mediante la legalidad, y se limita mediante la división de poderes.",El poder solo se limita por la voluntad del gobernante.,,,2,"El poder debe ejercerse conforme a normas jurídicas, garantiza derechos, se legitima mediante la legalidad, y se limita mediante la división de poderes.","En el Estado de derecho, el poder se ejerce conforme a normas, garantiza derechos, se legitima mediante la legalidad y se limita mediante la división de poderes.",
opcion_unica,¿Cuál es la definición de nacionalidad?,Derecho,"Es la condición de ser ciudadano de un país, con derecho a votar y ser votado.","Es el vínculo jurídico que une a una persona con un estado, otorgándole derechos y obligaciones.","Es el lugar de nacimiento de una persona, independientemente de su filiación.",Es la situación de interdependencia que guarda una comunidad respecto de la soberanía de un país o estado.,,,3,Es la situación de interdependencia que guarda una comunidad respecto de la soberanía de un país o estado.,La nacionalidad se define como la situación de interdependencia que guarda una comunidad respecto de la soberanía de un país o estado.,
opcion_unica,¿Cuál es la diferencia entre nacionalidad jurídica propia e impropia?,Derecho,La propia es voluntaria y la impropia es impuesta.,"La nacionalidad jurídica propia se atribuye a las personas, mientras que la impropia se atribuye a los objetos.",La propia se adquiere por nacimiento y la impropia por naturalización.,La propia se refiere a personas físicas y la impropia a personas morales.,,,1,"La nacionalidad jurídica propia se atribuye a las personas, mientras que la impropia se atribuye a los objetos.","La diferencia radica en que la nacionalidad jurídica propia se atribuye a las personas, mientras que la impropia se atribuye a los objetos.",
opcion_unica,¿Cuál es la diferencia entre nacionalidad jurídica propia esencial y accidental?,Derecho,"La esencial se atribuye a las personas físicas, mientras que la accidental se atribuye a las personas morales o colectivas.",La esencial es permanente y la accidental es temporal.,La esencial es impuesta y la accidental es voluntaria.,La esencial se adquiere por nacimiento y la accidental por residencia.,,,0,"La esencial se atribuye a las personas físicas, mientras que la accidental se atribuye a las personas morales o colectivas.","La nacionalidad jurídica propia esencial se atribuye a las personas físicas, y la accidental a las personas morales o colectivas.",
opcion_unica,¿Cuál es la diferencia entre nacionalidad jurídica propia impuesta y otorgada?,Derecho,La impuesta se da por nacimiento y la otorgada por matrimonio.,"La impuesta se da sin consentimiento del individuo, mientras que la otorgada requiere su manifestación de voluntad.",La impuesta es para personas morales y la otorgada para personas físicas.,La impuesta es automática y la otorgada es discrecional del estado.,,,1,"La impuesta se da sin consentimiento del individuo, mientras que la otorgada requiere su manifestación de voluntad.","La diferencia es que la nacionalidad impuesta no requiere consentimiento del individuo, mientras que la otorgada sí requiere su manifestación de voluntad.",
opcion_unica,¿Cuál es la diferencia entre el IUS SOLI y el IUS SANGUINIS?,Derecho,El IUS SOLI se aplica solo a extranjeros y el IUS SANGUINIS solo a nacionales.,"El IUS SOLI atribuye la nacionalidad por el lugar de nacimiento, mientras que el IUS SANGUINIS la atribuye por la nacionalidad de los padres.",El IUS SOLI es un criterio moderno y el IUS SANGUINIS es antiguo.,El IUS SOLI se basa en la residencia y el IUS SANGUINIS en el matrimonio.,,,1,"El IUS SOLI atribuye la nacionalidad por el lugar de nacimiento, mientras que el IUS SANGUINIS la atribuye por la nacionalidad de los padres.","El IUS SOLI otorga nacionalidad por el lugar de nacimiento, mientras que el IUS SANGUINIS la otorga por la nacionalidad de los padres.",
opcion_unica,¿En qué consiste el IUS DOMICILI?,Derecho,Atribuye la nacionalidad por el lugar de nacimiento.,"Atribuye la nacionalidad a las personas según el lugar donde fijen permanentemente su domicilio, sin importar su origen o la nacionalidad de sus padres.",Atribuye la nacionalidad por la nacionalidad de los padres.,Atribuye la nacionalidad por matrimonio con un nacional.,,,1,"Atribuye la nacionalidad a las personas según el lugar donde fijen permanentemente su domicilio, sin importar su origen o la nacionalidad de sus padres.","El IUS DOMICILI otorga nacionalidad a quien fija su domicilio permanente en un país, independientemente de su origen o filiación.",
opcion_unica,¿En qué consiste el IUS CONUBI?,Derecho,Es el criterio por el cual la nacionalidad se obtiene según la nacionalidad de la persona con quien se contrae matrimonio.,Es el criterio por el cual la nacionalidad se obtiene por naturalización.,Es el criterio por el cual la nacionalidad se obtiene por nacimiento.,Es el criterio por el cual la nacionalidad se obtiene por residencia.,,,0,Es el criterio por el cual la nacionalidad se obtiene según la nacionalidad de la persona con quien se contrae matrimonio.,El IUS CONUBI establece que la nacionalidad se adquiere por matrimonio con una persona de cierta nacionalidad.,
opcion_unica,"Según el artículo 33 constitucional, ¿quiénes se consideran extranjeros?",Derecho,Los que han perdido la nacionalidad mexicana.,Los que nacen en el extranjero de padres mexicanos.,Los que no posean las calidades determinadas en el artículo 30 constitucional.,Los que tienen doble nacionalidad.,,,2,Los que no posean las calidades determinadas en el artículo 30 constitucional.,El artículo 33 establece que son extranjeros quienes no cumplan con las calidades que señala el artículo 30 constitucional.,
opcion_unica,"De acuerdo con el artículo 33 constitucional, ¿de qué derechos gozan los extranjeros?",Derecho,"Gozan de las garantías que otorga el Capítulo I, Título Primero, constitucional.",Gozan únicamente de los derechos humanos reconocidos en tratados internacionales.,"No gozan de ningún derecho, solo de las facultades que les conceda el Ejecutivo.",Gozan de todos los derechos políticos y civiles de los mexicanos.,,,0,"Gozan de las garantías que otorga el Capítulo I, Título Primero, constitucional.","El artículo 33 otorga a los extranjeros las garantías individuales del Capítulo I, sin derechos políticos.",
opcion_unica,"Según el artículo 33 de la Constitución, ¿qué facultades tiene el Presidente de la República respecto a los extranjeros?",Derecho,Facultad de expulsarlos solo mediante orden judicial.,Facultad de detenerlos y someterlos a proceso penal.,Facultad exclusiva de hacerlos abandonar el territorio nacional inmediatamente y sin juicio previo si su permanencia es inconveniente.,Facultad de deportarlos únicamente por decisión del Congreso.,,,2,Facultad exclusiva de hacerlos abandonar el territorio nacional inmediatamente y sin juicio previo si su permanencia es inconveniente.,El artículo 33 confiere al Ejecutivo la facultad exclusiva de expulsión inmediata sin juicio previo.,
opcion_unica,"Según el artículo 33 de la Constitución, ¿qué restricciones tienen los extranjeros?",Derecho,No pueden casarse con mexicanos.,No pueden ejercer actividades económicas sin permiso.,No pueden adquirir bienes inmuebles en México.,No pueden inmiscuirse en los asuntos políticos del país.,,,3,No pueden inmiscuirse en los asuntos políticos del país.,El artículo 33 prohíbe a los extranjeros intervenir en asuntos políticos.,
opcion_unica,"De acuerdo con el artículo 3o. constitucional, ¿en qué consiste la democracia?",Derecho,"En un sistema de vida fundado en el constante mejoramiento económico, social y cultural del pueblo, no solo una estructura jurídica y régimen político.",En una estructura jurídica que garantiza la igualdad absoluta de todos los individuos.,En un sistema de gobierno donde solo los ciudadanos con propiedades pueden votar.,En un régimen político donde el poder lo ejerce un partido único.,,,0,"En un sistema de vida fundado en el constante mejoramiento económico, social y cultural del pueblo, no solo una estructura jurídica y régimen político.",La democracia se concibe como un sistema de vida que busca el mejoramiento integral del pueblo.,
opcion_unica,¿Cuál es la forma de gobierno de México?,Derecho,Monarquía constitucional con división de poderes.,República presidencialista unitaria.,República centralista con estados subordinados al poder central.,"República representativa, democrática y federal, compuesta de estados libres y soberanos.",,,3,"República representativa, democrática y federal, compuesta de estados libres y soberanos.","El artículo 40 establece que México es una república representativa, democrática y federal.",
opcion_unica,"Según el número de personas que ejercen el poder y la forma en que lo hacen, ¿qué se determina?",Derecho,La organización territorial de la nación.,El tipo de constitución que rige al Estado.,"La forma de gobierno, que en México se basa en la división de poderes: Legislativo, Ejecutivo y Judicial.",El sistema económico del país.,,,2,"La forma de gobierno, que en México se basa en la división de poderes: Legislativo, Ejecutivo y Judicial.","La forma de gobierno se determina por quién ejerce el poder y cómo, en México mediante la división de poderes.",
opcion_unica,¿Bajo qué principio se determina la forma de gobierno en México?,Derecho,El principio de legalidad administrativa.,El principio de separación Iglesia-Estado.,"El principio de soberanía popular y representación, según el artículo 40, que establece una república representativa, democrática y federal.",El principio de supremacía constitucional.,,,2,"El principio de soberanía popular y representación, según el artículo 40, que establece una república representativa, democrática y federal.","La forma de gobierno se determina por la voluntad del pueblo de constituirse en una república representativa, democrática y federal.",
opcion_unica,¿Cuáles son las partes del gobierno y cuál es la función de cada una?,Derecho,Legislativo: administrar; Ejecutivo: legislar; Judicial: ejecutar leyes.,Legislativo: legislar; Ejecutivo: administrar; Judicial: resolver controversias.,Legislativo: juzgar; Ejecutivo: legislar; Judicial: administrar.,Legislativo: representar; Ejecutivo: juzgar; Judicial: administrar.,,,1,Legislativo: legislar; Ejecutivo: administrar; Judicial: resolver controversias.,"La división de poderes asigna al Legislativo la función legislativa, al Ejecutivo la administrativa y al Judicial la jurisdiccional.",
opcion_unica,"¿En qué consiste la función legislativa, administrativa y jurisdiccional?",Derecho,Legislativa: resolver conflictos; Administrativa: crear normas; Jurisdiccional: ejecutar actos.,Legislativa: crear normas generales; Administrativa: ejecutar actos concretos; Jurisdiccional: resolver conflictos mediante un tercero imparcial.,Legislativa: ejecutar actos; Administrativa: resolver conflictos; Jurisdiccional: crear normas.,Legislativa: crear normas; Administrativa: resolver conflictos; Jurisdiccional: ejecutar actos.,,,1,Legislativa: crear normas generales; Administrativa: ejecutar actos concretos; Jurisdiccional: resolver conflictos mediante un tercero imparcial.,"Cada función tiene un fin específico: legislar, administrar y juzgar, respectivamente.",
opcion_unica,¿Cuál es el concepto de Derecho Constitucional?,Derecho,Rama del Derecho que estudia los tratados internacionales.,Rama del Derecho que regula las relaciones entre particulares.,Rama del Derecho que analiza y controla las leyes fundamentales que rigen al Estado.,Rama del Derecho que se encarga de la organización de los tribunales.,,,2,Rama del Derecho que analiza y controla las leyes fundamentales que rigen al Estado.,El Derecho Constitucional se centra en las normas fundamentales del Estado.,
opcion_unica,¿Cuál es el objeto del derecho constitucional?,Derecho,Regular la actividad comercial entre los estados y la federación.,Estudiar únicamente las leyes secundarias que emanan del Congreso.,Analizar las relaciones entre particulares y las obligaciones civiles.,"Estudiar la forma de gobierno y la regulación de los poderes públicos, tanto en su relación con los ciudadanos como entre sus distintos órganos.",,,3,"Estudiar la forma de gobierno y la regulación de los poderes públicos, tanto en su relación con los ciudadanos como entre sus distintos órganos.",El derecho constitucional se centra en la organización del Estado y los límites al poder público.,
opcion_unica,¿Cuáles son las fuentes del derecho constitucional mexicano?,Derecho,"La Constitución, la jurisprudencia, la costumbre, la ley, la doctrina y las reglas del juego del sistema político.",Solo la Constitución y las leyes federales.,La costumbre y los tratados internacionales.,Únicamente la jurisprudencia y la doctrina.,,,0,"La Constitución, la jurisprudencia, la costumbre, la ley, la doctrina y las reglas del juego del sistema político.",Las fuentes incluyen tanto normas escritas como prácticas y principios que configuran el orden constitucional.,
opcion_unica,¿Cuál es una definición de Constitución?,Derecho,Documento histórico sin fuerza normativa actual.,"Norma suprema que fundamenta el ordenamiento jurídico, crea y limita los poderes constituidos al servicio de las personas.",Conjunto de decretos presidenciales con jerarquía inferior a las leyes.,Ley ordinaria que puede ser modificada por el Congreso sin requisitos especiales.,,,1,"Norma suprema que fundamenta el ordenamiento jurídico, crea y limita los poderes constituidos al servicio de las personas.",La Constitución es la norma fundamental que organiza el Estado y garantiza derechos.,
opcion_unica,¿Cuántos documentos constitucionales anteceden a la Constitución de 1917?,Derecho,Seis: incluyendo la Constitución de Cádiz.,"Cinco: 1824, Siete Leyes, Bases Orgánicas, Acta de Reformas y Constitución de 1857.","Cuatro: 1824, Siete Leyes, Bases Orgánicas y Constitución de 1857.","Tres: 1824, 1857 y el Imperio de Iturbide.",,,1,"Cinco: 1824, Siete Leyes, Bases Orgánicas, Acta de Reformas y Constitución de 1857.","La Constitución de 1917 es la sexta, pues le precedieron cinco documentos constitucionales.",
opcion_unica,¿Cómo se divide la Constitución mexicana y cuántos artículos tiene?,Derecho,"En parte dogmática y parte social, con 150 artículos.","En parte dogmática (artículos 1-29) y parte orgánica (artículos 30-136), con 136 artículos y 19 transitorios.","En parte dogmática y parte orgánica, con 130 artículos y 10 transitorios.","En parte orgánica y parte procesal, con 120 artículos.",,,1,"En parte dogmática (artículos 1-29) y parte orgánica (artículos 30-136), con 136 artículos y 19 transitorios.",La Constitución de 1917 tiene 136 artículos y se divide en dogmática y orgánica.,
opcion_unica,¿Qué es la supremacía constitucional y cuál es su fundamento?,Derecho,Que las leyes federales están por encima de la Constitución; se fundamenta en el artículo 124.,Que la Constitución puede ser reformada por el presidente; se fundamenta en el artículo 89.,Que los tratados internacionales tienen mayor jerarquía que la Constitución; se fundamenta en el artículo 15.,Que la Constitución es la norma fundamental que está por encima de todas las demás; se fundamenta en el artículo 133.,,,3,Que la Constitución es la norma fundamental que está por encima de todas las demás; se fundamenta en el artículo 133.,"El artículo 133 establece que la Constitución, las leyes del Congreso y los tratados son la ley suprema de la Unión.",
opcion_unica,¿Cuáles son los principios doctrinales que rigen al derecho constitucional?,Derecho,"División de poderes, protección del Estado de derecho, soberanía nacional y derechos fundamentales.",Centralización del poder y supresión de garantías.,Predominio del poder ejecutivo sobre los demás.,Autonomía de los estados sin control federal.,,,0,"División de poderes, protección del Estado de derecho, soberanía nacional y derechos fundamentales.",Estos principios garantizan el equilibrio del poder y el respeto a los derechos.,
opcion_unica,¿Qué son las garantías constitucionales y cómo se dividen?,Derecho,Facultades del presidente; se dividen en administrativas y legislativas.,Derechos humanos reconocidos solo en tratados; se dividen en civiles y políticos.,Instrumentos procesales para restablecer el orden constitucional; se dividen en individuales y sociales.,Obligaciones de los ciudadanos; se dividen en fiscales y militares.,,,2,Instrumentos procesales para restablecer el orden constitucional; se dividen en individuales y sociales.,"Las garantías individuales protegen derechos de libertad, igualdad y seguridad; las sociales protegen a grupos vulnerables.",
opcion_unica,¿Qué es el fuero?,Derecho,Inmunidad absoluta de los servidores públicos para cometer delitos.,Derecho de los ciudadanos a no pagar impuestos.,Prerrogativa de ciertos servidores públicos de ser juzgados por procedimientos especiales y no ser detenidos sin autorización.,Privilegio de los jueces para dictar sentencias sin apelación.,,,2,Prerrogativa de ciertos servidores públicos de ser juzgados por procedimientos especiales y no ser detenidos sin autorización.,"El fuero protege la función pública, pero no exime de responsabilidad penal.",
opcion_unica,¿Qué es el juicio político y cuál es su fundamento?,Derecho,Procedimiento penal ordinario contra cualquier ciudadano; fundamentado en el artículo 14.,Juicio civil para resolver disputas entre particulares; fundamentado en el artículo 17.,Procedimiento administrativo para destituir a jueces; fundamentado en el artículo 100.,Procedimiento para sancionar a servidores públicos que afecten intereses públicos fundamentales; fundamentado en el artículo 110 constitucional.,,,3,Procedimiento para sancionar a servidores públicos que afecten intereses públicos fundamentales; fundamentado en el artículo 110 constitucional.,El juicio político se aplica a servidores públicos por faltas graves y se fundamenta en el artículo 110.,
opcion_unica,"¿Qué es un funcionario público, un servidor público y un empleado público?",Derecho,El empleado presta servicios de apoyo sin poder de decisión; el funcionario tiene poder jerárquico y de mando; el alto funcionario ocupa cargos de elección popular o altos niveles.,El funcionario es quien presta servicios de apoyo; el empleado tiene poder jerárquico; el alto funcionario es un cargo de confianza.,"Empleado, funcionario y alto funcionario son sinónimos que designan a cualquier persona que trabaja en el gobierno.",El empleado tiene poder de decisión; el funcionario solo realiza labores administrativas; el alto funcionario es cualquier trabajador del Estado.,,,0,El empleado presta servicios de apoyo sin poder de decisión; el funcionario tiene poder jerárquico y de mando; el alto funcionario ocupa cargos de elección popular o altos niveles.,"La respuesta correcta distingue los tres conceptos según su nivel de autoridad y funciones, tal como se definen en la doctrina y la legislación mexicana.",
opcion_unica,¿Cómo se clasifican las constituciones?,Derecho,"Solo se clasifican en federales y unitarias, según la forma de Estado.","La clasificación es exclusivamente por su contenido: políticas, económicas y sociales.","Se clasifican únicamente en codificadas y dispersas, sin otros criterios.","Se clasifican según diversos criterios: escritas o no escritas, rígidas o flexibles, originarias o derivadas, otorgadas o pactadas, entre otros.",,,3,"Se clasifican según diversos criterios: escritas o no escritas, rígidas o flexibles, originarias o derivadas, otorgadas o pactadas, entre otros.","La clasificación de las constituciones atiende a múltiples criterios como su forma, rigidez, origen y forma de otorgamiento, entre otros.",
opcion_unica,¿Qué son los tratados internacionales?,Derecho,Acuerdos verbales entre Estados sin formalidad escrita.,Leyes internas de un país que regulan sus relaciones exteriores.,"Acuerdos internacionales celebrados por escrito entre Estados, regidos por el derecho internacional, ya sea en un instrumento único o en varios conexos.",Contratos entre particulares de diferentes nacionalidades.,,,2,"Acuerdos internacionales celebrados por escrito entre Estados, regidos por el derecho internacional, ya sea en un instrumento único o en varios conexos.","La definición se basa en la Convención de Viena sobre el Derecho de los Tratados, que exige la forma escrita y el carácter internacional.",
opcion_unica,¿En qué consiste el control de constitucionalidad?,Derecho,Es la revisión que hace el Senado de los tratados internacionales.,Es el procedimiento para reformar la Constitución.,"Es el conjunto de medios jurídicos que previenen, reparan, nulifican o sancionan la violación de las disposiciones constitucionales.",Es la facultad del presidente para vetar leyes por razones políticas.,,,2,"Es el conjunto de medios jurídicos que previenen, reparan, nulifican o sancionan la violación de las disposiciones constitucionales.","El control de constitucionalidad abarca todos los mecanismos para garantizar la supremacía constitucional, incluyendo el juicio de amparo y otros procedimientos.",
opcion_unica,¿Qué es la ciudadanía?,Derecho,Es el conjunto de derechos exclusivamente políticos de los individuos.,Es la nacionalidad de una persona.,"Es la condición que se otorga al ciudadano de ser miembro de una comunidad organizada, con derechos y deberes.",Es el derecho a votar y ser votado.,,,2,"Es la condición que se otorga al ciudadano de ser miembro de una comunidad organizada, con derechos y deberes.","La ciudadanía implica la pertenencia a una comunidad política con derechos y obligaciones, como se define etimológicamente.",
opcion_unica,¿Qué es la nacionalidad?,Derecho,Es el derecho a participar en elecciones.,Es la calidad de ciudadano de un país.,"Es el estado al que pertenece una persona por nacimiento o naturalización, así como la condición peculiar de los pueblos de una nación.",Es el lugar donde reside una persona.,,,2,"Es el estado al que pertenece una persona por nacimiento o naturalización, así como la condición peculiar de los pueblos de una nación.","La nacionalidad se refiere al vínculo jurídico entre una persona y un Estado, adquirido por nacimiento o naturalización.",
opcion_unica,Mencione el concepto de garantía individual.,Derecho,Son las obligaciones de los ciudadanos hacia el Estado.,Son los derechos exclusivos de los ciudadanos mexicanos.,Son las facultades del Estado para limitar derechos.,"Son el conjunto de derechos consignados en los ordenamientos jurídicos vigentes, otorgados a favor de todo sujeto, que puede exigirlos frente a las autoridades.",,,3,"Son el conjunto de derechos consignados en los ordenamientos jurídicos vigentes, otorgados a favor de todo sujeto, que puede exigirlos frente a las autoridades.",Las garantías individuales son derechos fundamentales que protegen a las personas frente al poder del Estado.,
opcion_unica,¿Cuáles son las fuentes jurídicas de las garantías individuales?,Derecho,Solo la Constitución federal.,"La Constitución, las leyes secundarias, los tratados internacionales y las constituciones locales.",La jurisprudencia y la doctrina.,Los reglamentos y decretos presidenciales.,,,1,"La Constitución, las leyes secundarias, los tratados internacionales y las constituciones locales.","Las garantías individuales tienen como fuentes principales los ordenamientos jurídicos que las reconocen, como la Constitución y los tratados.",
opcion_unica,¿Cuáles son los elementos de las garantías individuales?,Derecho,"Poder, autoridad y ciudadano.","Sujeto activo, sujeto pasivo y sanción.","Sujeto titular, sujeto obligado y objeto de la garantía.","Derecho, deber y sanción.",,,2,"Sujeto titular, sujeto obligado y objeto de la garantía.",Los elementos de las garantías individuales son los sujetos de la relación jurídica y el bien jurídico protegido.,
opcion_unica,¿Cuáles son los principios constitucionales de las garantías individuales?,Derecho,"Igualdad, libertad y justicia.","División de poderes, federalismo y democracia.","Supremacía constitucional, legalidad y rigidez constitucional.","Legalidad, publicidad y contradicción.",,,2,"Supremacía constitucional, legalidad y rigidez constitucional.",Los principios que rigen las garantías individuales son los que aseguran su protección y supremacía en el orden jurídico.,
opcion_unica,¿Cuáles son las características de las garantías individuales?,Derecho,"Unilaterales, renunciables, supremas, alienables, prescriptibles, permanentes y generales.","Bilaterales, irrenunciables, inferiores, inalienables, imprescriptibles, temporales y particulares.","Unilaterales, irrenunciables, supremas, inalienables, imprescriptibles, permanentes y generales.","Bilaterales, renunciables, inferiores, enajenables, prescriptibles, temporales y particulares.",,,2,"Unilaterales, irrenunciables, supremas, inalienables, imprescriptibles, permanentes y generales.","Las garantías individuales son unilaterales, irrenunciables, supremas, inalienables, imprescriptibles, permanentes y generales.",
opcion_unica,¿En qué casos procede la suspensión de las garantías individuales?,Derecho,"En casos de invasión, perturbación grave de la paz pública o cualquier otro que ponga a la sociedad en grave peligro o conflicto.","En casos de huelga, manifestación o protesta social.","En casos de desastre natural, crisis económica o emergencia sanitaria.","En casos de inseguridad pública, delincuencia organizada o terrorismo.",,,0,"En casos de invasión, perturbación grave de la paz pública o cualquier otro que ponga a la sociedad en grave peligro o conflicto.","La suspensión procede en situaciones de invasión, perturbación grave de la paz pública o peligro grave para la sociedad, conforme al artículo 29.",
opcion_unica,¿Quién puede decretar la suspensión de las garantías individuales?,Derecho,Solamente el Presidente de los Estados Unidos Mexicanos.,"El Secretario de Gobernación, con autorización del Senado.","La Suprema Corte de Justicia de la Nación, a petición del Ejecutivo.","El Congreso de la Unión, con aprobación de las dos cámaras.",,,0,Solamente el Presidente de los Estados Unidos Mexicanos.,El artículo 29 constitucional faculta exclusivamente al Presidente de la República para decretar la suspensión.,
opcion_unica,¿Quiénes intervienen en la suspensión de las garantías individuales?,Derecho,"El Presidente, los secretarios de Estado y los gobernadores de los estados.","El Presidente, los gobernadores de los estados y el jefe de gobierno de la Ciudad de México.","El Presidente, los secretarios de Estado, jefes de departamento y el Procurador General de la República.","El Presidente, los presidentes de las cámaras del Congreso y el presidente de la Suprema Corte.",,,2,"El Presidente, los secretarios de Estado, jefes de departamento y el Procurador General de la República.","El artículo 29 establece que el Presidente debe acordar con los secretarios de Estado, jefes de departamento y el Procurador General de la República.",
opcion_unica,¿Cuál es la clasificación de las garantías individuales?,Derecho,"Garantías de seguridad, certeza, legalidad y justicia.","Garantías de igualdad, libertad, propiedad y seguridad jurídica.","Garantías de libertad, igualdad, fraternidad y propiedad.","Garantías de igualdad, justicia, libertad y seguridad social.",,,1,"Garantías de igualdad, libertad, propiedad y seguridad jurídica.","Las garantías individuales se clasifican en igualdad, libertad, propiedad y seguridad jurídica.",
opcion_unica,¿Cuáles son los requisitos del derecho de petición?,Derecho,"Formular la solicitud por escrito, de manera pacífica y respetuosa ante la autoridad.","Formular la solicitud verbalmente, de manera enérgica y ante cualquier autoridad.","Formular la solicitud por escrito, de manera anónima y sin necesidad de autoridad.","Formular la solicitud por escrito, de manera pacífica y ante el presidente de la República.",,,0,"Formular la solicitud por escrito, de manera pacífica y respetuosa ante la autoridad.","El derecho de petición exige que la solicitud sea por escrito, pacífica y respetuosa, dirigida a la autoridad competente.",
opcion_unica,¿Cuáles son las obligaciones de la autoridad al contestar el derecho de petición?,Derecho,"Responder por escrito, de forma discrecional, en el plazo que considere y sin notificar.","Responder por escrito, de forma favorable, en breve término y notificando al peticionario.","Responder verbalmente, de forma congruente, en un plazo de 30 días y sin necesidad de notificación.","Responder por escrito, de forma congruente, en breve término, notificando al peticionario, sin que la respuesta deba ser favorable.",,,3,"Responder por escrito, de forma congruente, en breve término, notificando al peticionario, sin que la respuesta deba ser favorable.","La autoridad debe dar respuesta por escrito, congruente, en breve término y notificarla, pero no está obligada a resolver favorablemente.",
opcion_unica,¿En qué materia se restringe el derecho de petición?,Derecho,"En materia política, pues solo los ciudadanos de la República pueden ejercerlo.","En materia fiscal, pues solo los contribuyentes pueden ejercerlo.","En materia laboral, pues solo los trabajadores pueden ejercerlo.","En materia penal, pues solo los abogados pueden ejercerlo.",,,0,"En materia política, pues solo los ciudadanos de la República pueden ejercerlo.","El derecho de petición se restringe en materia política, ya que solo los ciudadanos pueden ejercerlo, conforme al artículo 34.",
opcion_unica,¿Qué garantías de libertad consagra el artículo 11 constitucional?,Derecho,"Cambiar de residencia, poseer armas y transitar libremente.","Entrar al país, salir de él, trabajar y estudiar.","Viajar por el territorio, expresarse libremente y reunirse.","Entrar al país, salir de él, viajar por su territorio y cambiar de residencia.",,,3,"Entrar al país, salir de él, viajar por su territorio y cambiar de residencia.","El artículo 11 garantiza la libertad de entrar, salir, viajar y cambiar de residencia en México.",
opcion_unica,¿Qué garantías contiene el artículo 14 constitucional?,Derecho,"Irretroactividad legal, audiencia, legalidad penal y legalidad civil.","Irretroactividad legal, igualdad, libertad y propiedad.","Audiencia, legalidad penal, libertad de tránsito y seguridad jurídica.","Legalidad penal, legalidad civil, libertad de expresión y debido proceso.",,,0,"Irretroactividad legal, audiencia, legalidad penal y legalidad civil.","El artículo 14 consagra la irretroactividad de la ley, la audiencia, y la legalidad en materia penal y civil.",
opcion_unica,¿En qué consiste el principio de irretroactividad de la ley en México?,Derecho,"Prohíbe aplicar retroactivamente cualquier ley, sin excepción alguna.","Prohíbe aplicar retroactivamente una ley cuando cause perjuicio a una persona, pero permite efectos retroactivos si no le perjudican.",Prohíbe aplicar retroactivamente una ley solo en materia penal.,Permite aplicar retroactivamente una ley si es en beneficio del Estado.,,,1,"Prohíbe aplicar retroactivamente una ley cuando cause perjuicio a una persona, pero permite efectos retroactivos si no le perjudican.","El principio de irretroactividad solo protege contra la aplicación retroactiva que perjudique al individuo, permitiendo la retroactividad benigna.",
opcion_unica,¿Cuáles son los elementos esenciales de la garantía de audiencia?,Derecho,"Sujeto titular, acto de privación, juicio ante tribunales previamente establecidos y formalidades esenciales del procedimiento.","Sujeto titular, acto de privación, juicio ante cualquier autoridad y formalidades esenciales.","Sujeto titular, acto de privación, juicio ante tribunales y publicidad del procedimiento.","Sujeto titular, acto de molestia, juicio ante tribunales y formalidades esenciales.",,,0,"Sujeto titular, acto de privación, juicio ante tribunales previamente establecidos y formalidades esenciales del procedimiento.",La garantía de audiencia exige que antes de privar de bienes o derechos se siga un juicio ante tribunales previamente establecidos con las formalidades esenciales.,
opcion_unica,¿Qué principio penal se deriva de la garantía de exacta aplicación de la ley?,Derecho,La ley penal puede aplicarse por analogía si el delito es grave.,"No hay pena sin delito, toda conducta debe estar tipificada por el ordenamiento jurídico.","No hay delito sin pena, la autoridad puede sancionar conductas análogas.","Toda conducta puede ser sancionada si es inmoral, aunque no esté tipificada.",,,1,"No hay pena sin delito, toda conducta debe estar tipificada por el ordenamiento jurídico.",La exacta aplicación de la ley en materia penal implica que solo pueden sancionarse conductas previamente tipificadas como delito.,
opcion_unica,¿Cuándo se actualiza la legalidad en materia civil según el texto?,Derecho,Cuando el juez decide conforme a su leal saber y entender sin importar la ley.,Cuando la ley es clara y el juez solo la aplica literalmente.,Cuando existe contradicción de tesis y se resuelve por jurisprudencia.,"Cuando la ley es obscura, deficiente, incompleta o confusa y el juzgador debe interpretarla para fijar su sentido y alcance.",,,3,"Cuando la ley es obscura, deficiente, incompleta o confusa y el juzgador debe interpretarla para fijar su sentido y alcance.","La legalidad en materia civil obliga al juzgador a interpretar la ley cuando es deficiente u obscura, para resolver la controversia.",
opcion_unica,¿Qué garantías de seguridad jurídica contiene el artículo 16 constitucional?,Derecho,"Legalidad, orden de aprehensión, puesta a disposición, cateo y libertad de tránsito.","Legalidad, orden de aprehensión, puesta a disposición, cateo y derecho a la información.","Legalidad, orden de aprehensión judicial, puesta a disposición, excepciones, cateo, inviolabilidad de comunicaciones privadas, visita domiciliaria y protección del domicilio ante fuerzas armadas.","Legalidad, orden de aprehensión, puesta a disposición, cateo y libertad de expresión.",,,2,"Legalidad, orden de aprehensión judicial, puesta a disposición, excepciones, cateo, inviolabilidad de comunicaciones privadas, visita domiciliaria y protección del domicilio ante fuerzas armadas.","El artículo 16 protege diversas garantías de seguridad jurídica, incluyendo la legalidad, la orden de aprehensión judicial, el cateo y la inviolabilidad del domicilio.",
opcion_unica,¿Qué protege la garantía de legalidad prevista en el primer párrafo del artículo 16?,Derecho,Que ningún individuo sea privado de sus bienes sin juicio previo.,Que ningún individuo sea detenido sin orden judicial.,"Que ningún individuo sea afectado por actos de molestia que modifiquen su integridad personal, derechos familiares, domicilio, papeles o posesiones.",Que ningún individuo sea molestado en su persona o bienes sin mandamiento escrito de autoridad competente.,,,2,"Que ningún individuo sea afectado por actos de molestia que modifiquen su integridad personal, derechos familiares, domicilio, papeles o posesiones.",La garantía de legalidad del artículo 16 impide actos de molestia sin mandamiento escrito de autoridad competente que funde y motive la causa legal.,
opcion_unica,¿Cuáles son las excepciones a la orden de aprehensión?,Derecho,"Caso urgente y delito grave, pero solo si el indiciado es reincidente.","Delito flagrante y caso urgente, pero solo si hay orden del juez.",Delito flagrante y cualquier delito no grave si el MP lo ordena.,"Delito flagrante y caso urgente, cuando el MP ordene detención por delito grave y riesgo de sustracción, sin poder acudir ante el juez.",,,3,"Delito flagrante y caso urgente, cuando el MP ordene detención por delito grave y riesgo de sustracción, sin poder acudir ante el juez.",Las excepciones a la orden de aprehensión son la detención en flagrancia y el caso urgente bajo responsabilidad del MP.,
opcion_unica,¿Qué requisitos debe cumplir la orden de aprehensión para ser emitida por autoridad judicial?,Derecho,"Que proceda de denuncia o querella, que el delito esté tipificado y que exista sentencia condenatoria.","Que proceda de denuncia o querella, que el delito esté tipificado y sancionado con pena privativa de libertad, y que existan datos que acrediten el cuerpo del delito y la probable responsabilidad.","Que proceda de querella, que el delito esté tipificado y que exista orden del MP.","Que proceda de denuncia, que el delito sea grave y que exista confesión del indiciado.",,,1,"Que proceda de denuncia o querella, que el delito esté tipificado y sancionado con pena privativa de libertad, y que existan datos que acrediten el cuerpo del delito y la probable responsabilidad.","La orden de aprehensión judicial exige denuncia o querella, tipicidad, pena privativa de libertad y datos que acrediten el cuerpo del delito y la probable responsabilidad.",
opcion_unica,¿Quién ejecuta la orden de aprehensión y ante quién se pone al inculpado?,Derecho,"El MP directamente, y se pone al inculpado a disposición del juez.","La policía judicial, y se pone al inculpado a disposición del MP.","La autoridad policial judicial bajo la autoridad del MP, y se pone al inculpado a disposición del juez competente.","La policía preventiva, y se pone al inculpado a disposición del MP.",,,2,"La autoridad policial judicial bajo la autoridad del MP, y se pone al inculpado a disposición del juez competente.","La ejecución de la orden de aprehensión corresponde a la policía judicial bajo el mando del MP, y el inculpado debe quedar a disposición del juez.",
opcion_unica,¿Cuál es la diferencia entre individuo y ciudadano?,Derecho,El individuo es toda persona; el ciudadano es solo el que vota.,El individuo es nacional; el ciudadano es extranjero con residencia.,El individuo tiene derechos civiles; el ciudadano tiene derechos humanos.,El individuo es titular de derechos humanos; el ciudadano es titular de derechos políticos y civiles reconocidos por la constitución.,,,3,El individuo es titular de derechos humanos; el ciudadano es titular de derechos políticos y civiles reconocidos por la constitución.,"La distinción radica en que el individuo goza de derechos humanos inherentes, mientras que el ciudadano ejerce derechos políticos y civiles.",
opcion_unica,¿Cómo se inicia el Derecho Penal?,Derecho,Surge con la creación de los tribunales y códigos penales modernos.,Se origina a partir de la reflexión filosófica sobre la justicia y la moral.,Aparece con la consolidación del Estado y la división de poderes.,"El hombre ve reflejados sus instintos primarios, que lo llevan a proteger con violencia sus intereses particulares y a buscar el orden social mediante normas de conducta, castigando actos que ofendían a la comunidad.",,,3,"El hombre ve reflejados sus instintos primarios, que lo llevan a proteger con violencia sus intereses particulares y a buscar el orden social mediante normas de conducta, castigando actos que ofendían a la comunidad.",El Derecho Penal surge de la necesidad de proteger intereses particulares y mantener el orden social mediante normas que castigan conductas ofensivas.,
opcion_unica,¿En qué etapas se divide la evolución del Derecho Penal?,Derecho,"Venganza privada, venganza pública, etapa teológica, etapa racional y etapa moderna.","Venganza privada, venganza divina, venganza familiar, venganza pública, etapa humanística y etapa científica.","Venganza familiar, venganza estatal, etapa humanitaria, etapa correccional y etapa preventiva.","Etapa antigua, etapa media, etapa moderna y etapa contemporánea.",,,1,"Venganza privada, venganza divina, venganza familiar, venganza pública, etapa humanística y etapa científica.","La evolución del Derecho Penal comprende las etapas de venganza privada, divina, familiar, pública, humanística y científica.",
opcion_unica,¿Cuáles son las características de cada una de las etapas de la evolución del Derecho Penal?,Derecho,Todas las etapas se caracterizan por la crueldad de las penas y la ausencia de normas escritas.,La etapa humanística se distingue por el uso de la pena de muerte y la científica por la venganza familiar.,En la venganza privada se busca la proporcionalidad; en la divina se aplica la ley del Talión; en la familiar juzga el Estado; en la pública se usa el método científico.,En la venganza privada el ofendido actúa por propia mano; en la divina se juzga en nombre de los dioses; en la familiar surge la ley del Talión; en la pública impone la autoridad; en la humanística se suavizan las penas…,,,3,En la venganza privada el ofendido actúa por propia mano; en la divina se juzga en nombre de los dioses; en la familiar surge la ley del Talión; en la pública impone la autoridad; en la humanística se suavizan las penas…,Cada etapa tiene características distintivas: desde la autojusticia desproporcionada hasta el enfoque científico en la prevención y rehabilitación.,
opcion_unica,¿Cuáles son las escuelas jurídico penales?,Derecho,"Clásica, positiva, sociológica, técnico jurídica y crítica.","Sociológica, ecléctica, correccionalista y finalista.","Clásica, moderna, funcionalista y garantista.","Positiva, naturalista, historicista y analítica.",,,0,"Clásica, positiva, sociológica, técnico jurídica y crítica.","Las escuelas jurídico penales reconocidas son la clásica, positiva, sociológica, técnico jurídica y crítica.",
opcion_unica,Establece las características de la escuela clásica.,Derecho,Sostiene que la pena debe ser indeterminada y que el juez tiene amplia discrecionalidad.,Niega el libre albedrío y propone medidas de seguridad indeterminadas.,"Afirma el libre albedrío, la responsabilidad moral, la igualdad ante la ley, el método deductivo y la proporcionalidad de la pena.",Se basa en el método inductivo y en la peligrosidad del delincuente.,,,2,"Afirma el libre albedrío, la responsabilidad moral, la igualdad ante la ley, el método deductivo y la proporcionalidad de la pena.","La escuela clásica se fundamenta en el libre albedrío, la responsabilidad moral y la proporcionalidad de la pena.",
opcion_unica,Establece las características de la escuela positiva.,Derecho,Considera que la pena es la única herramienta eficaz para prevenir el delito.,Afirma el libre albedrío y la responsabilidad moral del individuo.,Utiliza el método deductivo y busca la proporcionalidad entre delito y pena.,"Niega el libre albedrío, se centra en el delincuente y su peligrosidad, usa el método inductivo y prefiere medidas de seguridad sobre penas.",,,3,"Niega el libre albedrío, se centra en el delincuente y su peligrosidad, usa el método inductivo y prefiere medidas de seguridad sobre penas.",La escuela positiva se opone al libre albedrío y enfatiza el estudio científico del delincuente y su peligrosidad.,
opcion_unica,Establece las características de la escuela sociológica.,Derecho,Niega la importancia de los factores criminológicos en la prevención del delito.,Se centra exclusivamente en el libre albedrío y la responsabilidad moral.,Propone penas severas y desproporcionadas para disuadir a la sociedad.,"Concibe el delito como fenómeno jurídico-natural, considera factores sociales y económicos, y busca prevenir y readaptar al delincuente.",,,3,"Concibe el delito como fenómeno jurídico-natural, considera factores sociales y económicos, y busca prevenir y readaptar al delincuente.","La escuela sociológica integra factores individuales, físicos, sociales y económicos, y busca la prevención y readaptación.",
opcion_unica,Establece las características de la escuela técnico jurídica.,Derecho,"Se centra en el delincuente, busca su readaptación corrigiendo inclinaciones viciosas, y valora la eficacia de la pena sobre su carácter aflictivo.",Se enfoca en el delito como ente abstracto y en la retribución justa.,Propone la eliminación de las penas y su sustitución por medidas puramente educativas.,Considera que la pena debe ser un sufrimiento para compensar el daño causado.,,,0,"Se centra en el delincuente, busca su readaptación corrigiendo inclinaciones viciosas, y valora la eficacia de la pena sobre su carácter aflictivo.","La escuela técnico jurídica prioriza la corrección del delincuente y la eficacia de la pena, no su carácter punitivo.",
opcion_unica,Establece las características de la escuela ecléctica.,Derecho,Afirma el libre albedrío y rechaza la distinción entre imputables e inimputables.,"Niega el libre albedrío, considera el delito como hecho individual y social, reconoce la responsabilidad moral y distingue entre imputables e inimputables.","Se basa únicamente en la peligrosidad del delincuente, sin considerar la responsabilidad moral.",Sostiene que el delito es solo un fenómeno social y no individual.,,,1,"Niega el libre albedrío, considera el delito como hecho individual y social, reconoce la responsabilidad moral y distingue entre imputables e inimputables.","La escuela ecléctica combina elementos de diversas corrientes, integrando la responsabilidad moral con factores sociales.",
opcion_unica,¿Cuáles eran los delitos más comunes en la época precortesiana y cómo se castigaban?,Derecho,"Delitos como adulterio, homicidio, traición y peculado; penas como muerte (ahorcadura, hoguera, degüello), esclavitud, castigos infamantes y destierro.",Delitos como herejía y blasfemia; penas como excomunión y penitencia pública.,Delitos como contrabando y evasión fiscal; penas como confiscación de bienes y prisión.,"Delitos como robo, fraude y falsificación; penas como multas y trabajos comunitarios.",,,0,"Delitos como adulterio, homicidio, traición y peculado; penas como muerte (ahorcadura, hoguera, degüello), esclavitud, castigos infamantes y destierro.","En la época precortesiana se castigaban delitos como adulterio y traición con penas severas, incluyendo la muerte y la esclavitud.",
opcion_unica,¿Dónde surge el primer Código Penal y cuándo lo promulgaron?,Derecho,"Código Penal para el estado de Veracruz (1871) y Código Penal de 1869, conocido como Código de Martínez Castro.","Código Penal para el estado de Jalisco (1869) y Código Penal de 1871, conocido como Código de Martínez Castro.","Código Penal para el estado de Veracruz (1869) y Código Penal de 1871, conocido como Código de Martínez Castro, vigente hasta 1929.","Código Penal para el estado de México (1871) y Código Penal de 1929, conocido como Código de Martínez Castro.",,,2,"Código Penal para el estado de Veracruz (1869) y Código Penal de 1871, conocido como Código de Martínez Castro, vigente hasta 1929.","El primer Código Penal fue el de Veracruz en 1869, seguido del Código Penal de 1871, también llamado Código de Martínez Castro.",
opcion_unica,"¿Cuáles son las principales características del derecho precortesiano, colonial e independiente?",Derecho,Precortesiano: derecho rudimentario; Colonial: abolición de leyes indígenas; Independiente: leyes totalmente nuevas.,Precortesiano: castigos leves; Colonial: leyes de Indias; Independiente: leyes con influencia francesa.,Precortesiano: derecho basado en la religión; Colonial: leyes de Indias; Independiente: leyes sin influencia colonial.,"Precortesiano: derecho indígena con figuras avanzadas, castigos severos; Colonial: imposición de leyes de Indias; Independiente: leyes con influencia colonial.",,,3,"Precortesiano: derecho indígena con figuras avanzadas, castigos severos; Colonial: imposición de leyes de Indias; Independiente: leyes con influencia colonial.","El derecho precortesiano era avanzado y severo, el colonial impuso las leyes de Indias, y el independiente mantuvo influencia colonial.",
opcion_unica,¿Cuáles son las fuentes del derecho en general?,Derecho,"Reales: factores que determinan el contenido; Formales: procesos de creación (ley, jurisprudencia, costumbre, doctrina); Históricas: medios objetivos con normas antiguas.",Reales: solo la ley; Formales: solo la jurisprudencia; Históricas: solo códices antiguos.,"Reales: causas que hacen necesaria la norma; Formales: ley, jurisprudencia, costumbre, doctrina; Históricas: normas derogadas.",Reales: factores sociales; Formales: ley y costumbre; Históricas: documentos históricos.,,,0,"Reales: factores que determinan el contenido; Formales: procesos de creación (ley, jurisprudencia, costumbre, doctrina); Históricas: medios objetivos con normas antiguas.","Las fuentes del derecho se clasifican en reales, formales e históricas, cada una con su función específica.",
opcion_unica,¿Cuál es la fuente del Derecho Penal?,Derecho,Solo la Constitución y los códigos penales.,Solo los tratados internacionales y la jurisprudencia.,"La Constitución, los códigos penales, tratados internacionales, leyes especiales y jurisprudencia.",Solo las leyes especiales y la costumbre.,,,2,"La Constitución, los códigos penales, tratados internacionales, leyes especiales y jurisprudencia.","Las fuentes del Derecho Penal incluyen la Constitución, códigos penales, tratados, leyes especiales y jurisprudencia.",
opcion_unica,¿Cuáles son las fuentes de producción y las fuentes de conocimiento?,Derecho,Fuentes de producción: el legislador; Fuentes de conocimiento: la jurisprudencia.,Fuentes de producción: órgano que produce la norma; Fuentes de conocimiento: instrumentos legislativos donde está plasmada la ley penal.,Fuentes de producción: instrumentos legislativos; Fuentes de conocimiento: órgano que produce la norma.,Fuentes de producción: la ley; Fuentes de conocimiento: la doctrina.,,,1,Fuentes de producción: órgano que produce la norma; Fuentes de conocimiento: instrumentos legislativos donde está plasmada la ley penal.,"Las fuentes de producción son los órganos que crean la norma, mientras que las de conocimiento son los instrumentos que la contienen.",
opcion_unica,¿Qué dispone el artículo 14 Constitucional?,Derecho,"Prohíbe imponer penas por analogía, pero permite la mayoría de razón.","Prohíbe imponer penas por analogía o mayoría de razón, solo por ley exactamente aplicable al delito.",Establece que las penas pueden ser determinadas por el juez según su prudente arbitrio.,Permite imponer penas por analogía si es en beneficio del reo.,,,1,"Prohíbe imponer penas por analogía o mayoría de razón, solo por ley exactamente aplicable al delito.","El artículo 14 constitucional establece el principio de legalidad penal, prohibiendo penas por analogía o mayoría de razón.",
opcion_unica,¿Qué significa interpretar?,Derecho,"Precisar el sentido de la ley, debido a su abstracción, generalidad e impersonalidad.",Aplicar la ley de manera mecánica sin análisis.,Reformar la ley para adaptarla a casos concretos.,Crear nuevas leyes para llenar vacíos legales.,,,0,"Precisar el sentido de la ley, debido a su abstracción, generalidad e impersonalidad.","Interpretar la ley es precisar su sentido, necesario por su carácter abstracto, general e impersonal.",
opcion_unica,¿Cómo se clasifica la interpretación de la ley?,Derecho,Por su método y por su finalidad.,"Por su origen, por los métodos empleados y según sus resultados.",Por su origen y por su aplicación.,"Por su origen, por su contenido y por su alcance.",,,1,"Por su origen, por los métodos empleados y según sus resultados.","La interpretación se clasifica por su origen (sujetos), por los métodos y por sus resultados.",
opcion_unica,En razón al método la interpretación de la ley puede ser:,Derecho,"Histórica, gramatical, lógica, sistemática y extensiva.","Histórica, gramatical, lógica, sistemática y analógica.","Declarativa, extensiva, restrictiva y progresiva.","Auténtica, usual, doctrinal y judicial.",,,1,"Histórica, gramatical, lógica, sistemática y analógica.","Los métodos de interpretación incluyen histórico, gramatical, lógico, sistemático y analógico.",
opcion_unica,¿Cuál es la interpretación de la ley por sus resultados y explique cada una de ellas?,Derecho,Declarativa: no coincide; Extensiva: reduce; Restrictiva: amplía; Progresiva: no cambia.,Declarativa: coincide la letra con la voluntad; Extensiva: la intención es mayor que el texto; Restrictiva: el texto expresa más que la intención; Progresiva: adecua a necesidades actuales.,Declarativa: el texto es más amplio; Extensiva: coincide; Restrictiva: la intención es mayor; Progresiva: se basa en el pasado.,Declarativa: se limita al texto; Extensiva: se limita al texto; Restrictiva: se limita al texto; Progresiva: se limita al texto.,,,1,Declarativa: coincide la letra con la voluntad; Extensiva: la intención es mayor que el texto; Restrictiva: el texto expresa más que la intención; Progresiva: adecua a necesidades actuales.,"Según sus resultados, la interpretación puede ser declarativa, extensiva, restrictiva o progresiva, según la relación entre texto y voluntad.",
opcion_unica,¿Cómo puede ser la interpretación en razón de su origen?,Derecho,"Doctrinal, auténtica y judicial.","Histórica, sociológica y teleológica.","Gramatical, lógica y sistemática.","Privada, pública y social.",,,0,"Doctrinal, auténtica y judicial.","La interpretación según su origen se clasifica en doctrinal (particulares), auténtica (legislador) y judicial (juzgadores).",
opcion_unica,¿En qué consiste la analogía de la ley?,Derecho,En derogar una ley por otra posterior.,En interpretar la ley según su espíritu.,En extender una norma a un hecho no previsto en ella.,En aplicar la ley a casos idénticos.,,,2,En extender una norma a un hecho no previsto en ella.,"La analogía consiste en aplicar una norma a un supuesto no regulado, pero con identidad de razón.",
opcion_unica,¿Cuáles son los ámbitos de validez de la Ley Penal?,Derecho,"Material, temporal, personal y espacial.","Objetivo, subjetivo, formal y material.","Federal, estatal, municipal y local.","Sustantivo, adjetivo, procesal y ejecutivo.",,,0,"Material, temporal, personal y espacial.","Los ámbitos de validez de la ley penal son material, temporal, personal y espacial.",
opcion_unica,¿Cuál es el reparto de la competencia en órdenes legislativos?,Derecho,Central y local.,Público y privado.,Federal y común.,Nacional y estatal.,,,2,Federal y común.,"En México, la competencia legislativa se divide en federal y común (local).",
opcion_unica,¿Principios para resolver los problemas sobre la aplicabilidad de las leyes penales?,Derecho,"Legalidad, tipicidad, culpabilidad y proporcionalidad.","Territorial, personal, real y universal.","Nacional, internacional, comunitario y local.","Jerárquico, cronológico, especialidad y competencia.",,,1,"Territorial, personal, real y universal.","Los principios que resuelven la aplicabilidad de la ley penal son territorial, personal, real y universal.",
opcion_unica,¿En qué casos se aplica la extraterritorialidad?,Derecho,Solo en delitos contra la seguridad nacional.,"Delitos cometidos en el extranjero que produzcan efectos en México, en embajadas o contra funcionarios, y en embarcaciones o aeronaves mexicanas.",Solo en delitos cometidos por mexicanos en el extranjero.,Solo en delitos cometidos por extranjeros en México.,,,1,"Delitos cometidos en el extranjero que produzcan efectos en México, en embajadas o contra funcionarios, y en embarcaciones o aeronaves mexicanas.","La extraterritorialidad aplica cuando el delito afecta intereses mexicanos, como delitos con efectos en México, en embajadas o en naves mexicanas.",
opcion_unica,¿Cómo se define la territorialidad?,Derecho,Aplicación de la ley en cualquier territorio donde se encuentre un nacional.,Aplicación de la ley a todos los ciudadanos del Estado sin importar el lugar.,Aplicación de la ley solo en la capital del país.,"Aplicación de la ley en el territorio donde fue creada, en virtud de la soberanía del Estado.",,,3,"Aplicación de la ley en el territorio donde fue creada, en virtud de la soberanía del Estado.","La territorialidad implica que la ley se aplica dentro del territorio del Estado que la creó, por su soberanía.",
opcion_unica,¿Qué es la extradición y cuáles son sus formas?,Derecho,"Entrega de un acusado o condenado por un Estado a otro; sus formas son activa, pasiva, espontánea, voluntaria y de paso.","Devolución de un bien robado; sus formas son voluntaria, forzosa y negociada.","Intercambio de información entre Estados; sus formas son bilateral, multilateral y unilateral.","Expulsión de un extranjero por el Estado; sus formas son administrativa, judicial y política.",,,0,"Entrega de un acusado o condenado por un Estado a otro; sus formas son activa, pasiva, espontánea, voluntaria y de paso.","La extradición es la entrega de una persona a otro Estado para su enjuiciamiento o cumplimiento de pena, y puede ser activa, pasiva, espontánea, voluntaria o de paso.",
opcion_unica,¿Cuáles son los requisitos para la extradición de un delincuente?,Derecho,"Que el delito sea político, que el delincuente sea mayor de edad y que exista tratado bilateral.","Que el delincuente sea nacional del país requirente, que el delito sea grave y que haya orden de aprehensión.","Que el delito esté previsto en el catálogo, sea delito en ambos países, la acción penal esté viva, la pena sea mayor a un año y sea perseguible de oficio.","Que el delito haya sido cometido en el país requirente, que el delincuente esté en el país requerido y que no haya prescrito.",,,2,"Que el delito esté previsto en el catálogo, sea delito en ambos países, la acción penal esté viva, la pena sea mayor a un año y sea perseguible de oficio.","La extradición requiere que el hecho sea delito en ambos países, esté en el catálogo, la acción penal esté vigente, la pena sea mayor a un año y sea perseguible de oficio.",
opcion_unica,¿Cómo se define la expulsión?,Derecho,Prohibir la entrada a un extranjero por razones de seguridad.,Retirar la nacionalidad a un mexicano por traición.,"Hacer abandonar el territorio nacional a un extranjero sin juicio previo, por decisión discrecional del Ejecutivo.",Devolver a un extranjero a su país por orden judicial.,,,2,"Hacer abandonar el territorio nacional a un extranjero sin juicio previo, por decisión discrecional del Ejecutivo.",La expulsión es una facultad discrecional del Ejecutivo para hacer salir del país a un extranjero sin necesidad de juicio previo.,
opcion_unica,¿Qué es el Derecho Penal?,Derecho,Conjunto de normas que regulan las relaciones entre particulares y el Estado.,Sistema de justicia que se encarga de resolver conflictos entre individuos.,Rama del derecho que estudia las conductas antisociales y su tratamiento.,"Conjunto de reglas jurídicas establecidas por el Estado que asocian el crimen como hecho a la pena como legítima consecuencia, indican las medidas de seguridad y señalan las formas para su aplicación.",,,3,"Conjunto de reglas jurídicas establecidas por el Estado que asocian el crimen como hecho a la pena como legítima consecuencia, indican las medidas de seguridad y señalan las formas para su aplicación.",El Derecho Penal es el conjunto de normas jurídicas que vinculan el delito con la pena y las medidas de seguridad.,
opcion_unica,¿Cuáles son las características del Derecho Penal?,Derecho,"Es público, normativo, valorativo, finalista, discontinuo, sancionatorio y personalísimo.","Es un derecho que castiga todas las conductas ilícitas, sin excepción.","Es privado, descriptivo, no valorativo, no finalista, continuo y colectivo.","Es público, pero no sancionatorio ni personalísimo.",,,0,"Es público, normativo, valorativo, finalista, discontinuo, sancionatorio y personalísimo.","El Derecho Penal se caracteriza por ser público, normativo, valorativo, finalista, discontinuo, sancionatorio y personalísimo.",
opcion_unica,¿Cuál es el fin del Derecho Penal?,Derecho,"Castigar todas las conductas que causen daño, sin importar la intención.",Imponer penas ejemplares para disuadir a la sociedad de cometer delitos.,"Prevenir cualquier resultado dañino, incluso si no hay conducta peligrosa.",Fomentar el respeto a los bienes jurídicos mediante la prohibición de conductas que los lesionen o pongan en peligro.,,,3,Fomentar el respeto a los bienes jurídicos mediante la prohibición de conductas que los lesionen o pongan en peligro.,El fin primordial del Derecho Penal es proteger los bienes jurídicos prohibiendo conductas que los lesionen o pongan en peligro.,
opcion_unica,¿En qué consiste el Derecho Penal subjetivo?,Derecho,Es el conjunto de leyes que definen los delitos y las penas.,Es el derecho de la víctima a exigir la reparación del daño.,"Es la facultad del Estado de fijar penas en abstracto, ejercida solo mediante ley.",Es la facultad del Estado de aplicar penas en casos concretos.,,,2,"Es la facultad del Estado de fijar penas en abstracto, ejercida solo mediante ley.","El Derecho Penal subjetivo es la potestad del Estado para establecer penas, la cual se materializa solo a través de la ley.",
opcion_unica,¿En qué consiste el Derecho Penal objetivo?,Derecho,Es la ciencia que estudia la conducta del delincuente.,Es el conjunto de leyes y normas que definen los delitos y las penas.,Es el derecho que tiene la sociedad a castigar a los infractores.,Es la facultad del Estado de fijar penas en abstracto.,,,1,Es el conjunto de leyes y normas que definen los delitos y las penas.,El Derecho Penal objetivo se refiere al conjunto de normas jurídicas que tipifican delitos y establecen penas.,
opcion_unica,"Para su estudio, el Derecho Penal se divide en:",Derecho,Parte General y Parte Especial.,Derecho público y Derecho privado.,Derecho penal y Derecho procesal penal.,Derecho sustantivo y Derecho adjetivo.,,,0,Parte General y Parte Especial.,"El Derecho Penal se divide en Parte General, que estudia las normas generales, y Parte Especial, que analiza los delitos en particular.",
opcion_unica,¿Con qué ciencias del Derecho se relaciona el Derecho Penal y por qué?,Derecho,"Solo con el Derecho Civil, porque regula las obligaciones entre particulares.","Solo con el Derecho Internacional, porque regula tratados entre naciones.","Con el Constitucional, Civil, Internacional y Penitenciario, por su influencia en la protección de bienes y la aplicación de sanciones.","Con todas las ramas del derecho, pero no tiene relación con el penitenciario.",,,2,"Con el Constitucional, Civil, Internacional y Penitenciario, por su influencia en la protección de bienes y la aplicación de sanciones.","El Derecho Penal se relaciona con el Constitucional, Civil, Internacional y Penitenciario, ya que estos aportan principios, conceptos y mecanismos para su aplicación.",
opcion_unica,¿Cuáles son algunas de las ciencias auxiliares del Derecho Penal?,Derecho,"Antropología criminal, sociología criminal, psicología criminal, criminología, medicina legal y penología.","Derecho civil, derecho mercantil, derecho laboral y derecho fiscal.","Medicina general, ingeniería, contabilidad y administración.","Lógica, matemáticas, estadística y filosofía.",,,0,"Antropología criminal, sociología criminal, psicología criminal, criminología, medicina legal y penología.","Las ciencias auxiliares del Derecho Penal incluyen disciplinas como la criminología, la sociología criminal y la medicina legal, que aportan conocimientos especializados.",
opcion_unica,¿En qué consiste la criminología?,Derecho,Es una ciencia que se ocupa de la prevención del delito mediante la vigilancia policial.,"Es una ciencia empírica e interdisciplinaria que estudia el crimen, el delincuente, la víctima y el control social del comportamiento desviado.",Es una ciencia que estudia las normas jurídicas y su interpretación.,Es una ciencia que se encarga de la aplicación de la evidencia material para reconstruir los hechos.,,,1,"Es una ciencia empírica e interdisciplinaria que estudia el crimen, el delincuente, la víctima y el control social del comportamiento desviado.",La criminología es una ciencia empírica e interdisciplinaria que analiza el fenómeno delictivo desde diversas perspectivas.,
opcion_unica,¿Cómo se define la criminalística?,Derecho,Es la ciencia que aplica la evidencia material para demostrar lo que realmente sucedió en la reconstrucción de los hechos.,Es la ciencia que se encarga de la prevención del delito a través de políticas sociales.,Es la ciencia que estudia las penas y su aplicación en el sistema penitenciario.,Es la ciencia que estudia la personalidad del delincuente y sus motivaciones.,,,0,Es la ciencia que aplica la evidencia material para demostrar lo que realmente sucedió en la reconstrucción de los hechos.,La criminalística se enfoca en el análisis de la evidencia física para esclarecer los hechos delictivos.,
opcion_unica,¿Cuál es el concepto de delito según la definición proporcionada?,Derecho,"Acto u omisión que cause un daño a la sociedad, sin importar si está descrito en la ley.","Comportamiento humano que viole cualquier norma jurídica, aunque no esté penalmente sancionada.",Acto u omisión que concuerda exactamente con la conducta tipificada expresamente en las normas penales.,Toda acción u omisión que sea considerada inmoral por la comunidad.,,,2,Acto u omisión que concuerda exactamente con la conducta tipificada expresamente en las normas penales.,El delito se define como el acto u omisión que se adecúa exactamente a la conducta descrita en las normas penales.,
opcion_unica,¿Cuáles son los elementos esenciales del delito?,Derecho,"Antijuricidad, tipo, conducta, culpabilidad, tipicidad, punibilidad e imputabilidad.",Solo la conducta y el resultado.,"El sujeto activo, el sujeto pasivo y el objeto material.","La acción, la ilicitud y la sanción.",,,0,"Antijuricidad, tipo, conducta, culpabilidad, tipicidad, punibilidad e imputabilidad.","Los elementos esenciales del delito incluyen tanto los esencialísimos (conducta, tipicidad, antijuricidad, culpabilidad) como los esenciales (imputabilidad y punibilidad).",
opcion_unica,¿Cuál de las siguientes definiciones corresponde al elemento de 'culpabilidad'?,Derecho,Relación directa entre la voluntad y el conocimiento del hecho con la conducta realizada.,Amenaza de una pena contemplada en la ley.,Adecuación de la conducta al tipo penal.,Capacidad de entender y querer en el campo del derecho penal.,,,0,Relación directa entre la voluntad y el conocimiento del hecho con la conducta realizada.,"La culpabilidad es el nexo entre la voluntad y el conocimiento del hecho con la conducta, lo que permite atribuir responsabilidad al sujeto.",
opcion_unica,¿Cuáles son las corrientes doctrinarias que han definido al delito?,Derecho,"Teoría del delito, teoría de la pena y teoría de la acción.","Teoría clásica, teoría positivista y teoría crítica.","Teoría del tipo, teoría de la antijuricidad y teoría de la culpabilidad.","Teoría finalista, causalista y sociologista.",,,3,"Teoría finalista, causalista y sociologista.","Las corrientes que han definido al delito son la finalista, la causalista y la sociologista.",
opcion_unica,¿Cuál es la definición de objeto material del delito?,Derecho,La persona física o moral que comete el delito.,Entidad corpórea sobre la que recae el delito.,Bien jurídico lesionado o puesto en peligro.,El bien jurídico tutelado por la norma.,,,1,Entidad corpórea sobre la que recae el delito.,El objeto material es la entidad corpórea sobre la que recae la conducta delictiva.,
opcion_unica,¿Qué caracteriza al delito permanente?,Derecho,Se consuma en el instante en que se realiza la conducta y no deja efectos.,"La conducta se consuma al momento de realizarse, pero la secuela de esta permanece durante algún tiempo.",Se producen varias acciones dañinas y un solo resultado jurídico relevante.,La conducta se prolonga en el tiempo mediante acciones continuas.,,,1,"La conducta se consuma al momento de realizarse, pero la secuela de esta permanece durante algún tiempo.","El delito permanente se consuma inicialmente, pero sus efectos o la situación antijurídica continúan en el tiempo.",
opcion_unica,¿Cómo se clasifican los delitos según su forma de persecución?,Derecho,Dolosos y culposos.,"Instantáneos, continuados y permanentes.",De oficio y de querella de parte.,Federales y locales.,,,2,De oficio y de querella de parte.,Los delitos se persiguen de oficio o a petición de parte ofendida (querella).,
opcion_unica,¿Cuál es la diferencia entre objeto material y objeto jurídico del delito?,Derecho,"No hay diferencia, son conceptos sinónimos.",El material es el bien jurídico; el jurídico es la cosa física.,El material es la persona o cosa sobre la que recae el delito; el jurídico es el bien jurídico tutelado que se daña.,El material se refiere al delito en sí; el jurídico a la pena.,,,2,El material es la persona o cosa sobre la que recae el delito; el jurídico es el bien jurídico tutelado que se daña.,"El objeto material es el ente físico afectado, mientras que el jurídico es el bien protegido por la norma.",
opcion_unica,¿Cómo se clasifican los delitos en función de su materia?,Derecho,Delitos instantáneos y permanentes.,Delitos dolosos y culposos.,"Del fuero común, del fuero federal y del fuero militar.",Delitos graves y no graves.,,,2,"Del fuero común, del fuero federal y del fuero militar.","La clasificación por materia divide los delitos en fuero común, federal y militar.",
opcion_unica,¿En qué consiste la inmunidad diplomática?,Derecho,Prerrogativa que exime a los diplomáticos extranjeros de la jurisdicción ordinaria del país receptor.,Exención de responsabilidad penal para todos los extranjeros.,Privilegio que protege a los funcionarios públicos nacionales de ser juzgados.,Derecho de los diplomáticos a no pagar impuestos.,,,0,Prerrogativa que exime a los diplomáticos extranjeros de la jurisdicción ordinaria del país receptor.,La inmunidad diplomática es una prerrogativa que exime a los agentes diplomáticos de la jurisdicción local.,
opcion_unica,¿Cómo se define la conducta en el ámbito jurídico-penal?,Derecho,"Comportamiento humano voluntario, positivo o negativo, encaminado a un propósito.","Todo movimiento corporal reflejo o instintivo, independientemente de la voluntad.",Acto realizado por una persona jurídica con fines ilícitos.,"Comportamiento humano que produce un resultado, aunque sea involuntario.",,,0,"Comportamiento humano voluntario, positivo o negativo, encaminado a un propósito.","La conducta es el comportamiento humano voluntario, positivo o negativo, dirigido a un fin.",
opcion_unica,¿Qué se entiende por acción en el derecho penal?,Derecho,"Abstención de realizar un movimiento corporal, es decir, no hacer.","Pensamiento o intención de cometer un delito, aunque no se exteriorice.",Resultado dañoso producido por un evento natural sin intervención humana.,"Actuar o hacer: hecho positivo que implica movimientos corporales del agente, pudiendo cometer la infracción por sí mismo o mediante instrumentos, animales, mecanismos o personas (autoría mediata).",,,3,"Actuar o hacer: hecho positivo que implica movimientos corporales del agente, pudiendo cometer la infracción por sí mismo o mediante instrumentos, animales, mecanismos o personas (autoría mediata).","La acción es un hecho positivo, un actuar voluntario que puede realizarse directamente o a través de terceros o medios.",
opcion_unica,¿Cuáles son los elementos de la acción?,Derecho,"Voluntad, omisión, resultado y culpabilidad.","Actividad, dolo, culpa y nexo causal.","Voluntad, actividad, tipicidad y antijuridicidad.","Voluntad, actividad, resultado y nexo de causalidad.",,,3,"Voluntad, actividad, resultado y nexo de causalidad.","La acción se compone de voluntad, actividad, resultado y nexo causal que une la conducta con el resultado.",
opcion_unica,¿Qué es la omisión y cuáles son sus elementos?,Derecho,"Es no realizar la conducta típica, abstenerse de actuar; sus elementos son voluntad, inactividad, resultado y nexo causal.","Es un acto involuntario que causa un daño; sus elementos son actividad, resultado y nexo causal.","Es un hacer positivo que produce un resultado; sus elementos son voluntad, actividad y resultado.","Es la ausencia de voluntad; sus elementos son inactividad, resultado y culpabilidad.",,,0,"Es no realizar la conducta típica, abstenerse de actuar; sus elementos son voluntad, inactividad, resultado y nexo causal.","La omisión es la abstención de actuar, y sus elementos son voluntad, inactividad, resultado y nexo causal.",
opcion_unica,¿En qué se diferencia la omisión simple de la comisión por omisión?,Derecho,La omisión simple se sanciona solo si hay resultado; la comisión por omisión no requiere infracción de norma prohibitiva.,"En la omisión simple se infringe una norma preceptiva sin que se requiera resultado material; en la comisión por omisión se infringe una norma preceptiva y una prohibitiva, y se produce un resultado material.",En la omisión simple siempre hay resultado material; en la comisión por omisión no se exige resultado.,La omisión simple es siempre culposa; la comisión por omisión es siempre dolosa.,,,1,"En la omisión simple se infringe una norma preceptiva sin que se requiera resultado material; en la comisión por omisión se infringe una norma preceptiva y una prohibitiva, y se produce un resultado material.","La omisión simple no exige resultado material, mientras que la comisión por omisión sí produce un resultado y viola normas preceptivas y prohibitivas.",
opcion_unica,¿Cómo concibe la acción la teoría causalista?,Derecho,"Como el ejercicio de una actividad final, dirigida a un fin.","Como un comportamiento humano que solo se valora por su resultado, sin importar la voluntad.",Como un comportamiento humano dependiente de la voluntad que produce una determinada consecuencia en el mundo exterior.,"Como un proceso causal independiente de la voluntad, meramente mecánico.",,,2,Como un comportamiento humano dependiente de la voluntad que produce una determinada consecuencia en el mundo exterior.,"Para el causalismo, la acción es un comportamiento voluntario que causa un resultado en el mundo exterior.",
opcion_unica,¿Cómo define la acción la teoría finalista?,Derecho,"La acción es el ejercicio de la actividad final, no un proceso causal ciego.",La acción es un proceso causal dependiente de la voluntad.,La acción es un mero movimiento corporal sin consideración de la finalidad.,La acción es un resultado externo sin relevancia la intención.,,,0,"La acción es el ejercicio de la actividad final, no un proceso causal ciego.","El finalismo concibe la acción como una actividad dirigida a un fin, no como un simple proceso causal.",
opcion_unica,¿Qué implica la ausencia de conducta?,Derecho,Que la conducta es involuntaria pero punible.,Que hay una causa de justificación que exime de responsabilidad.,"Que no existe acción u omisión, por lo que no se configura el delito.",Que existe una conducta atípica pero antijurídica.,,,2,"Que no existe acción u omisión, por lo que no se configura el delito.","La ausencia de conducta impide la formación del delito, pues no hay comportamiento humano voluntario.",
opcion_unica,¿Cuál es la diferencia entre vis absoluta y vis maior?,Derecho,La vis absoluta es una fuerza interna; la vis maior es una fuerza externa.,La vis absoluta es una fuerza humana exterior e irresistible; la vis maior proviene de la naturaleza.,La vis absoluta proviene de la naturaleza; la vis maior es una fuerza humana irresistible.,"Ambas son fuerzas humanas irresistibles, pero la vis maior es más intensa.",,,1,La vis absoluta es una fuerza humana exterior e irresistible; la vis maior proviene de la naturaleza.,"La vis absoluta es fuerza humana irresistible, mientras que la vis maior es fuerza de la naturaleza.",
opcion_unica,¿Qué es la actione liberae in causa y qué efecto produce?,Derecho,Es una causa de justificación que elimina la antijuridicidad.,Es una causa de inimputabilidad que siempre excluye la responsabilidad penal.,"Es una circunstancia atenuante que reduce la pena, pero no la elimina.",Ocurre cuando se comete una conducta típica en estado de incapacidad psíquica provocada por el propio agente; no se excluye la responsabilidad penal.,,,3,Ocurre cuando se comete una conducta típica en estado de incapacidad psíquica provocada por el propio agente; no se excluye la responsabilidad penal.,"La actione liberae in causa implica que el agente se coloca voluntariamente en incapacidad, por lo que responde penalmente.",
opcion_unica,¿Qué es el tipo penal?,Derecho,"Descripciones precisas de acciones u omisiones consideradas delito, con una pena o sanción asignada.",Consecuencias jurídicas derivadas de la comisión de un delito.,La valoración que hace el juez sobre la culpabilidad del acusado.,La conducta efectivamente realizada por el sujeto activo.,,,0,"Descripciones precisas de acciones u omisiones consideradas delito, con una pena o sanción asignada.",El tipo penal es la descripción legal de la conducta prohibida que constituye delito y a la que se asigna una sanción.,
opcion_unica,¿Cuáles son los elementos esenciales del tipo penal y cómo se definen?,Derecho,Subjetivos: la conducta; Objetivos: el resultado; Normativos: la pena.,Subjetivos: el dolo; Objetivos: la culpa; Normativos: la preterintención.,Subjetivos: la intención; Objetivos: el dolo; Normativos: la culpa.,Subjetivos: finalidad del sujeto; Objetivos: perceptibles por los sentidos; Normativos: requieren valoración jurídica o cultural.,,,3,Subjetivos: finalidad del sujeto; Objetivos: perceptibles por los sentidos; Normativos: requieren valoración jurídica o cultural.,"Los elementos subjetivos se refieren a la finalidad, los objetivos a lo perceptible, y los normativos requieren una valoración jurídica o cultural.",
opcion_unica,¿Qué es la ausencia de tipo?,Derecho,Cuando el juez decide no aplicar el tipo penal.,Cuando la conducta no se adecua al tipo penal.,Cuando el legislador no describe una conducta que socialmente debería ser delito.,Cuando el tipo penal es declarado inconstitucional.,,,2,Cuando el legislador no describe una conducta que socialmente debería ser delito.,La ausencia de tipo ocurre cuando el legislador omite tipificar una conducta que la sociedad considera delictiva.,
opcion_unica,¿Qué es la tipicidad?,Derecho,La descripción legal de la conducta prohibida.,La sanción prevista para un delito.,La ausencia de adecuación de la conducta al tipo.,Cualidad que se atribuye a un comportamiento que se adecua al tipo penal.,,,3,Cualidad que se atribuye a un comportamiento que se adecua al tipo penal.,La tipicidad es la cualidad de un comportamiento de ajustarse a la descripción del tipo penal.,
opcion_unica,¿Qué se entiende por atipicidad?,Derecho,Ausencia de adecuación de la conducta al tipo.,La conducta se adecua al tipo penal.,La conducta es sancionada por analogía.,La conducta es justificada por una causa de exclusión.,,,0,Ausencia de adecuación de la conducta al tipo.,La atipicidad es la falta de correspondencia entre la conducta y el tipo penal.,
opcion_unica,¿Cuál es la diferencia entre tipicidad y tipo penal?,Derecho,La tipicidad es la cualidad de adecuación; el tipo es la descripción de la conducta prohibida.,Son sinónimos y se usan indistintamente.,La tipicidad es la descripción; el tipo es la adecuación.,El tipo es la consecuencia; la tipicidad es la causa.,,,0,La tipicidad es la cualidad de adecuación; el tipo es la descripción de la conducta prohibida.,"La tipicidad es la cualidad de la conducta de adecuarse al tipo, mientras que el tipo es la descripción legal.",
opcion_unica,¿Cuál es la función de la tipicidad y en qué precepto legal se encuentra?,Derecho,Función reparadora; se encuentra en el artículo 20 constitucional.,"Función delimitadora, motivadora y garantizadora; tutelada en el artículo 14 constitucional.",Función preventiva; se encuentra en el artículo 18 constitucional.,Función sancionadora; se encuentra en el artículo 22 constitucional.,,,1,"Función delimitadora, motivadora y garantizadora; tutelada en el artículo 14 constitucional.","La tipicidad tiene funciones delimitadora, motivadora y garantizadora, y se sustenta en el artículo 14 constitucional.",
opcion_unica,¿Cómo se clasifican los tipos penales según la conducta y en qué consisten?,Derecho,De resultado: exigen un resultado; de peligro: solo riesgo.,De lesión: dañan el bien; de peligro: lo ponen en riesgo.,Comisivos: por acción; omisivos: por omisión.,De acción: requieren movimiento corporal; de omisión: el agente no realiza la conducta ordenada.,,,3,De acción: requieren movimiento corporal; de omisión: el agente no realiza la conducta ordenada.,"Los tipos por acción exigen un movimiento corporal, mientras que los de omisión consisten en no realizar la conducta debida.",
opcion_unica,¿Cómo se clasifican los tipos penales según su ordenación metódica?,Derecho,"Delito de daño, delito de peligro y delito de lesión.","Delito de acción, delito de omisión y delito de comisión por omisión.","Delito doloso, delito culposo y delito preterintencional.","Delito especial privilegiado, delito especial cualificado e ilícito penal complementado.",,,3,"Delito especial privilegiado, delito especial cualificado e ilícito penal complementado.","Según su ordenación metódica, los tipos se clasifican en especial privilegiado, especial cualificado e ilícito penal complementado.",
opcion_unica,¿Cómo se dividen los delitos según el daño que causan?,Derecho,Dolosos y culposos.,Instantáneos y permanentes.,De acción y de omisión.,De daño o lesión: afectan el bien jurídico; de peligro: solo lo ponen en riesgo.,,,3,De daño o lesión: afectan el bien jurídico; de peligro: solo lo ponen en riesgo.,"Los delitos de daño afectan efectivamente el bien jurídico, mientras que los de peligro solo lo ponen en riesgo.",
opcion_unica,¿Qué se entiende por antijuricidad en el ámbito penal?,Derecho,"Conducta externa del individuo, objetiva, que viola el bien jurídico protegido por las normas penales (contraria a derecho).",Actitud interna del sujeto que revela su intención de delinquir.,"Cualquier conducta que cause daño, sin importar si está prohibida por la ley.",La culpabilidad del agente al momento de cometer el ilícito.,,,0,"Conducta externa del individuo, objetiva, que viola el bien jurídico protegido por las normas penales (contraria a derecho).",La antijuricidad es la contradicción objetiva de la conducta con el ordenamiento jurídico penal.,
opcion_unica,¿Cuál es la diferencia entre antijuricidad formal y material?,Derecho,"La formal es la violación de la ley; la material, además, lesiona o pone en peligro un bien jurídico protegido.",La formal se refiere a la conducta y la material al resultado dañoso.,La formal es la que comete un delito y la material la que no está tipificada.,La formal es la que se sanciona con pena y la material solo con reparación del daño.,,,0,"La formal es la violación de la ley; la material, además, lesiona o pone en peligro un bien jurídico protegido.","La antijuricidad formal es la transgresión de la norma, mientras que la material implica la lesión o puesta en peligro del bien jurídico tutelado.",
opcion_unica,¿En qué casos se presenta la ausencia de antijuricidad?,Derecho,Cuando el delito no se consuma.,Cuando el sujeto activo es menor de edad.,Cuando el agente actúa sin dolo o culpa.,Cuando existe una causa de justificación.,,,3,Cuando existe una causa de justificación.,La ausencia de antijuricidad se da cuando la conducta está amparada por una causa de justificación.,
opcion_unica,¿Cuáles son las causas de justificación de la antijuricidad?,Derecho,"Legítima defensa, estado de necesidad, cumplimiento de un deber, ejercicio de un derecho y consentimiento del titular.","Provocación, riña, duelo y venganza.","Minoría de edad, inimputabilidad, trastorno mental y sordomudez.","Error invencible, temor fundado, obediencia jerárquica y caso fortuito.",,,0,"Legítima defensa, estado de necesidad, cumplimiento de un deber, ejercicio de un derecho y consentimiento del titular.",Las causas de justificación excluyen la antijuricidad de la conducta típica.,
opcion_unica,¿Qué es la legítima defensa?,Derecho,Venganza contra una agresión pasada y consumada.,Ataque preventivo contra un posible agresor.,"Repulsa de una agresión antijurídica, actual o inminente, sin traspasar la necesidad racional de los medios empleados.",Defensa de bienes propios ante un peligro futuro y remoto.,,,2,"Repulsa de una agresión antijurídica, actual o inminente, sin traspasar la necesidad racional de los medios empleados.","La legítima defensa requiere una agresión real, actual o inminente, y el uso racional de los medios para repelerla.",
opcion_unica,¿Cuándo se actualiza la ausencia de antijuricidad por ejercicio de un derecho?,Derecho,"Cuando se obra legítimamente en ejercicio de un deber o derecho, sin abuso y en provecho propio, causando daño a otro bien tutelado.","Cuando se causa daño a otro por simple capricho, invocando un derecho inexistente.",Cuando se ejerce un derecho con la intención de perjudicar a alguien.,Cuando se cumple un deber jurídico pero con medios desproporcionados.,,,0,"Cuando se obra legítimamente en ejercicio de un deber o derecho, sin abuso y en provecho propio, causando daño a otro bien tutelado.",El ejercicio de un derecho excluye la antijuricidad si se actúa dentro de los límites legales y sin abuso.,
opcion_unica,¿Qué se entiende por estado de necesidad?,Derecho,"Peligro actual o inminente para bienes jurídicos que solo se evita lesionando otros bienes, siempre que el interés protegido sea preponderante.",Defensa de bienes propios ante una agresión ilegítima.,Situación de pobreza que obliga a delinquir para subsistir.,Cumplimiento de un deber que causa daño a un tercero.,,,0,"Peligro actual o inminente para bienes jurídicos que solo se evita lesionando otros bienes, siempre que el interés protegido sea preponderante.",El estado de necesidad justifica la lesión de un bien para salvar otro de mayor valor ante un peligro real.,
opcion_unica,¿En qué caso el robo está excluido de responsabilidad penal?,Derecho,En el robo por necesidad económica extrema.,En el robo con violencia.,En el robo de uso.,En el robo famélico.,,,3,En el robo famélico.,"El robo famélico, que consiste en sustraer lo indispensable para satisfacer necesidades básicas, puede estar excluido de responsabilidad.",
opcion_unica,"Según el Código Penal Federal, ¿cuándo se actualiza el ejercicio de un derecho como causa de justificación?",Derecho,"Cuando se actúa con la intención de causar un mal a otro, pero invocando un derecho.","Cuando se ejerce un derecho de forma absoluta, sin importar el daño causado.",Cuando se cumple un deber jurídico aunque existan medios alternativos menos lesivos.,"Cuando la acción u omisión se realiza en cumplimiento de un deber o ejercicio de un derecho, con necesidad racional del medio y sin propósito de perjudicar.",,,3,"Cuando la acción u omisión se realiza en cumplimiento de un deber o ejercicio de un derecho, con necesidad racional del medio y sin propósito de perjudicar.",El ejercicio de un derecho excluye la antijuricidad si se cumple con los requisitos de necesidad racional y ausencia de ánimo de perjudicar.,
opcion_unica,¿Qué es la retroactividad de la ley y cuándo se aplica?,Derecho,"Aplicar una norma a hechos pasados, sin importar si es favorable o desfavorable.","Aplicar una norma a hechos anteriores a su vigencia, solo si beneficia a la persona y nunca en su perjuicio.","Aplicar una norma a hechos presentes, aunque no esté vigente.","Aplicar una norma a hechos futuros, siempre que sea más severa.",,,1,"Aplicar una norma a hechos anteriores a su vigencia, solo si beneficia a la persona y nunca en su perjuicio.","La retroactividad de la ley penal solo procede en beneficio del reo, nunca en su perjuicio.",
opcion_unica,¿Cuáles son las ramas de la criminalística?,Derecho,Sólo dactiloscopía y balística,"Dactiloscopía, grafoscopía, retrato hablado, balística, etc.","Medicina legal, toxicología y psicología","Criminología, victimología y política criminal",,,1,"Dactiloscopía, grafoscopía, retrato hablado, balística, etc.","La criminalística se divide en disciplinas como dactiloscopía, grafoscopía, retrato hablado y balística, entre otras.",
opcion_unica,¿Cuál es la clasificación legal de los tipos penales y a qué atiende?,Derecho,"Atiende a la gravedad de la pena y se clasifica en delitos leves, graves y menos graves",Atiende al número de participantes y se clasifica en individuales y colectivos,"Atiende al bien jurídico tutelado y se clasifica en: elementos tipo (objetivos, subjetivos y normativos), culpabilidad (dolosos y culposos), materialización (permanentes, instantáneos y continuados), conducta (acción y…","Atiende al resultado y se clasifica en formales, materiales y de peligro",,,2,"Atiende al bien jurídico tutelado y se clasifica en: elementos tipo (objetivos, subjetivos y normativos), culpabilidad (dolosos y culposos), materialización (permanentes, instantáneos y continuados), conducta (acción y…","La clasificación legal de los tipos penales atiende al bien jurídico tutelado y comprende diversas categorías como elementos, culpabilidad, materialización, conducta y perseguibilidad.",
opcion_unica,"¿Cuáles son las principales diferencias entre la teoría causalista, finalista y sociologista respecto del delito?",Derecho,Causalista: atiende a la peligrosidad del sujeto; Finalista: atiende al resultado; Sociologista: atiende a la norma,Causalista: la acción es siempre final; Finalista: la acción es causal; Sociologista: la acción es instintiva,Causalista: se basa en la culpabilidad; Finalista: se basa en la antijuridicidad; Sociologista: se basa en la pena,Causalista: la acción es un comportamiento humano dependiente de la voluntad que produce una consecuencia en el mundo exterior; Finalista: la acción es ejercicio de actividad final; Sociologista: define el delito tomand…,,,3,Causalista: la acción es un comportamiento humano dependiente de la voluntad que produce una consecuencia en el mundo exterior; Finalista: la acción es ejercicio de actividad final; Sociologista: define el delito tomand…,La teoría causalista concibe la acción como un proceso causal voluntario; la finalista como actividad final; y la sociologista incorpora la influencia social en la definición del delito.,
opcion_unica,¿Quién es el sujeto activo y quién el sujeto pasivo de la conducta delictiva?,Derecho,Sujeto activo: el Estado que persigue el delito; Sujeto pasivo: el imputado,Sujeto activo: persona moral que comete el delito; Sujeto pasivo: persona física que lo sufre,"Sujeto activo: persona física que comete el delito (delincuente, agente, criminal); Sujeto pasivo: persona física o moral sobre quien recae el daño o peligro causado por la conducta del delincuente.",Sujeto activo: el juez que sanciona; Sujeto pasivo: la víctima,,,2,"Sujeto activo: persona física que comete el delito (delincuente, agente, criminal); Sujeto pasivo: persona física o moral sobre quien recae el daño o peligro causado por la conducta del delincuente.","El sujeto activo es quien realiza la conducta delictiva (persona física), y el sujeto pasivo es el titular del bien jurídico afectado (persona física o moral).",
opcion_unica,¿Cuáles son las fases de la evolución de la teoría del delito?,Derecho,"Teorías de la acción, de la omisión y de la comisión","Teorías clásica, neoclásica, finalista y lógico-matemática.","Teorías causalista, sociológica y funcionalista","Teorías del delito, de la pena y de la seguridad",,,1,"Teorías clásica, neoclásica, finalista y lógico-matemática.","La evolución de la teoría del delito comprende las etapas clásica, neoclásica, finalista y lógico-matemática.",
opcion_unica,"¿Cómo se denomina la causa de exclusión del delito que se configura cuando el sujeto activo obra por la necesidad de salvaguardar un bien jurídico propio o ajeno, ante un peligro real, actual o inminente, no ocasionado dolosamente, lesionando otro bien de igual valor, siempre que el peligro no sea evitable por otros medios y no tenga el deber jurídico de afrontarlo?",Derecho,Legítima defensa,Cumplimiento de un deber,Error de prohibición,Estado de necesidad exculpante.,,,3,Estado de necesidad exculpante.,"La descripción corresponde al estado de necesidad exculpante, que excluye la culpabilidad cuando se protege un bien jurídico ante un peligro real y no evitable.",
opcion_unica,¿Quién es el máximo exponente de la doctrina penal italiana y representante de la Escuela Clásica?,Derecho,Cesare Lombroso,Rafael Garófalo,Enrico Ferri,Francisco Carrara.,,,3,Francisco Carrara.,Francisco Carrara es considerado el máximo exponente de la Escuela Clásica del derecho penal italiano.,
opcion_unica,¿Cómo se denomina la figura jurídica que se presenta cuando un individuo se encuentra impedido de comprender el carácter ilícito del hecho que cometió?,Derecho,Error de tipo.,Error de prohibición,Causa de justificación,Inimputabilidad,,,0,Error de tipo.,"El error de tipo se refiere al desconocimiento de los elementos del tipo penal, lo que impide comprender el carácter ilícito del hecho.",
opcion_unica,¿Qué figura jurídica extingue la acción penal por el simple transcurso del tiempo señalado por el Código Penal?,Derecho,Amnistía,Perención,Prescripción.,Caducidad,,,2,Prescripción.,La prescripción extingue la acción penal por el transcurso del tiempo previsto en la ley.,
opcion_unica,"¿Cómo se denomina la conducta de quien produce un resultado típico que no previó, siendo previsible, o previó confiando en que no se produciría, por violación de un deber de cuidado objetivamente necesario?",Derecho,Acción culposa.,Acción preterintencional,Caso fortuito,Acción dolosa,,,0,Acción culposa.,"La acción culposa se caracteriza por la falta de cuidado que produce un resultado típico previsible, sin intención de causarlo.",
opcion_unica,¿Cuál es el elemento del delito que consiste en el encuadramiento de la conducta al tipo penal?,Derecho,Tipicidad,Culpabilidad,Antijuricidad,Punibilidad,,,0,Tipicidad,La tipicidad es el encuadramiento de la conducta al tipo penal.,
opcion_unica,¿Cómo se denomina la contradicción entre la conducta humana y la prohibición o mandato contenido en la ley penal?,Derecho,Culpabilidad,Punibilidad,Tipicidad,Antijuricidad,,,3,Antijuricidad,La antijuricidad es la contradicción entre la conducta y la norma penal.,
opcion_unica,La interpretación histórica de la ley penal se refiere a que debe entenderse con base en:,Derecho,La voluntad del legislador al momento de aplicarla,Los antecedentes parlamentarios y la exposición de motivos,El texto literal de la norma,"El momento en que se originó, el por qué y para qué se creó",,,3,"El momento en que se originó, el por qué y para qué se creó",La interpretación histórica atiende al contexto de creación de la norma.,
opcion_unica,La culpabilidad surge como un proceso o nexo psicológico que une al sujeto activo con el hecho y sus especies eran el dolo y la culpa. ¿En cuál teoría se establece esto?,Derecho,Teoría Neoclásica,Teoría Funcionalista,Teoría Clásica,Teoría Finalista,,,2,Teoría Clásica,La teoría clásica concibe la culpabilidad como un nexo psicológico entre el autor y el hecho.,
opcion_unica,"Situación de conflicto entre dos tipos penales que prevén el mismo supuesto de hecho, el juzgador estará en posibilidades de aplicar cualquiera de ellas, inclinándose por la de mayor entidad punitiva. ¿De qué principio se trata?",Derecho,Principio de consunción,Principio de subsidiariedad,Principio de especialidad,Principio de alternatividad,,,3,Principio de alternatividad,El principio de alternatividad permite elegir entre tipos aplicables el de mayor punibilidad.,
opcion_unica,"Son aquellas circunstancias materiales, humanas o anímicas, que son necesarias para que el hecho delictivo sea punible, y que pueden traer o no como consecuencia directa un perjuicio o daño. ¿A qué se refieren?",Derecho,Causas de justificación,Condiciones objetivas para la existencia de la punibilidad,Causas de inimputabilidad,Elementos del tipo penal,,,1,Condiciones objetivas para la existencia de la punibilidad,Las condiciones objetivas de punibilidad son requisitos externos para que el delito sea sancionable.,
opcion_unica,"En los delitos en general, ¿cuál es el aspecto que diferencia a los de acción y a los de omisión?",Derecho,La infracción del deber,La voluntad activa,La forma de la conducta,El resultado material,,,1,La voluntad activa,"La acción implica una conducta activa voluntaria, mientras que la omisión es una abstención.",
opcion_unica,"El agente realiza una conducta diversa a la jurídicamente ordenada por la norma, con independencia del resultado material que se produzca. ¿Qué delito es?",Derecho,Comisión por omisión,Omisión de socorro,Omisión culposa,Omisión simple,,,3,Omisión simple,"La omisión simple consiste en no realizar la conducta ordenada, sin importar el resultado.",
opcion_unica,"Modelo lógico: Nivel del lenguaje en el que se sitúan las normas penales generales y abstractas creadas por el legislador, integradas con un tipo penal y una punibilidad, si se trata de sujetos imputables o de un tipo de descripción legal de medidas de seguridad, si se trata de inimputables. ¿A qué nivel se refiere?",Derecho,Nivel de la teoría del delito,Nivel constitucional,Nivel dogmático,Nivel normativo general y abstracto,,,3,Nivel normativo general y abstracto,El nivel normativo general y abstracto es donde se ubican las normas penales.,
opcion_unica,"En nuestra legislación actual, ¿es sancionado el delito imposible?",Derecho,Solo en casos de tentativa,"Sí, siempre",Depende de la peligrosidad del agente,No,,,3,No,El delito imposible no es sancionado en la legislación mexicana actual.,
opcion_unica,"¿Cuál es la consecuencia jurídica de la tentativa cuando se exteriorizan actos ejecutivos que deberían producir el resultado, pero no se consuma por causas ajenas a la voluntad del sujeto activo, poniendo en peligro el bien jurídico?",Derecho,Es punible,Es impune,Es justificable,Es excusable,,,0,Es punible,La tentativa es punible porque existe peligro para el bien jurídico y una resolución criminal exteriorizada.,
opcion_unica,"En los delitos de autoría y participación, ¿cómo se denomina a quienes acuerdan o preparan la realización del delito?",Derecho,Instigador,Mediato,Intelectual,Material,,,2,Intelectual,La autoría intelectual se refiere a quienes planean o acuerdan la comisión del delito.,
opcion_unica,¿Cómo se adquiere y se pierde la capacidad jurídica de las personas físicas?,Derecho,Se adquiere por registro y se pierde por ausencia,Se adquiere por nacimiento y se pierde con la muerte,Se adquiere por mayoría de edad y se pierde por incapacidad,Se adquiere por concepción y se pierde con la muerte,,,1,Se adquiere por nacimiento y se pierde con la muerte,La capacidad jurídica de las personas físicas se adquiere con el nacimiento y se extingue con la muerte.,
opcion_unica,"Según Franz von Liszt, ¿cómo se denomina la pena que el juez inflige al delincuente para expresar la reprobación social?",Derecho,Medidas de seguridad,Penas,Consecuencias jurídicas,Sanciones administrativas,,,1,Penas,Franz von Liszt define la pena como el mal que el juez inflige al delincuente como reprobación social.,
opcion_unica,¿Qué es el Sistema Penal Acusatorio?,Derecho,"Es un sistema adversarial donde las partes se enfrentan en igualdad ante un juez imparcial, con pruebas debatidas y protección a la víctima.",Es un sistema escrito donde las pruebas se valoran en secreto.,Es un sistema inquisitivo donde el juez investiga y juzga sin contradicción.,Es un sistema mixto donde la fiscalía decide la sentencia.,,,0,"Es un sistema adversarial donde las partes se enfrentan en igualdad ante un juez imparcial, con pruebas debatidas y protección a la víctima.","El sistema acusatorio se caracteriza por la igualdad de partes, la imparcialidad del juez y el debate público de pruebas.",
opcion_unica,¿Qué es el proceso penal?,Derecho,Es el conjunto de leyes que definen los delitos y sus penas.,"Es el mecanismo para investigar delitos, acusar y juzgar a los presuntos responsables.",Es la etapa de ejecución de las sentencias penales.,Es el procedimiento para la reparación del daño a la víctima.,,,1,"Es el mecanismo para investigar delitos, acusar y juzgar a los presuntos responsables.","El proceso penal es el cauce legal para investigar, acusar y juzgar a los imputados.",
opcion_unica,¿Cómo se inicia un proceso penal?,Derecho,Con la presentación de pruebas por la defensa.,Con la orden de aprehensión del juez.,"Cuando la Fiscalía tiene conocimiento de una conducta delictiva y acusa, por denuncia o querella.",Con la sentencia condenatoria.,,,2,"Cuando la Fiscalía tiene conocimiento de una conducta delictiva y acusa, por denuncia o querella.","El proceso penal inicia cuando la Fiscalía conoce de un delito y formula acusación, típicamente por denuncia o querella.",
opcion_unica,¿Quiénes pueden denunciar?,Derecho,Solo la víctima u ofendido.,Cualquier persona que tenga conocimiento de un delito que deba investigarse de oficio.,Solo los mayores de edad.,Solo los servidores públicos.,,,1,Cualquier persona que tenga conocimiento de un delito que deba investigarse de oficio.,La ley permite que cualquier persona denuncie delitos que se persiguen de oficio.,
opcion_unica,¿Quiénes están obligados a denunciar?,Derecho,Solo los profesionales de la salud.,Solo los policías y fiscales.,"Policías, miembros de Fuerzas Armadas, fiscales, servidores públicos, jefes de transporte, personal de salud y directores educativos, entre otros.",Solo los jefes de establecimientos educativos.,,,2,"Policías, miembros de Fuerzas Armadas, fiscales, servidores públicos, jefes de transporte, personal de salud y directores educativos, entre otros.",La ley impone obligación de denunciar a ciertos funcionarios y profesionales que conozcan de un delito en ejercicio de sus funciones.,
opcion_unica,¿En qué casos las personas obligadas a denunciar quedan exentas de hacerlo?,Derecho,"Cuando existe riesgo de persecución penal propia o de parientes cercanos, o cuando conocieron los hechos bajo secreto profesional.",Cuando la víctima no lo solicita.,Cuando el delito es menor.,Cuando el delito es de querella.,,,0,"Cuando existe riesgo de persecución penal propia o de parientes cercanos, o cuando conocieron los hechos bajo secreto profesional.","La obligación de denunciar cesa si se pone en riesgo al denunciante o a sus allegados, o si medió secreto profesional.",
opcion_unica,¿Cuáles son los principios del proceso penal?,Derecho,"Solo los principios de oralidad, publicidad, contradicción y concentración.","Los principios de legalidad, presunción de inocencia y debido proceso, sin incluir otros.",Únicamente los derechos de las víctimas y del imputado.,"Respeto a la dignidad humana, igualdad, imparcialidad, legalidad, presunción de inocencia, derecho de defensa, debido proceso, derechos de las víctimas y de la sociedad, así como los principios de concentración, continu…",,,3,"Respeto a la dignidad humana, igualdad, imparcialidad, legalidad, presunción de inocencia, derecho de defensa, debido proceso, derechos de las víctimas y de la sociedad, así como los principios de concentración, continu…","El proceso penal se rige por un conjunto de principios que garantizan un juicio justo, incluyendo tanto los derechos fundamentales como los principios del sistema acusatorio.",
opcion_unica,¿Qué implica el principio de dignidad humana en el proceso penal?,Derecho,Que los acusados pueden ser tratados como objetos para obtener confesiones.,Que la dignidad humana solo aplica a las víctimas.,Que solo los jueces deben ser tratados con respeto.,"Que todos los intervinientes deben ser tratados como seres humanos, respetando su dignidad e integridad física, psíquica y moral.",,,3,"Que todos los intervinientes deben ser tratados como seres humanos, respetando su dignidad e integridad física, psíquica y moral.","El principio de dignidad humana exige que todas las personas involucradas en el proceso penal sean tratadas con respeto, no como objetos.",
opcion_unica,¿En qué consiste el principio de igualdad en el proceso penal?,Derecho,"En que todas las personas deben recibir el mismo trato, pero solo en la etapa de juicio.",En que la Fiscalía y la defensa tienen los mismos recursos económicos.,"En que las personas que intervienen reciban el mismo trato y oportunidades, sin discriminación por origen étnico, religión, opinión política o filosófica.",En que el juez debe favorecer a la víctima sobre el acusado.,,,2,"En que las personas que intervienen reciban el mismo trato y oportunidades, sin discriminación por origen étnico, religión, opinión política o filosófica.",El principio de igualdad prohíbe la discriminación y asegura que todas las partes tengan las mismas oportunidades procesales.,
opcion_unica,¿Qué obligación impone el principio de imparcialidad a los jueces?,Derecho,"Orientarse por el imperativo de establecer con objetividad la verdad y la justicia, manteniendo un rol imparcial sobre la investigación, acusación y presentación de pruebas.",Abstenerse de conocer cualquier caso que involucre a un conocido.,Actuar a favor de la Fiscalía para asegurar la condena.,Decidir basándose en su opinión personal sobre el caso.,,,0,"Orientarse por el imperativo de establecer con objetividad la verdad y la justicia, manteniendo un rol imparcial sobre la investigación, acusación y presentación de pruebas.",El principio de imparcialidad exige que los jueces actúen con objetividad y sin favorecer a ninguna de las partes.,
opcion_unica,¿Qué significa el principio de legalidad en el proceso penal?,Derecho,Que el juez puede decidir según su libre arbitrio sin sujetarse a la ley.,Que las leyes procesales pueden aplicarse retroactivamente si benefician al acusado.,"Que nadie puede ser investigado ni juzgado sino conforme a la ley procesal vigente al momento de los hechos, observando las formalidades propias de cada juicio.","Que solo la Fiscalía debe cumplir la ley, no la defensa.",,,2,"Que nadie puede ser investigado ni juzgado sino conforme a la ley procesal vigente al momento de los hechos, observando las formalidades propias de cada juicio.",El principio de legalidad garantiza que el proceso se ajuste a la ley vigente y a las formalidades establecidas.,
opcion_unica,¿Qué establece la presunción de inocencia?,Derecho,Que el juez puede considerar culpable al acusado si hay indicios.,Que toda persona se presume inocente y debe ser tratada como tal hasta que una decisión judicial definitiva establezca su responsabilidad.,Que la presunción de inocencia solo aplica en delitos graves.,Que el acusado debe demostrar su inocencia durante el proceso.,,,1,Que toda persona se presume inocente y debe ser tratada como tal hasta que una decisión judicial definitiva establezca su responsabilidad.,La presunción de inocencia es un derecho fundamental que protege a toda persona hasta que exista una sentencia condenatoria firme.,
opcion_unica,¿Qué implica el principio de in dubio pro reo?,Derecho,Que la duda siempre se resuelve en contra del acusado.,Que el juez puede condenar si hay pruebas insuficientes.,"Que si el juez tiene duda sobre la conducta delictiva o la responsabilidad del acusado, debe resolver a su favor.",Que la carga de la prueba recae sobre el acusado.,,,2,"Que si el juez tiene duda sobre la conducta delictiva o la responsabilidad del acusado, debe resolver a su favor.",El principio de in dubio pro reo obliga al juez a absolver cuando exista duda razonable sobre la culpabilidad.,
opcion_unica,¿Cuáles son los derechos de las víctimas en el proceso penal?,Derecho,Solo recibir una indemnización económica.,"Acceso a la justicia, trato humano y digno, protección de su intimidad y seguridad, conocer la verdad, reparación del daño, recibir información y asistencia integral, e intervenir en el proceso.",Que la víctima no tiene derecho a participar en el proceso.,Que se condene al acusado sin necesidad de pruebas.,,,1,"Acceso a la justicia, trato humano y digno, protección de su intimidad y seguridad, conocer la verdad, reparación del daño, recibir información y asistencia integral, e intervenir en el proceso.","Las víctimas tienen derechos amplios que incluyen justicia, verdad, reparación y participación activa en el proceso.",
opcion_unica,¿En qué consiste el principio de contradicción?,Derecho,"En que las partes tienen derecho a conocer, controvertir o confrontar las pruebas, intervenir en su formación y oponerse a las alegaciones de la otra parte.",En que la defensa no puede conocer las pruebas en su contra.,En que solo la Fiscalía puede presentar pruebas.,En que el juez decide qué pruebas son admisibles sin audiencia.,,,0,"En que las partes tienen derecho a conocer, controvertir o confrontar las pruebas, intervenir en su formación y oponerse a las alegaciones de la otra parte.",El principio de contradicción garantiza que las partes puedan refutar las pruebas y argumentos de la contraparte.,
opcion_unica,¿Qué establece el principio de inmediación?,Derecho,"Que solo se considera prueba la que ha sido practicada y producida por las partes ante el juez de juicio oral, en un juicio público, oral y contradictorio.",Que las pruebas pueden practicarse sin la presencia del juez.,Que el juez puede valorar pruebas presentadas por escrito sin necesidad de oralidad.,Que la inmediación solo aplica en la etapa de investigación.,,,0,"Que solo se considera prueba la que ha sido practicada y producida por las partes ante el juez de juicio oral, en un juicio público, oral y contradictorio.",El principio de inmediación exige que el juez presencie directamente la práctica de pruebas para valorarlas objetivamente.,
opcion_unica,¿En qué consiste el principio de concentración en el proceso penal?,Derecho,En que las pruebas deben presentarse por escrito y de manera acumulada.,En que el juicio puede suspenderse y reanudarse sin límite de tiempo.,En que todas las etapas del proceso deben realizarse en un solo día.,"En que las pruebas y diligencias deben practicarse en una audiencia continua, preferiblemente el mismo día.",,,3,"En que las pruebas y diligencias deben practicarse en una audiencia continua, preferiblemente el mismo día.","El principio de concentración exige que las pruebas y diligencias se realicen en una audiencia continua, preferentemente en un solo día, para garantizar la inmediación y eficiencia.",
opcion_unica,¿Qué implica el principio de publicidad en el proceso penal?,Derecho,Que las audiencias deben transmitirse en vivo por televisión.,Que solo las partes y sus abogados pueden presenciar las audiencias.,"Que las actuaciones procesales y audiencias sean abiertas a las partes, medios de comunicación y comunidad, salvo excepciones legales.",Que los medios de comunicación pueden acceder a cualquier actuación sin restricciones.,,,2,"Que las actuaciones procesales y audiencias sean abiertas a las partes, medios de comunicación y comunidad, salvo excepciones legales.","El principio de publicidad garantiza que las actuaciones sean accesibles al público y a los medios, excepto cuando la ley o la Constitución establezcan reserva.",
opcion_unica,¿Quiénes tienen acceso a la actuación procesal según el principio de publicidad?,Derecho,Únicamente los jueces y fiscales.,Solo los testigos y peritos citados.,Solo las partes procesales y sus defensores.,"Además de los intervinientes, la comunidad en general, incluyendo los medios de comunicación.",,,3,"Además de los intervinientes, la comunidad en general, incluyendo los medios de comunicación.","El acceso a la actuación se extiende a la comunidad y a los medios, no solo a las partes, en virtud del principio de publicidad.",
opcion_unica,¿Existen excepciones a la publicidad de las actuaciones?,Derecho,"No, la publicidad es absoluta en todos los casos.","Sí, cuando el acusado sea un funcionario público.","Sí, pero solo cuando lo solicite el fiscal.","Sí, cuando la publicidad ponga en peligro a víctimas, testigos o peritos, afecte la seguridad pública, dañe psicológicamente a menores o comprometa la investigación.",,,3,"Sí, cuando la publicidad ponga en peligro a víctimas, testigos o peritos, afecte la seguridad pública, dañe psicológicamente a menores o comprometa la investigación.","La ley prevé excepciones a la publicidad para proteger a las víctimas, testigos, menores, la seguridad pública o el éxito de la investigación.",
opcion_unica,¿En qué consiste el principio de oralidad en el proceso penal?,Derecho,En que todas las actuaciones deben constar por escrito.,"En que las partes, intervinientes y testigos se manifiesten verbalmente en audiencia ante el juez, prohibiéndose generalmente la lectura o entrega de memoriales.",En que las partes pueden presentar sus alegatos por escrito en lugar de oralmente.,En que los testigos pueden declarar por escrito sin comparecer.,,,1,"En que las partes, intervinientes y testigos se manifiesten verbalmente en audiencia ante el juez, prohibiéndose generalmente la lectura o entrega de memoriales.","La oralidad implica que las actuaciones se desarrollen verbalmente en audiencia, garantizando la inmediación del juez.",
opcion_unica,¿Cómo se caracterizaba el sistema procesal anterior en relación con la oralidad?,Derecho,Se caracterizaba por la oralidad y la inmediación.,Permitía la presentación de pruebas verbales.,Se basaba en audiencias públicas y continuas.,"Se caracterizaba por la escritura, basado en actas y constancias.",,,3,"Se caracterizaba por la escritura, basado en actas y constancias.","El sistema anterior era predominantemente escrito, con actas y constancias, a diferencia del actual que privilegia la oralidad.",
opcion_unica,¿Qué ventajas ofrece el principio de oralidad?,Derecho,Reduce la necesidad de pruebas y diligencias.,"El juez percibe directamente las manifestaciones de testigos e intervinientes, logrando un proceso más ágil, directo, eficaz y eficiente.",Permite que el juez se apoye en informes escritos.,Evita la participación de los medios de comunicación.,,,1,"El juez percibe directamente las manifestaciones de testigos e intervinientes, logrando un proceso más ágil, directo, eficaz y eficiente.","La oralidad permite que el juez tenga contacto directo con las pruebas y alegatos, haciendo el proceso más eficiente.",
opcion_unica,¿Qué garantiza el principio del juez natural?,Derecho,Que el juez sea especializado en la materia.,Que nadie sea juzgado por un tribunal creado con posterioridad al delito o por fuera de la justicia ordinaria.,Que el juez tenga competencia territorial.,Que el juez sea elegido por las partes.,,,1,Que nadie sea juzgado por un tribunal creado con posterioridad al delito o por fuera de la justicia ordinaria.,"El juez natural asegura que la persona sea juzgada por un tribunal preexistente y competente, no creado ex post facto.",
opcion_unica,¿Qué establece el principio de cosa juzgada?,Derecho,Que solo se aplica en materia civil.,Que las sentencias pueden ser revisadas en cualquier momento.,Que permite acumular procesos por los mismos hechos.,Que una persona con sentencia firme no puede ser investigada ni juzgada nuevamente por los mismos hechos.,,,3,Que una persona con sentencia firme no puede ser investigada ni juzgada nuevamente por los mismos hechos.,La cosa juzgada impide un segundo juicio por los mismos hechos cuando ya existe sentencia firme.,
opcion_unica,¿Cuál es la función esencial de la Fiscalía en el proceso penal?,Derecho,Vigilar la actuación de los jueces.,Defender a los imputados en juicio.,Impartir justicia y dictar sentencias.,"Ejercer la acción penal pública, dirigir la investigación y practicar diligencias, requiriendo autorización judicial para actos que restrinjan derechos fundamentales.",,,3,"Ejercer la acción penal pública, dirigir la investigación y practicar diligencias, requiriendo autorización judicial para actos que restrinjan derechos fundamentales.","La Fiscalía dirige la investigación y ejerce la acción penal, con control judicial para actos que afecten derechos fundamentales.",
opcion_unica,¿Cuál es la función esencial de los jueces del tribunal de juicio oral?,Derecho,Supervisar la etapa de investigación y controlar la legalidad de las actuaciones del Ministerio Público.,Investigar los hechos delictivos y recopilar pruebas para presentarlas ante el juez.,"Escuchar de manera imparcial la evidencia presentada y confrontada en el juicio oral para decidir sobre la responsabilidad penal de los acusados, absolviendo o condenando.",Dictar medidas cautelares y resolver sobre la vinculación a proceso del imputado.,,,2,"Escuchar de manera imparcial la evidencia presentada y confrontada en el juicio oral para decidir sobre la responsabilidad penal de los acusados, absolviendo o condenando.","El tribunal de juicio oral es el órgano competente para juzgar, valorando la prueba en audiencia para dictar sentencia absolutoria o condenatoria.",
opcion_unica,¿Cuál es la función de los jueces de control?,Derecho,"Garantizar los derechos de las partes durante las audiencias preliminares, controlar la legalidad de las actuaciones de la Fiscalía y dictar medidas cautelares.",Ejecutar las penas impuestas y vigilar las condiciones de los sentenciados.,Investigar los delitos y recolectar pruebas para sustentar la acusación.,Conocer del juicio oral y dictar sentencia definitiva sobre la responsabilidad penal.,,,0,"Garantizar los derechos de las partes durante las audiencias preliminares, controlar la legalidad de las actuaciones de la Fiscalía y dictar medidas cautelares.","El juez de control actúa en la etapa intermedia, protege derechos y vigila la legalidad, sin intervenir en el juicio oral.",
opcion_unica,¿Cuándo se puede detener a una persona?,Derecho,Solo cuando existe una orden de aprehensión emitida por un juez de control.,"En caso de flagrancia, en caso urgente, por orden del Ministerio Público o por orden de un juez de control.",Cuando el Ministerio Público lo considere necesario para la investigación.,Únicamente cuando la persona es sorprendida cometiendo un delito flagrante.,,,1,"En caso de flagrancia, en caso urgente, por orden del Ministerio Público o por orden de un juez de control.","La detención procede en los supuestos legales: flagrancia, urgencia, orden del MP o del juez de control.",
opcion_unica,¿Cuándo existe flagrancia?,Derecho,Cuando la persona es señalada por la víctima como responsable de un delito.,Cuando la persona es encontrada con objetos relacionados con un delito.,Cuando la persona es detenida en el momento de cometer el delito o es perseguida ininterrumpidamente e inmediatamente después de ejecutarlo.,Cuando existen indicios suficientes de que la persona cometió un delito.,,,2,Cuando la persona es detenida en el momento de cometer el delito o es perseguida ininterrumpidamente e inmediatamente después de ejecutarlo.,La flagrancia exige que la detención ocurra durante la comisión o en persecución inmediata y continua.,
opcion_unica,¿Es necesario ser autoridad para detener en flagrancia?,Derecho,"No, cualquier particular está facultado para detener en caso de flagrancia.","Sí, se requiere ser agente del Ministerio Público para detener en flagrancia.","No, pero solo si el delito es grave y existe orden judicial previa.","Sí, solo las autoridades policiales pueden realizar detenciones en flagrancia.",,,0,"No, cualquier particular está facultado para detener en caso de flagrancia.","La ley permite que cualquier persona detenga a quien sea sorprendido en flagrancia, sin necesidad de ser autoridad.",
opcion_unica,¿Cuándo un juez puede ordenar una detención?,Derecho,Cuando la Fiscalía solicita la orden y presenta elementos materiales o información que fundamenten la razón para la captura.,Cuando el juez tiene conocimiento extraoficial de que una persona cometió un delito.,Cuando la víctima solicita directamente al juez la detención del imputado.,Cuando el Ministerio Público lo pide verbalmente sin presentar datos de prueba.,,,0,Cuando la Fiscalía solicita la orden y presenta elementos materiales o información que fundamenten la razón para la captura.,El juez de control solo puede ordenar la detención si el MP lo solicita y acredita los elementos que la justifican.,
opcion_unica,¿En qué casos la Fiscalía puede ordenar una captura sin intervención judicial?,Derecho,Cuando el delito sea flagrante y el imputado intente huir.,Cuando la víctima solicite protección inmediata y la Fiscalía lo considere necesario.,Cuando exista una denuncia anónima que señale a una persona como responsable.,"En casos urgentes, cuando exista sospecha fundada de delito grave, riesgo de fuga y no se pueda acudir ante el juez por razón de hora, lugar u otra circunstancia.",,,3,"En casos urgentes, cuando exista sospecha fundada de delito grave, riesgo de fuga y no se pueda acudir ante el juez por razón de hora, lugar u otra circunstancia.","La captura urgente por el MP es excepcional y requiere delito grave, riesgo de fuga e imposibilidad de acudir al juez.",
opcion_unica,¿Cuáles son los derechos del detenido?,Derecho,Que se le permita realizar llamadas telefónicas y recibir visitas sin restricciones.,Que se le garantice un juicio público y la presunción de inocencia.,Que se le otorgue la libertad bajo fianza de manera automática.,"Que se le informe de inmediato el hecho imputado, la causa de detención y la autoridad que la ordenó; designar a quién avisar; guardar silencio; y designar y entrevistarse con un abogado.",,,3,"Que se le informe de inmediato el hecho imputado, la causa de detención y la autoridad que la ordenó; designar a quién avisar; guardar silencio; y designar y entrevistarse con un abogado.","Los derechos del detenido incluyen información, comunicación, silencio y asistencia legal, entre otros.",
opcion_unica,¿Cuál es el procedimiento cuando se detiene a una persona?,Derecho,El detenido debe ser presentado directamente ante un juez de control dentro de las 24 horas.,La autoridad debe poner al detenido a disposición del juez de control de inmediato.,"Si la captura la realiza una autoridad, debe conducir al detenido inmediatamente ante la Fiscalía; si es un particular, debe llevarlo ante cualquier autoridad de policía o al Ministerio Público en el término de la dista…","El particular debe liberar al detenido si no es autoridad, sin llevarlo ante ninguna instancia.",,,2,"Si la captura la realiza una autoridad, debe conducir al detenido inmediatamente ante la Fiscalía; si es un particular, debe llevarlo ante cualquier autoridad de policía o al Ministerio Público en el término de la dista…","La ley establece que la puesta a disposición se haga ante el MP o la policía, según quién detenga.",
opcion_unica,¿Qué debe hacer el Fiscal después de que se le pone a disposición a un detenido?,Derecho,Debe mantener al detenido en prisión mientras se realiza la investigación complementaria.,"Si el delito no merece prisión preventiva, debe liberarlo; si procede, debe legalizar la captura ante un juez de control dentro de 48 horas y solicitar prisión preventiva si corresponde.",Debe solicitar al juez la vinculación a proceso inmediatamente y sin audiencia.,Debe presentar al detenido ante el juez de control dentro de las 24 horas para formular imputación.,,,1,"Si el delito no merece prisión preventiva, debe liberarlo; si procede, debe legalizar la captura ante un juez de control dentro de 48 horas y solicitar prisión preventiva si corresponde.","El fiscal debe verificar si procede la detención y, en su caso, llevar al detenido ante el juez de control dentro de 48 horas para legalizar la captura.",
opcion_unica,¿Qué es una medida cautelar?,Derecho,"Decisión del Juez de Control que afecta derechos del imputado para asegurar su comparecencia, evitar obstrucción a la justicia o proteger a la víctima y la sociedad.",Acuerdo entre la Fiscalía y la defensa para terminar el proceso.,Acto de investigación realizado por la Fiscalía para recolectar pruebas.,Sanción impuesta por el juez al imputado por la comisión de un delito.,,,0,"Decisión del Juez de Control que afecta derechos del imputado para asegurar su comparecencia, evitar obstrucción a la justicia o proteger a la víctima y la sociedad.",La medida cautelar es una decisión del Juez de Control que restringe derechos del imputado para garantizar los fines del proceso.,
opcion_unica,¿Cuáles son las medidas cautelares privativas de la libertad?,Derecho,La prisión preventiva en establecimiento de reclusión y el arresto domiciliario.,La prohibición de salir del país y la presentación periódica ante el juez.,La suspensión del cargo público y el pago de una caución.,La vigilancia electrónica y la obligación de no acercarse a la víctima.,,,0,La prisión preventiva en establecimiento de reclusión y el arresto domiciliario.,Las únicas medidas cautelares que privan de la libertad son la prisión preventiva y el arresto domiciliario.,
opcion_unica,¿Cuáles son las medidas de aseguramiento no privativas de la libertad?,Derecho,La prisión preventiva y el arresto domiciliario.,La confiscación de bienes y el pago de una multa.,"Vigilancia electrónica, presentación periódica, prohibición de salir del país o de concurrir a ciertos lugares y de comunicarse con ciertas personas.",La suspensión del derecho a portar armas y la inhabilitación para ejercer el comercio.,,,2,"Vigilancia electrónica, presentación periódica, prohibición de salir del país o de concurrir a ciertos lugares y de comunicarse con ciertas personas.","Las medidas no privativas de la libertad incluyen restricciones como vigilancia electrónica, presentación periódica y prohibiciones de salir o comunicarse.",
opcion_unica,¿La Fiscalía puede practicar pruebas?,Derecho,"No, las pruebas se practican ante el Tribunal de juicio oral, salvo la prueba anticipada.","No, la Fiscalía solo puede solicitar pruebas al juez, pero no practicarlas.","Sí, pero solo en la etapa de investigación inicial.","Sí, durante la investigación puede practicar todas las pruebas que considere necesarias.",,,0,"No, las pruebas se practican ante el Tribunal de juicio oral, salvo la prueba anticipada.","En el sistema acusatorio, la prueba se produce en el juicio oral, no durante la investigación.",
opcion_unica,"Si la Fiscalía no puede practicar pruebas, ¿cómo realiza la investigación?",Derecho,"A través de la policía, que es quien practica las pruebas.",Mediante actos de investigación que buscan evidencias y datos de prueba sobre el delito y sus responsables.,Solicitando al juez que practique las pruebas necesarias.,"No puede investigar, por lo que depende de la denuncia de la víctima.",,,1,Mediante actos de investigación que buscan evidencias y datos de prueba sobre el delito y sus responsables.,La Fiscalía realiza actos de investigación para recolectar evidencias y datos de prueba.,
opcion_unica,¿Cuáles son los datos de prueba?,Derecho,Únicamente los informes periciales y documentos oficiales.,Solo las declaraciones de testigos y peritos.,Las pruebas que se desahogan en el juicio oral.,"Huellas, rastros, manchas, residuos, vestigios, armas, instrumentos, objetos, dinero, bienes, documentos, fotografías, videos, mensajes de datos, correos electrónicos y fax.",,,3,"Huellas, rastros, manchas, residuos, vestigios, armas, instrumentos, objetos, dinero, bienes, documentos, fotografías, videos, mensajes de datos, correos electrónicos y fax.","Los datos de prueba incluyen elementos materiales como huellas, objetos, documentos y archivos digitales.",
opcion_unica,¿En qué consiste el principio de oportunidad?,Derecho,Es la obligación de la Fiscalía de perseguir todos los delitos.,Es el derecho del imputado a no ser juzgado dos veces por el mismo hecho.,"Es la facultad de la Fiscalía para suspender, interrumpir o renunciar a la persecución penal en casos particulares.",Es la facultad del juez para sobreseer el proceso cuando no hay pruebas.,,,2,"Es la facultad de la Fiscalía para suspender, interrumpir o renunciar a la persecución penal en casos particulares.",El principio de oportunidad permite a la Fiscalía no ejercer la acción penal en ciertos casos.,
opcion_unica,¿En el anterior sistema existía el principio de oportunidad?,Derecho,"No, la Fiscalía tenía la obligación de ejercer la acción penal ante conductas delictivas y no podía renunciar.","No, pero el juez podía decidir no perseguir algunos delitos.","Sí, era igual que en el sistema actual.","Sí, pero solo para delitos menores.",,,0,"No, la Fiscalía tenía la obligación de ejercer la acción penal ante conductas delictivas y no podía renunciar.","En el sistema anterior regía el principio de legalidad, por lo que la Fiscalía debía perseguir todos los delitos.",
opcion_unica,¿Qué ventajas tiene el principio de oportunidad?,Derecho,Permite al Estado enfocar sus recursos en delitos de mayor impacto social y procurar la reparación del daño.,Garantiza que todos los delitos sean castigados severamente.,Elimina la carga procesal al no perseguir ningún delito.,Reduce el tiempo de los juicios orales.,,,0,Permite al Estado enfocar sus recursos en delitos de mayor impacto social y procurar la reparación del daño.,El principio de oportunidad optimiza recursos y prioriza los delitos más graves.,
opcion_unica,¿En qué casos procede la aplicación del principio de oportunidad?,Derecho,"En delitos con penas menores, escasa afectación a bienes jurídicos o como beneficio por colaboración con la justicia.",Únicamente cuando el imputado confiesa su culpabilidad.,"En todos los delitos, sin importar su gravedad.",Solo en delitos contra la propiedad.,,,0,"En delitos con penas menores, escasa afectación a bienes jurídicos o como beneficio por colaboración con la justicia.",El principio de oportunidad procede en casos de menor relevancia o cuando el imputado colabora con la justicia.,
opcion_unica,¿Qué impugnaciones existen cuando la Fiscalía ejerce el principio de oportunidad?,Derecho,"Impugnación ante el superior jerárquico del fiscal y control judicial ante el Juez de Control, en audiencia con víctimas y Ministerio Público, para verificar la legalidad.","Únicamente se puede solicitar la revocación por escrito ante el mismo fiscal, sin audiencia.","Solo procede la apelación ante el Tribunal de Apelación, sin intervención de la víctima.","No existe impugnación alguna, pues la decisión del fiscal es definitiva e inatacable.",,,0,"Impugnación ante el superior jerárquico del fiscal y control judicial ante el Juez de Control, en audiencia con víctimas y Ministerio Público, para verificar la legalidad.",La ley prevé dos vías: la impugnación jerárquica y el control judicial a través de una audiencia donde se verifica la legalidad de la aplicación del principio.,
opcion_unica,¿Cuáles son las audiencias en el Sistema Penal Acusatorio?,Derecho,"Audiencia de ofrecimiento de pruebas, audiencia de desahogo de pruebas y audiencia de fallo.","Audiencia inicial, audiencia de conciliación, audiencia de pruebas y audiencia de alegatos.","Audiencia de investigación, audiencia de acusación, audiencia de juicio y audiencia de apelación.","Control de detención, formulación de imputación, vinculación a proceso y lectura de sentencia.",,,3,"Control de detención, formulación de imputación, vinculación a proceso y lectura de sentencia.","Las audiencias principales del sistema acusatorio son las mencionadas, que estructuran el proceso desde la detención hasta la sentencia.",
opcion_unica,¿Qué es la audiencia de formulación de imputación?,Derecho,"Es la audiencia ante el Juez de Control donde la Fiscalía comunica al imputado que se investiga su participación en hechos punibles, para que ejerza su defensa.",Es la audiencia donde se dicta la sentencia definitiva y se individualiza la pena.,Es la audiencia donde se decide si el imputado debe permanecer en prisión preventiva.,Es la audiencia donde se presentan las pruebas de cargo y descargo ante el tribunal de juicio.,,,0,"Es la audiencia ante el Juez de Control donde la Fiscalía comunica al imputado que se investiga su participación en hechos punibles, para que ejerza su defensa.","La formulación de imputación es el acto por el cual la Fiscalía informa al imputado de la investigación en su contra, garantizando su derecho a defenderse.",
opcion_unica,¿En qué consiste el escrito de acusación?,Derecho,Es el escrito donde la víctima solicita la reparación del daño y el pago de gastos.,Es el informe que rinde la policía al Ministerio Público sobre el resultado de las investigaciones.,Es el documento donde la defensa solicita el sobreseimiento del caso por falta de pruebas.,"Es el escrito mediante el cual la Fiscalía formaliza ante el Juez de Control la acusación contra una o varias personas, al considerar que la investigación fundamenta el juicio público.",,,3,"Es el escrito mediante el cual la Fiscalía formaliza ante el Juez de Control la acusación contra una o varias personas, al considerar que la investigación fundamenta el juicio público.","El escrito de acusación es el acto formal de la Fiscalía para llevar el caso a juicio, cumpliendo los requisitos legales.",
opcion_unica,¿En qué consiste la audiencia intermedia?,Derecho,Es la audiencia donde se decide la vinculación a proceso del imputado.,Es la audiencia donde se lleva a cabo el desahogo de todas las pruebas y se dicta sentencia.,Es la audiencia donde se realiza la conciliación entre víctima e imputado.,"Es la audiencia que prepara el juicio oral, donde las partes enuncian sus pruebas y el juez admite o excluye las que pueden practicarse.",,,3,"Es la audiencia que prepara el juicio oral, donde las partes enuncian sus pruebas y el juez admite o excluye las que pueden practicarse.",La audiencia intermedia tiene como función depurar las pruebas y definir los hechos que serán materia del juicio oral.,
opcion_unica,¿En qué consiste la audiencia de juicio oral?,Derecho,Es la audiencia donde se formula la imputación y se decide la prisión preventiva.,Es la audiencia donde se realiza la individualización de la pena y la reparación del daño.,Es la audiencia donde se revisa la legalidad de la detención y se controla el plazo de investigación.,"Es la etapa principal del sistema acusatorio, donde ante el Tribunal de Juicio Oral, las partes ofrecen, practican y controvierten pruebas en un debate público, y el tribunal delibera y anuncia el sentido del fallo.",,,3,"Es la etapa principal del sistema acusatorio, donde ante el Tribunal de Juicio Oral, las partes ofrecen, practican y controvierten pruebas en un debate público, y el tribunal delibera y anuncia el sentido del fallo.","El juicio oral es el escenario central del sistema acusatorio, donde se practican las pruebas y se decide la culpabilidad o inocencia.",
opcion_unica,¿Qué es una audiencia de individualización de pena o medida de seguridad y la reparación del daño?,Derecho,"Es la audiencia que se realiza cuando el fallo es condenatorio, para valorar las condiciones del sentenciado y determinar la pena o medida de seguridad y la reparación del daño.",Es la audiencia donde se decide si se abre o no el juicio oral.,Es la audiencia donde se revisa la legalidad de la detención y se formula la imputación.,Es la audiencia donde se determina si el imputado es responsable o no de los hechos.,,,0,"Es la audiencia que se realiza cuando el fallo es condenatorio, para valorar las condiciones del sentenciado y determinar la pena o medida de seguridad y la reparación del daño.","Tras un fallo condenatorio, esta audiencia permite fijar la sanción y la compensación a la víctima.",
opcion_unica,¿Qué son los delitos perseguibles a petición de parte?,Derecho,Son delitos que requieren autorización del juez para iniciar la investigación.,"Son delitos que solo se persiguen si la víctima o un particular presenta querella o denuncia, por afectar intereses individuales o de un grupo reducido.",Son delitos que solo se persiguen cuando existe flagrancia.,Son delitos que solo pueden ser perseguidos de oficio por el Ministerio Público.,,,1,"Son delitos que solo se persiguen si la víctima o un particular presenta querella o denuncia, por afectar intereses individuales o de un grupo reducido.",Estos delitos requieren la manifestación de voluntad de la víctima para que el Ministerio Público pueda actuar.,
opcion_unica,¿Qué son los Mecanismos alternativos de solución de conflictos?,Derecho,Son medidas cautelares dictadas por el juez para proteger a las víctimas.,"Son métodos para resolver conflictos sin intervención de los órganos jurisdiccionales, como la mediación, conciliación o arbitraje.",Son recursos legales para impugnar resoluciones judiciales.,Son procedimientos judiciales para resolver conflictos de manera rápida.,,,1,"Son métodos para resolver conflictos sin intervención de los órganos jurisdiccionales, como la mediación, conciliación o arbitraje.","Estos mecanismos buscan soluciones pacíficas y voluntarias entre las partes, evitando el proceso judicial.",
opcion_unica,¿Qué es un defensor público?,Derecho,Es un abogado que representa al Ministerio Público en el juicio.,Es un abogado que asesora a la víctima en el proceso penal.,Es un abogado que defiende al imputado solo en la etapa de ejecución de la pena.,Es un abogado designado por la autoridad judicial o el Ministerio Público para asistir al imputado que no ha nombrado defensor particular.,,,3,Es un abogado designado por la autoridad judicial o el Ministerio Público para asistir al imputado que no ha nombrado defensor particular.,El defensor público garantiza el derecho de defensa técnica a quien no puede costear un abogado particular.,
opcion_unica,¿Pueden los jueces en el nuevo sistema decretar la práctica de pruebas de oficio como ocurría en el anterior sistema?,Derecho,"No, el juez no puede ordenar pruebas de oficio, pues perdería su imparcialidad; las pruebas son iniciativa de las partes.","Sí, el juez puede ordenar pruebas de oficio para garantizar la justicia.","No, el juez solo puede solicitar pruebas aclaratorias a los testigos.","Sí, pero solo si las partes no ofrecen pruebas suficientes.",,,0,"No, el juez no puede ordenar pruebas de oficio, pues perdería su imparcialidad; las pruebas son iniciativa de las partes.","En el sistema acusatorio, el juez debe ser imparcial y no puede ordenar pruebas de oficio, ya que la carga probatoria recae en las partes.",
opcion_unica,¿En qué consiste la prueba anticipada?,Derecho,Es una prueba que se presenta por escrito antes del juicio para agilizar el proceso.,Es una prueba que solo puede solicitar el Ministerio Público en casos de urgencia.,Es una prueba que se practica en el juicio oral sin necesidad de citar a las partes.,"Es la práctica de una prueba antes del juicio oral ante el Juez de Control, cuando hay riesgo de perder la evidencia o es imposible aducirla en el juicio, con participación de las partes y contradicción.",,,3,"Es la práctica de una prueba antes del juicio oral ante el Juez de Control, cuando hay riesgo de perder la evidencia o es imposible aducirla en el juicio, con participación de las partes y contradicción.","La prueba anticipada se realiza ante el Juez de Control cuando existe peligro de pérdida o imposibilidad de presentarla en el juicio, garantizando contradicción y defensa.",
opcion_unica,¿Cuál es el papel del Tribunal de Juicio oral en la audiencia del juicio oral?,Derecho,Investigar los hechos y presentar pruebas contra el acusado.,Actuar como asesor legal de las partes durante el juicio.,Representar a la víctima y asegurar la reparación del daño.,"Decidir la controversia, escuchar imparcialmente las pruebas, dirigir la audiencia, velar por la legalidad y anunciar el sentido del fallo.",,,3,"Decidir la controversia, escuchar imparcialmente las pruebas, dirigir la audiencia, velar por la legalidad y anunciar el sentido del fallo.","El Tribunal de Juicio Oral es el destinatario de las pruebas, dirige la audiencia y decide sobre la responsabilidad penal del acusado.",
opcion_unica,¿Los testigos deben ser preparados por las partes antes de que rindan su testimonio en el juicio oral?,Derecho,"No, los testigos no deben tener contacto con las partes antes del juicio.","Sí, pero solo para ilustrarlos sobre el procedimiento y las reglas, no para dirigir su testimonio o faltar a la verdad.","Sí, las partes pueden indicarles qué decir para fortalecer su caso.","No, la preparación de testigos es exclusiva del juez.",,,1,"Sí, pero solo para ilustrarlos sobre el procedimiento y las reglas, no para dirigir su testimonio o faltar a la verdad.","La preparación de testigos es permitida para orientarlos sobre el proceso, pero no para influir en su declaración, pues debe prevalecer la verdad.",
opcion_unica,¿Cómo se desarrolla la declaración del testigo en el juicio oral?,Derecho,"Se le toma juramento, luego la parte que lo ofreció lo interroga y después la otra parte puede contrainterrogarlo.",Las partes interrogan simultáneamente al testigo sin orden establecido.,El juez interroga directamente al testigo y las partes solo observan.,El testigo presenta su declaración por escrito y no se permite contrainterrogatorio.,,,0,"Se le toma juramento, luego la parte que lo ofreció lo interroga y después la otra parte puede contrainterrogarlo.","En el juicio oral, el testigo jura decir verdad, es interrogado por la parte que lo presenta y luego puede ser contrainterrogado por la contraparte.",
opcion_unica,¿Cuál ha sido el mayor impacto del Sistema Penal Acusatorio en la sociedad?,Derecho,"La agilidad y rapidez en la administración de justicia, y la transparencia a través de audiencias públicas.",La eliminación de la corrupción en el sistema judicial.,El aumento de la confianza en la policía y el ministerio público.,La reducción de la delincuencia gracias a penas más severas.,,,0,"La agilidad y rapidez en la administración de justicia, y la transparencia a través de audiencias públicas.","El sistema acusatorio ha agilizado los procesos y permitido el escrutinio público mediante audiencias, lo que aumenta la confianza en la justicia.",
opcion_unica,¿Cómo han sido los resultados del Sistema Penal Acusatorio en materia de eficacia y garantía?,Derecho,"Casos que antes se resolvían en años ahora se resuelven en meses, y hay mayor confianza en la justicia penal.",No se han logrado éxitos en casos de alto impacto como homicidio o narcotráfico.,"Los resultados han sido negativos, pues los juicios son más lentos y burocráticos.",La confianza de la población ha disminuido por la falta de controles judiciales.,,,0,"Casos que antes se resolvían en años ahora se resuelven en meses, y hay mayor confianza en la justicia penal.",El sistema acusatorio ha mostrado eficacia al resolver casos en menos tiempo y ha incrementado la confianza ciudadana en la justicia.,
opcion_unica,En el concepto de derecho procesal penal:,Derecho,Es el procedimiento para crear leyes penales en el ámbito legislativo.,Es la rama del derecho que estudia los delitos y las penas.,"Se comprende como una institución jurídica de carácter público, cuya finalidad es que se apliquen las normas penales sustantivas en los casos concretos.",Es el conjunto de normas que regulan la conducta delictiva y sus sanciones.,,,2,"Se comprende como una institución jurídica de carácter público, cuya finalidad es que se apliquen las normas penales sustantivas en los casos concretos.",El derecho procesal penal es una institución pública que regula la aplicación de las normas penales a casos concretos.,
opcion_unica,El proceso se define como:,Derecho,La serie de actos ordenados y encaminados hacia un objetivo.,La decisión final de un juez en un caso concreto.,La etapa inicial de un juicio donde se presentan las pruebas.,El conjunto de leyes que regulan una materia específica.,,,0,La serie de actos ordenados y encaminados hacia un objetivo.,"El proceso es una secuencia ordenada de actos dirigidos a alcanzar un fin, como resolver una controversia.",
opcion_unica,"El artículo 19 constitucional, a partir de la reforma del 2008, establece que el proceso penal será acusatorio y oral.",Derecho,Verdadero,"Solo es oral, no acusatorio.",Falso,"Solo es acusatorio, no oral.",,,2,Falso,El artículo 19 constitucional no establece el sistema acusatorio; es el artículo 20 el que lo define como acusatorio y oral.,
opcion_unica,¿Qué establece el principio de contradicción en materia procesal?,Derecho,Que solo el juez puede conocer las pruebas presentadas por las partes.,"Que las partes pueden conocer, controvertir o confrontar todos los medios de prueba.",Que las partes solo pueden presentar pruebas sin contradecir las de la contraparte.,Que las pruebas deben ser secretas hasta la audiencia final.,,,1,"Que las partes pueden conocer, controvertir o confrontar todos los medios de prueba.",El principio de contradicción garantiza que las partes tengan la oportunidad de conocer y debatir las pruebas ofrecidas por la otra parte.,
opcion_unica,¿Cuántos principios rectores del procedimiento penal reconoce el Código Nacional de Procedimientos Penales?,Derecho,Son exactamente doce.,Son más de doce.,El código no establece principios rectores.,"No son doce, son menos.",,,3,"No son doce, son menos.","El Código Nacional de Procedimientos Penales establece un número distinto de principios rectores, por lo que la afirmación de que son doce es falsa.",
opcion_unica,¿En qué casos procede el ejercicio de la acción penal por particulares?,Derecho,"Cuando se presenta querella y se sustenta en audiencia ante el juez de control, siempre que existan datos que establezcan que el hecho es delito y que el imputado lo cometió.",Cuando el Ministerio Público no tenga tiempo para investigar.,Cuando el delito sea flagrante y no se requiera querella.,Cuando la víctima directamente solicite al juez la detención del imputado.,,,0,"Cuando se presenta querella y se sustenta en audiencia ante el juez de control, siempre que existan datos que establezcan que el hecho es delito y que el imputado lo cometió.","La acción penal por particulares procede mediante querella y sustentación ante el juez de control, cumpliendo los requisitos de tipicidad y probable responsabilidad.",
opcion_unica,¿A quién corresponde el ejercicio de la acción penal?,Derecho,Al Ministerio Público.,Al juez de control.,A la víctima u ofendido.,A la policía ministerial.,,,0,Al Ministerio Público.,"La acción penal es facultad exclusiva del Ministerio Público, quien decide si ejercita o no la persecución penal.",
opcion_unica,"Como titular de la acción penal, ¿qué facultad corresponde al Ministerio Público?",Derecho,Otorgar amparo a los acusados.,Declarar la extinción de la acción penal.,Pedir la libertad de los procesados en la forma y términos que previene la ley.,Dictar sentencias condenatorias.,,,2,Pedir la libertad de los procesados en la forma y términos que previene la ley.,"El Ministerio Público puede solicitar la libertad del imputado cuando no existan elementos para mantener la prisión preventiva, conforme a la ley.",
opcion_unica,¿A quién le corresponde constatar los requisitos formales y materiales para el ejercicio de la acción penal particular?,Derecho,A la víctima.,Al Ministerio Público.,Al juez de control.,Al tribunal de apelación.,,,2,Al juez de control.,El juez de control es la autoridad que verifica que se cumplan los requisitos para que un particular pueda ejercer la acción penal.,
opcion_unica,¿Qué se entiende por acción penal?,Derecho,Un conjunto de actuaciones legales que concluyen con la acreditación del cuerpo del delito y determinan la acusación ante el órgano jurisdiccional.,La decisión del juez de abrir un proceso penal.,La solicitud de la víctima para que se castigue al responsable.,La etapa inicial del proceso donde se recaban pruebas.,,,0,Un conjunto de actuaciones legales que concluyen con la acreditación del cuerpo del delito y determinan la acusación ante el órgano jurisdiccional.,"La acción penal es el conjunto de actos del Ministerio Público que, tras investigar, sustentan la acusación ante el juez.",
opcion_unica,¿Cómo se divide la etapa de investigación en el proceso penal?,Derecho,En investigación inicial e investigación general.,En investigación ministerial y policial.,En investigación preliminar e investigación judicial.,En investigación inicial e investigación complementaria.,,,3,En investigación inicial e investigación complementaria.,"La etapa de investigación se divide en dos fases: inicial y complementaria, no en general.",
opcion_unica,¿Cuál es una de las finalidades del proceso penal?,Derecho,El esclarecimiento de los hechos.,La protección del imputado.,La imposición de penas ejemplares.,La venganza de la víctima.,,,0,El esclarecimiento de los hechos.,El proceso penal busca esclarecer los hechos para determinar la verdad histórica y la responsabilidad del imputado.,
opcion_unica,¿A quién corresponde exclusivamente la investigación de los delitos?,Derecho,Al juez de control.,Al Ministerio Público.,A la policía ministerial.,"No es exclusiva del Ministerio Público, también participan la policía y otras autoridades.",,,3,"No es exclusiva del Ministerio Público, también participan la policía y otras autoridades.","La investigación de los delitos es compartida entre el Ministerio Público y la policía, por lo que no es exclusiva.",
opcion_unica,¿Con qué actos comienza la etapa de investigación en el sistema penal acusatorio?,Derecho,Con la denuncia o querella.,Con el auto de vinculación a proceso.,Con la sentencia condenatoria.,Con la orden de aprehensión.,,,0,Con la denuncia o querella.,La etapa de investigación inicia formalmente con la presentación de la denuncia o querella ante el Ministerio Público.,
opcion_unica,¿Dónde se encuentra regulado el proceso penal acusatorio en México?,Derecho,En el Código Civil Federal.,Dentro del procedimiento penal acusatorio.,En el Código Fiscal de la Federación.,En la Ley de Amparo.,,,1,Dentro del procedimiento penal acusatorio.,"El proceso penal está contenido en el procedimiento penal acusatorio, que es el conjunto de normas que regulan las etapas del sistema penal.",
opcion_unica,¿Qué papel juega el asesor jurídico en el procedimiento penal acusatorio?,Derecho,Es un perito oficial.,Es un juez de control.,Es un testigo de cargo.,Es parte en el procedimiento penal.,,,3,Es parte en el procedimiento penal.,"El asesor jurídico es considerado parte en el procedimiento penal, ya que interviene en defensa de los intereses de la víctima u ofendido.",
opcion_unica,¿Cuál es la función principal del asesor jurídico en el sistema penal acusatorio?,Derecho,"Orientar, asesorar e intervenir en la representación de la víctima u ofendido.",Dictar sentencias en los juicios orales.,Defender al imputado en el juicio.,Investigar los delitos de oficio.,,,0,"Orientar, asesorar e intervenir en la representación de la víctima u ofendido.","La función del asesor jurídico es brindar orientación, asesoría y representación legal a la víctima u ofendido durante el procedimiento.",
opcion_unica,¿En qué fecha se publicó la reforma constitucional que implementó el sistema acusatorio penal en México?,Derecho,El 18 de junio de 2008.,El 11 de mayo de 2008.,El 20 de diciembre de 2007.,El 1 de enero de 2009.,,,0,El 18 de junio de 2008.,"La reforma constitucional en materia de justicia penal fue publicada en el Diario Oficial de la Federación el 18 de junio de 2008, no el 11 de mayo.",
opcion_unica,¿Cómo se denomina a la persona contra quien se dirige la acusación durante la etapa de investigación en el sistema penal acusatorio?,Derecho,Procesado.,Imputado.,Acusado.,Sentenciado.,,,1,Imputado.,"Durante la etapa de investigación, la persona señalada como probable responsable se denomina imputado; el término 'acusado' se utiliza en la etapa intermedia.",
opcion_unica,¿Qué denominación recibe la persona contra quien se ha formulado acusación y se encuentra en la etapa intermedia?,Derecho,Acusado.,Sentenciado.,Imputado.,Indiciado.,,,0,Acusado.,"En la etapa intermedia, una vez formulada la acusación, la persona pasa a denominarse acusado.",
opcion_unica,¿Cómo se le llama a la persona que ha sido declarada culpable mediante sentencia firme en el sistema penal?,Derecho,Sentenciado.,Acusado.,Procesado.,Imputado.,,,0,Sentenciado.,"Una vez que existe sentencia firme condenatoria, la persona adquiere la calidad de sentenciado.",
opcion_unica,¿Qué tan similares son el sistema procesal penal mixto y el sistema acusatorio adversarial?,Derecho,Comparten todas sus características.,Son diferentes en sus principios y procedimientos.,Son similares en cuanto a la oralidad.,Son idénticos en su totalidad.,,,1,Son diferentes en sus principios y procedimientos.,"El sistema mixto y el acusatorio adversarial difieren en aspectos fundamentales como la oralidad, la publicidad y el papel del juez.",
opcion_unica,"En el sistema procesal penal mixto, ¿la defensa tenía la misma intervención que en el sistema acusatorio adversarial?",Derecho,"Sí, tenía las mismas facultades.","No, la defensa no existía.","No, la intervención era más limitada.","Sí, pero solo en la etapa de juicio.",,,2,"No, la intervención era más limitada.","En el sistema mixto, la defensa tenía restricciones en su participación, a diferencia del acusatorio donde se garantiza plenamente la igualdad de armas.",
opcion_unica,"En el sistema acusatorio, ¿es necesaria la participación del acusado en el proceso penal?",Derecho,"Falso, solo es necesaria su participación si así lo solicita.",Verdadero,"Falso, puede ser representado por su defensor en todo momento.","Falso, solo se requiere su presencia en la audiencia de juicio oral.",,,1,Verdadero,"En el sistema acusatorio, la participación del acusado es esencial para garantizar su derecho de defensa y el principio de contradicción.",
opcion_unica,"¿Cómo se denomina a las personas que intervienen en el procedimiento cuando se requiere un conocimiento especializado en ciencia, arte o técnica, sin que se consideren parte del procedimiento?",Derecho,Asesor jurídico,Testigo experto,Consultor técnico,Perito,,,2,Consultor técnico,El consultor técnico es un auxiliar que aporta conocimientos especializados sin ser parte procesal.,
opcion_unica,¿En cuál de los siguientes sistemas procesales la víctima no participa en el proceso penal?,Derecho,Sistema acusatorio,Sistema inquisitivo,Sistema mixto,Sistema adversarial,,,1,Sistema inquisitivo,"En el sistema inquisitivo, la víctima no tenía un papel activo, ya que el proceso era dominado por el juez y el Ministerio Público.",
opcion_unica,¿En qué caso se librará orden de aprehensión precedida de denuncia o querella por hechos que la ley señale como delito?,Derecho,Cuando el Ministerio Público lo solicite sin necesidad de datos de prueba.,Cuando el delito sea sancionado con pena privativa de libertad y los datos establezcan que se cometió un hecho delictuoso y exista probabilidad de que el indiciado lo cometió o participó en su comisión.,Cuando la víctima lo pida y el delito sea grave.,Cuando el delito sea sancionado con pena alternativa y existan indicios de responsabilidad.,,,1,Cuando el delito sea sancionado con pena privativa de libertad y los datos establezcan que se cometió un hecho delictuoso y exista probabilidad de que el indiciado lo cometió o participó en su comisión.,La orden de aprehensión procede si el delito merece pena privativa de libertad y existen datos que acrediten el hecho y la probable participación del indiciado.,
opcion_unica,¿En qué momento cualquier persona puede detener al indiciado?,Derecho,Cuando la víctima lo señale como responsable.,Cuando exista una orden de aprehensión girada por un juez.,Cuando el Ministerio Público lo autorice verbalmente.,Cuando esté cometiendo un delito o inmediatamente después de haberlo cometido.,,,3,Cuando esté cometiendo un delito o inmediatamente después de haberlo cometido.,"La detención por cualquier persona procede en caso de flagrancia, es decir, al momento de cometer el delito o justo después.",
opcion_unica,¿Después de cuál acto procesal se le ofrece al imputado la oportunidad de declarar ante el juez de control?,Derecho,Vinculación a proceso,Juicio oral,Audiencia intermedia,Formulación de imputación,,,3,Formulación de imputación,"La oportunidad de declarar se da después de la formulación de imputación, cuando el juez de control informa al imputado sus derechos y le pregunta si desea declarar.",
opcion_unica,"En delitos de delincuencia organizada, ¿qué medida puede decretar la autoridad judicial a petición del Ministerio Público?",Derecho,Intervención de comunicaciones privadas,Prisión preventiva oficiosa,"Arraigo de una persona, con modalidades de lugar y tiempo que la ley señale.",Orden de aprehensión,,,2,"Arraigo de una persona, con modalidades de lugar y tiempo que la ley señale.","En casos de delincuencia organizada, el juez puede decretar el arraigo, que restringe la libertad del imputado por un tiempo determinado.",
opcion_unica,¿Cuándo tendrán acceso el imputado y su defensor a los registros de la investigación?,Derecho,Solo después de la vinculación a proceso.,En cualquier momento desde la detención.,Cuando el juez lo autorice y cuando pretenda recibir su declaración o entrevistarlo.,Únicamente durante la audiencia intermedia.,,,2,Cuando el juez lo autorice y cuando pretenda recibir su declaración o entrevistarlo.,"El acceso a los registros se permite cuando el juez lo autoriza y antes de que el imputado declare o sea entrevistado, para preparar su defensa.",
opcion_unica,¿Cuándo inicia y cuándo concluye la fase de investigación inicial?,Derecho,Inicia con la orden de aprehensión y concluye con la vinculación a proceso.,Comienza con la presentación de la denuncia o querella y concluye cuando el imputado queda a disposición del juez de control para que se le formule imputación.,Inicia con la audiencia inicial y concluye con el auto de apertura a juicio oral.,Inicia con la detención del imputado y concluye con la sentencia.,,,1,Comienza con la presentación de la denuncia o querella y concluye cuando el imputado queda a disposición del juez de control para que se le formule imputación.,La investigación inicial abarca desde la denuncia o querella hasta que el imputado es puesto a disposición del juez para la formulación de imputación.,
opcion_unica,¿Cuáles son las formas de conducción del imputado al proceso?,Derecho,"Citatorio, orden de comparecencia u orden de aprehensión.","Citatorio, orden de localización o presentación voluntaria.","Citatorio, orden de aprehensión o prisión preventiva.","Orden de comparecencia, detención por flagrancia o arraigo.",,,0,"Citatorio, orden de comparecencia u orden de aprehensión.","Las vías legales para que el imputado comparezca al proceso son el citatorio, la orden de comparecencia y la orden de aprehensión.",
opcion_unica,"Conforme al artículo 16 constitucional, ¿cuál es el plazo máximo de retención del indiciado por el Ministerio Público durante la investigación inicial, tratándose de un detenido?",Derecho,"72 horas, o 144 horas si se trata de delincuencia organizada.","36 horas, o 72 horas si se trata de delincuencia organizada.","48 horas, o 96 horas si se trata de delincuencia organizada.","24 horas, o 48 horas si se trata de delincuencia organizada.",,,2,"48 horas, o 96 horas si se trata de delincuencia organizada.","El artículo 16 constitucional permite retener al detenido hasta 48 horas, prorrogables a 96 en casos de delincuencia organizada.",
opcion_unica,"¿Cuál es el supuesto legal que permite al Ministerio Público ordenar la detención de una persona sin intervención judicial, cuando el indiciado haya intervenido en la comisión de un delito grave?",Derecho,Orden de detención por caso urgente.,Detención por flagrancia.,Orden de aprehensión judicial.,Comparecencia espontánea.,,,0,Orden de detención por caso urgente.,"El caso urgente es una excepción que permite al Ministerio Público ordenar la detención cuando se cumplen los requisitos legales, incluido que el delito sea grave.",
opcion_unica,¿A través de cuáles vías puede tener conocimiento el Ministerio Público de la noticia criminal?,Derecho,"Denuncia, querella y actos de investigación.",Solo denuncia y querella.,"Denuncia, querella, informe policial y peritajes.","Denuncia, querella, excitativa, autorización, declaratoria de perjuicio y declaratoria de procedencia.",,,3,"Denuncia, querella, excitativa, autorización, declaratoria de perjuicio y declaratoria de procedencia.","La noticia criminal puede llegar por diversas vías formales, incluyendo denuncia, querella y otras figuras procesales.",
opcion_unica,"Cuando el imputado es puesto a disposición del juez de control tras ejecutarse una orden de aprehensión, ¿cuál es el orden correcto de las etapas de la audiencia inicial?",Derecho,Primero el control de la detención y luego la formulación de la imputación.,Primero la vinculación a proceso y luego el control de la detención.,Primero la formulación de la imputación y luego el control de la detención.,Solo se realiza la formulación de la imputación.,,,0,Primero el control de la detención y luego la formulación de la imputación.,El control de la detención debe preceder a la formulación de la imputación para verificar la legalidad de la detención.,
opcion_unica,"¿Qué acto procesal consiste en la comunicación que el Ministerio Público hace al imputado, en presencia del juez de control, de que desarrolla una investigación en su contra por hechos delictivos?",Derecho,Auto de vinculación a proceso.,Formulación de la imputación.,Acusación formal.,Control de la detención.,,,1,Formulación de la imputación.,La formulación de la imputación es el acto por el cual el Ministerio Público informa al imputado de la existencia de una investigación en su contra.,
opcion_unica,"Si el imputado decide declarar durante la audiencia de formulación de la imputación, ¿está obligado a responder todas las preguntas que se le formulen?",Derecho,Solo debe responder las preguntas del Ministerio Público.,"Sí, debe responder todas las preguntas.","No, puede abstenerse de responder algunas preguntas.",Solo debe responder las preguntas del juez.,,,2,"No, puede abstenerse de responder algunas preguntas.","El imputado tiene derecho a no declarar y a no responder preguntas que puedan afectar su defensa, por lo que no está obligado a responder todo.",
opcion_unica,"Después de la formulación de la imputación, ¿qué pueden solicitar el imputado o su defensor al juez de control?",Derecho,Aclaraciones o precisiones sobre la imputación formulada.,La suspensión del proceso.,La duplicación del plazo de investigación.,La inmediata vinculación a proceso.,,,0,Aclaraciones o precisiones sobre la imputación formulada.,La ley permite al imputado o su defensor pedir aclaraciones o precisiones para entender correctamente la imputación.,
opcion_unica,¿Quiénes pueden solicitar providencias precautorias para garantizar la reparación del daño?,Derecho,Solo la víctima u ofendido.,Solo el Ministerio Público.,"La víctima, el ofendido o el Ministerio Público.",El imputado o su defensor.,,,2,"La víctima, el ofendido o el Ministerio Público.","Las providencias precautorias pueden ser solicitadas por la víctima, el ofendido o el Ministerio Público para asegurar la reparación del daño.",
opcion_unica,¿Tiene la víctima u ofendido derecho a impugnar la determinación del no ejercicio de la acción penal?,Derecho,"No, carece de legitimación para impugnar.",Solo puede impugnarla si el delito es grave.,"Sí, puede impugnarla.",Solo el Ministerio Público puede impugnarla.,,,2,"Sí, puede impugnarla.","La víctima u ofendido tiene derecho a recurrir la decisión de no ejercicio de la acción penal, conforme a la Constitución y al Código Nacional.",
opcion_unica,¿Cuándo procede la orden de aprehensión como forma de conducción del imputado al proceso?,Derecho,Cuando se advierte necesidad de cautela.,Cuando el imputado no comparece a citación.,Siempre que exista denuncia.,Solo en casos de flagrancia.,,,0,Cuando se advierte necesidad de cautela.,"La orden de aprehensión procede cuando existen elementos para considerar que el imputado puede sustraerse a la acción de la justicia, es decir, necesidad de cautela.",
opcion_unica,"Cuando se detiene a una persona por un hecho delictivo que requiere querella, ¿cuál es el plazo máximo para presentar dicha querella a partir de la detención del imputado?",Derecho,Cuarenta y ocho horas,Diez horas,No existe un plazo específico de diez o veinticuatro horas; la afirmación es falsa.,Veinticuatro horas,,,2,No existe un plazo específico de diez o veinticuatro horas; la afirmación es falsa.,La afirmación es falsa porque el plazo para presentar la querella no está limitado a diez o veinticuatro horas; la ley no establece un término tan breve.,
opcion_unica,"Según el artículo 16 constitucional, ¿cuáles son los requisitos para librar una orden de aprehensión?",Derecho,Que exista una denuncia o querella y que el indiciado sea confeso,Que existan datos que establezcan la comisión de un delito y la probabilidad de que el indiciado lo cometió o participó.,Que haya flagrancia y que el delito sea grave,Que el Ministerio Público lo solicite y que el juez lo considere conveniente,,,1,Que existan datos que establezcan la comisión de un delito y la probabilidad de que el indiciado lo cometió o participó.,El artículo 16 constitucional exige datos que establezcan la comisión de un delito y la probabilidad de participación del indiciado.,
opcion_unica,"Según el artículo 16 constitucional, ¿cuál es la duración máxima del arraigo?",Derecho,"No puede exceder de cuarenta días, y puede extenderse hasta ochenta días en casos de delincuencia organizada.",No puede exceder de noventa días,No puede exceder de sesenta días,No puede exceder de treinta días,,,0,"No puede exceder de cuarenta días, y puede extenderse hasta ochenta días en casos de delincuencia organizada.","El arraigo no puede exceder de cuarenta días, prorrogable hasta ochenta en delincuencia organizada; por lo tanto, la afirmación de sesenta días es falsa.",
opcion_unica,"En el derecho civil, ¿cómo se denomina la pérdida o menoscabo sufrido en el patrimonio por la falta de cumplimiento de una obligación?",Derecho,Dolo,Culpa,Daño,Perjuicio,,,2,Daño,El daño es la pérdida o menoscabo patrimonial directo causado por el incumplimiento.,
opcion_unica,"En el derecho civil, ¿cómo se denomina la privación de cualquier ganancia lícita que debió obtenerse con el cumplimiento de la obligación?",Derecho,Daño,Culpa,Dolo,Perjuicio,,,3,Perjuicio,"El perjuicio es la pérdida de una ganancia lícita esperada, diferenciándose del daño que es la pérdida patrimonial directa.",
opcion_unica,"En materia penal, ¿cómo se entiende el daño?",Derecho,La pérdida de una ganancia lícita esperada,"La afectación a los sentimientos, honor o vida privada","Las lesiones físicas o mentales, o la pérdida patrimonial de cualquier naturaleza, como consecuencia de un delito.",El menoscabo directo al patrimonio por incumplimiento contractual,,,2,"Las lesiones físicas o mentales, o la pérdida patrimonial de cualquier naturaleza, como consecuencia de un delito.",El daño penal abarca tanto lesiones físicas o mentales como pérdidas patrimoniales derivadas del delito.,
opcion_unica,¿Qué caracteriza al daño moral?,Derecho,Pérdida económica directa,"Afectación que sufre la persona en sus sentimientos, vida privada, honor o reputación.",Daño al patrimonio por incumplimiento,Lesiones físicas,,,1,"Afectación que sufre la persona en sus sentimientos, vida privada, honor o reputación.","El daño moral se refiere a la afectación a los derechos de la personalidad, como sentimientos, honor y vida privada.",
opcion_unica,¿Cuál es el fundamento constitucional que protege el derecho de la víctima u ofendido para reclamar la reparación del daño?,Derecho,Artículo 22,Artículo 16,"Artículo 20, apartado C, fracción IV",Artículo 19,,,2,"Artículo 20, apartado C, fracción IV","El artículo 20, apartado C, fracción IV de la Constitución establece el derecho de la víctima a la reparación del daño.",
opcion_unica,¿Quiénes pueden solicitar la reparación del daño en un proceso penal?,Derecho,Cualquier ciudadano,El Ministerio Público y la víctima u ofendido,Solo el imputado,Solo el juez,,,1,El Ministerio Público y la víctima u ofendido,La ley faculta tanto al Ministerio Público como a la víctima u ofendido para solicitar la reparación del daño.,
opcion_unica,"De acuerdo con el artículo 30 del Código Penal para el Distrito Federal, ¿qué comprende la reparación del daño, como mínimo?",Derecho,La compensación por daño moral exclusivamente,El pago de una indemnización fija establecida por la ley,La devolución de los objetos robados sin actualización de valor,"La restitución del resultado obtenido por el delito y, si no fuera posible, el pago del precio del mismo a su valor actualizado.",,,3,"La restitución del resultado obtenido por el delito y, si no fuera posible, el pago del precio del mismo a su valor actualizado.",El artículo 30 establece que la reparación incluye la restitución del bien o el pago de su valor actualizado si no es posible.,
opcion_unica,"Conforme al artículo 45 del Código Penal para el Distrito Federal, ¿quiénes tienen derecho a la reparación del daño?",Derecho,"La víctima, el ofendido y, a falta de estos, sus dependientes económicos, herederos o derechohabientes, en la proporción que señala el derecho sucesorio y demás disposiciones aplicables.","Los familiares de la víctima, sin importar su relación de dependencia económica.","Solo la víctima directa del delito, excluyendo a cualquier otra persona.","Únicamente el Ministerio Público, como representante social.",,,0,"La víctima, el ofendido y, a falta de estos, sus dependientes económicos, herederos o derechohabientes, en la proporción que señala el derecho sucesorio y demás disposiciones aplicables.","El artículo 45 del Código Penal para el Distrito Federal establece que la reparación del daño corresponde a la víctima, al ofendido y, en su defecto, a sus dependientes económicos, herederos o derechohabientes.",
opcion_unica,¿Cómo se denomina la responsabilidad civil que deriva del incumplimiento de un contrato y que genera la obligación de reparar el daño?,Derecho,Responsabilidad civil extracontractual.,Responsabilidad civil contractual.,Responsabilidad civil por hecho ilícito.,Responsabilidad penal objetiva.,,,1,Responsabilidad civil contractual.,"La responsabilidad civil contractual surge del incumplimiento de las obligaciones pactadas en un contrato, lo que obliga al deudor a reparar los daños y perjuicios causados.",
opcion_unica,¿Qué carácter tiene la reparación del daño proveniente de un delito cuando debe ser realizada por el delincuente?,Derecho,Pena privativa de libertad.,Medida de seguridad.,Multa o sanción pecuniaria.,Resarcimiento de daños y perjuicios.,,,3,Resarcimiento de daños y perjuicios.,"La reparación del daño tiene el carácter de resarcimiento, pues busca compensar a la víctima por los daños y perjuicios sufridos a causa del delito.",
opcion_unica,"En el proceso penal acusatorio, ¿la reparación del daño es uno de sus objetos?",Derecho,"Falso, porque la reparación del daño solo se tramita en juicio civil.","Falso, porque solo se busca la sanción penal.",Verdadero,"Falso, porque la reparación del daño es un asunto civil independiente.",,,2,Verdadero,"El proceso penal acusatorio tiene como uno de sus objetos garantizar la reparación del daño a la víctima u ofendido, conforme a la legislación aplicable.",
opcion_unica,"En el proceso penal acusatorio, ¿es potestad exclusiva del Ministerio Público solicitar la reparación del daño?",Derecho,"Verdadero, porque solo el Ministerio Público puede solicitarla.","Verdadero, porque es una facultad discrecional del Ministerio Público.","Verdadero, porque la víctima no tiene derecho a solicitarla.",Falso,,,3,Falso,"La víctima u ofendido también pueden solicitar la reparación del daño directamente, por lo que no es potestad exclusiva del Ministerio Público.",
opcion_unica,¿Es deber jurídico del juzgador no absolver al sentenciado de la reparación del daño cuando ha emitido una sentencia condenatoria?,Derecho,"Falso, porque la reparación del daño es optativa para el juez.","Falso, porque solo se condena a la reparación si la víctima lo solicita expresamente.","Falso, porque el juez puede absolver de la reparación si lo considera justo.",Verdadero,,,3,Verdadero,"El juzgador tiene el deber de condenar a la reparación del daño cuando emite una sentencia condenatoria, sin que pueda absolver de ella.",
opcion_unica,¿La ley debe fijar procedimientos ágiles para ejecutar las sentencias en materia de reparación del daño?,Derecho,"Falso, porque la ejecución es potestativa.","Falso, porque la ejecución se rige por las normas civiles.","Falso, porque no es necesario un procedimiento ágil.",Verdadero,,,3,Verdadero,"La ley establece que se deben fijar procedimientos ágiles para ejecutar las sentencias en materia de reparación del daño, garantizando su cumplimiento efectivo.",
opcion_unica,"Según el Código Nacional de Procedimientos Penales, ¿la víctima u ofendido solo puede solicitar la reparación del daño por conducto del Ministerio Público?",Derecho,"Verdadero, porque solo el Ministerio Público puede cuantificar el daño.",Falso,"Verdadero, porque es un requisito procesal.","Verdadero, porque la víctima no tiene legitimación para solicitarla.",,,1,Falso,"El Código Nacional de Procedimientos Penales reconoce el derecho de la víctima u ofendido a solicitar la reparación del daño, sin que sea exclusivamente por conducto del Ministerio Público.",
opcion_unica,¿El Código Nacional de Procedimientos Penales condiciona la procedencia de los mecanismos alternativos de solución de controversias y el procedimiento abreviado al pago o garantía de la reparación del daño?,Derecho,"Falso, porque no se exige ningún pago.","Falso, porque solo se condiciona el procedimiento abreviado.","Falso, porque solo se condicionan los mecanismos alternativos.",Verdadero,,,3,Verdadero,El Código Nacional de Procedimientos Penales establece como requisito para la procedencia de estos mecanismos el pago o garantía de la reparación del daño.,
opcion_unica,¿La acción de reparación del daño asume la forma de pena pública solo cuando queda enmarcada en la acción penal del Ministerio Público o de la propia víctima u ofendido?,Derecho,Falso,"Verdadero, porque la víctima no puede ejercer la acción penal.","Verdadero, porque la reparación del daño siempre es una pena pública.","Verdadero, porque solo así es una pena pública.",,,0,Falso,"La reparación del daño no asume la forma de pena pública; es una consecuencia jurídica del delito con carácter resarcitorio, independiente de la acción penal.",
opcion_unica,¿Qué afirmación es correcta respecto a la acción civil para reparar el daño derivado de un delito?,Derecho,"Es exclusiva del Ministerio Público, quien la ejerce en representación de la sociedad.","Es exclusiva del ofendido o su representante legal, no es subsidiaria y puede promoverse sin consultar al Ministerio Público.","Es subsidiaria, por lo que solo procede si no se ha ejercido la acción penal.",Debe consultarse previamente al Ministerio Público para poder ejercerla.,,,1,"Es exclusiva del ofendido o su representante legal, no es subsidiaria y puede promoverse sin consultar al Ministerio Público.","La acción civil es independiente de la penal, corresponde al ofendido o su representante y no requiere autorización del MP.",
opcion_unica,¿En qué momento puede el ofendido o la víctima ejercer la acción civil de reparación del daño derivada de un delito?,Derecho,Solo después de que se dicte sentencia condenatoria firme.,Exclusivamente cuando el Ministerio Público lo autorice.,"Puede ejercerse de manera autónoma, sin esperar a que exista sentencia condenatoria.",Únicamente si el acusado es declarado culpable en primera instancia.,,,2,"Puede ejercerse de manera autónoma, sin esperar a que exista sentencia condenatoria.","La acción civil es independiente de la penal, por lo que no está condicionada a una sentencia condenatoria previa.",
opcion_unica,¿Contra quiénes puede reclamarse la reparación del daño en materia penal?,Derecho,Exclusivamente contra la víctima si esta provocó el delito.,Solo contra el Estado cuando el delito lo cometen servidores públicos.,"Únicamente contra el inculpado, nunca contra terceros.","Puede reclamarse también a terceros civilmente responsables, no solo al inculpado.",,,3,"Puede reclamarse también a terceros civilmente responsables, no solo al inculpado.","La ley permite reclamar la reparación a terceros civilmente responsables, como aseguradoras o empleadores.",
opcion_unica,¿Qué es la citación en el ámbito procesal?,Derecho,Es el acto de informar a una persona un mandato del juez o tribunal.,Es el acto procesal que se practica fuera del territorio del juez.,Es el acto por el cual se hace saber a una persona una resolución judicial.,Es el lapso en el que se debe realizar un acto procesal.,,,0,Es el acto de informar a una persona un mandato del juez o tribunal.,"La citación es el acto de comunicar a alguien una orden judicial, como comparecer o hacer algo.",
opcion_unica,¿Qué es la notificación en el ámbito procesal?,Derecho,Es el lapso en el que se debe realizar un acto procesal.,Es el acto procesal que se practica fuera del territorio del juez.,"Es el acto por el cual se hace saber a una persona, con efectos jurídicos, una resolución judicial.",Es el acto de informar a una persona un mandato del juez o tribunal.,,,2,"Es el acto por el cual se hace saber a una persona, con efectos jurídicos, una resolución judicial.",La notificación es el acto de dar a conocer formalmente una resolución para que surta efectos legales.,
opcion_unica,¿Qué es un exhorto en el ámbito procesal?,Derecho,Es el acto de informar a una persona un mandato del juez o tribunal.,Es el acto por el cual se hace saber a una persona una resolución judicial.,Acto procesal que tiene que practicarse fuera del ámbito territorial del órgano jurisdiccional que tiene conocimiento.,Es el lapso en el que se debe realizar un acto procesal.,,,2,Acto procesal que tiene que practicarse fuera del ámbito territorial del órgano jurisdiccional que tiene conocimiento.,El exhorto es una comunicación entre órganos judiciales para practicar diligencias fuera de su jurisdicción.,
opcion_unica,¿Qué es el plazo en el ámbito procesal?,Derecho,Es el acto de informar a una persona un mandato del juez o tribunal.,Es el acto procesal que se practica fuera del territorio del juez.,Es el acto por el cual se hace saber a una persona una resolución judicial.,Es el lapso en el que se debe realizar un acto procesal.,,,3,Es el lapso en el que se debe realizar un acto procesal.,El plazo es el tiempo fijado por la ley o el juez para realizar un acto procesal.,
opcion_unica,¿Qué es una requisitoria en el ámbito procesal?,Derecho,Acto procesal que tiene que practicarse fuera del ámbito territorial del órgano jurisdiccional que tiene conocimiento.,Es el acto de informar a una persona un mandato del juez o tribunal.,Es el lapso en el que se debe realizar un acto procesal.,Es el acto por el cual se hace saber a una persona una resolución judicial.,,,0,Acto procesal que tiene que practicarse fuera del ámbito territorial del órgano jurisdiccional que tiene conocimiento.,"La requisitoria es una comunicación para practicar diligencias fuera de la jurisdicción del juez, similar al exhorto.",
opcion_unica,¿Qué se entiende por resolución judicial en el contexto procesal?,Derecho,Las providencias de mero trámite.,Solo los autos que resuelven incidentes.,Autos de vinculación y sentencias.,Únicamente las sentencias definitivas.,,,2,Autos de vinculación y sentencias.,Las resoluciones judiciales incluyen autos y sentencias que deciden cuestiones dentro del proceso.,
opcion_unica,¿Qué es el oficio de colaboración en el ámbito procesal?,Derecho,Es el auxilio entre el Ministerio Público o la policía con autoridades federales o estatales.,Es una solicitud de informes a una institución bancaria.,Es un medio de impugnación contra resoluciones judiciales.,Es una orden de aprehensión emitida por un juez.,,,0,Es el auxilio entre el Ministerio Público o la policía con autoridades federales o estatales.,El oficio de colaboración es un mecanismo de cooperación entre autoridades para el cumplimiento de funciones.,
opcion_unica,¿Qué es la nulidad en materia procesal?,Derecho,La suspensión temporal de un acto procesal por falta de pruebas.,La corrección de un acto procesal que contiene errores de redacción.,La invalidación de un acto procesal realizado violando u omitiendo los requisitos exigidos por la ley.,La anulación de un acto procesal por decisión unilateral de una de las partes.,,,2,La invalidación de un acto procesal realizado violando u omitiendo los requisitos exigidos por la ley.,La nulidad es la sanción procesal que invalida un acto por violación u omisión de requisitos legales.,
opcion_unica,"En materia penal, ¿las notificaciones pueden enviarse únicamente al domicilio de las partes?",Derecho,"Falso, también pueden enviarse a cualquier lugar donde se encuentren.",Verdadero,"Falso, pueden enviarse por correo electrónico sin restricción.","Falso, solo pueden notificarse en el juzgado.",,,1,Verdadero,La ley establece que en materia penal las notificaciones se practican en el domicilio de las partes.,
opcion_unica,¿Todas las notificaciones surten efectos a partir del día en que se emiten?,Derecho,"Verdadero, si se realizan por lista.","Verdadero, siempre surten efectos inmediatos.","Verdadero, excepto las notificaciones personales.",Falso,,,3,Falso,"Las notificaciones surten efectos al día siguiente de su publicación o realización, no el mismo día.",
opcion_unica,¿Los actos que requieren intervención de las partes deben ser notificados por correo electrónico?,Derecho,"Falso, deben notificarse por edictos.",Verdadero,"Falso, solo se notifican por lista.","Falso, solo se notifican personalmente.",,,1,Verdadero,"La ley prevé que cuando se requiera la intervención de las partes, la notificación se haga por correo electrónico.",
opcion_unica,"¿Toda persona, sin excepción, debe presentarse ante el órgano jurisdiccional o el Ministerio Público cuando sea citada?",Derecho,Verdadero,"Falso, solo los imputados deben presentarse.","Falso, solo los testigos deben presentarse.","Falso, solo los abogados deben presentarse.",,,0,Verdadero,"La ley establece la obligación de comparecer ante la autoridad cuando se es citado, sin excepción.",
opcion_unica,¿En ningún caso se computarán los plazos los días sábados y domingos?,Derecho,"Verdadero, siempre se excluyen.","Verdadero, solo en materia penal.","Verdadero, solo en materia civil.",Falso,,,3,Falso,"Los sábados y domingos no se computan en los plazos, pero existen excepciones como en materia penal.",
opcion_unica,¿Dentro de qué plazo debe presentarse la solicitud de declaración de nulidad?,Derecho,Tres días.,Cinco días.,Dos días.,Diez días.,,,2,Dos días.,El plazo para solicitar la nulidad es de dos días conforme a la ley.,
opcion_unica,¿Quiénes pueden disponer de los medios de apremio?,Derecho,Las partes y sus abogados.,Órgano jurisdiccional y el Ministerio Público.,Solo el Ministerio Público.,Solo el órgano jurisdiccional.,,,1,Órgano jurisdiccional y el Ministerio Público.,La ley faculta al órgano jurisdiccional y al Ministerio Público para disponer de los medios de apremio.,
opcion_unica,"Cuando el Ministerio Público renuncie a algún plazo, ¿qué debe hacer?",Derecho,Deberá notificar al juez.,Deberá solicitar autorización al imputado.,Deberá escuchar a la víctima u ofendido.,Deberá informar a su superior jerárquico.,,,2,Deberá escuchar a la víctima u ofendido.,"Antes de renunciar a un plazo, el Ministerio Público debe escuchar a la víctima u ofendido.",
opcion_unica,"¿La orden de aprehensión se resolverá dentro de las 24 horas a partir de la solicitud, en presencia de todas las partes?",Derecho,"Falso, no se requiere presencia de las partes.",Verdadero,"Falso, se resuelve en 48 horas.","Falso, se resuelve en 72 horas.",,,1,Verdadero,La ley establece que la orden de aprehensión debe resolverse en un plazo de 24 horas con presencia de todas las partes.,
opcion_unica,¿En qué momento procesal tiene oportunidad el imputado de declarar ante el juez?,Derecho,En la etapa de ejecución.,Después de la formulación de la imputación.,Antes de la formulación de la imputación.,Durante la investigación inicial.,,,1,Después de la formulación de la imputación.,"La declaración del imputado se realiza después de la formulación de la imputación, no antes.",
opcion_unica,¿En qué etapa del proceso penal se manifiesta el principio de presunción de inocencia?,Derecho,Solo en la etapa inicial.,Solo en la etapa intermedia.,En todas las etapas del proceso.,Solo en la etapa de juicio oral.,,,2,En todas las etapas del proceso.,"La presunción de inocencia es un principio que opera durante todo el proceso penal, no solo en una etapa específica.",
opcion_unica,¿Cuándo se solicita la vinculación a proceso?,Derecho,Después de la formulación de la imputación.,En la etapa intermedia.,Durante la investigación inicial.,Antes de la formulación de la imputación.,,,0,Después de la formulación de la imputación.,"La vinculación a proceso se solicita después de la formulación de la imputación, en la audiencia respectiva.",
opcion_unica,¿Dentro de qué plazo debe celebrarse la audiencia de vinculación a proceso después de que el imputado fue puesto a disposición del juez?,Derecho,Dentro de las 62 o 144 horas.,Dentro de las 24 o 48 horas.,Dentro de las 72 o 144 horas.,Dentro de las 48 o 96 horas.,,,0,Dentro de las 62 o 144 horas.,"La audiencia de vinculación a proceso debe celebrarse dentro de las 62 o 144 horas, según el caso.",
opcion_unica,¿Cuál es uno de los efectos del auto de vinculación a proceso?,Derecho,Inicio de la etapa de juicio oral.,Inicio de la ejecución de la sentencia.,Inicio de la investigación inicial.,Inicio de la etapa intermedia.,,,3,Inicio de la etapa intermedia.,El auto de vinculación a proceso da inicio a la etapa intermedia.,
opcion_unica,¿Cuándo inicia la investigación complementaria?,Derecho,Durante la investigación inicial.,Después del dictado del auto de vinculación a proceso.,Después de la audiencia de juicio oral.,Antes de la formulación de la imputación.,,,1,Después del dictado del auto de vinculación a proceso.,La investigación complementaria inicia una vez que se ha dictado el auto de vinculación a proceso.,
opcion_unica,¿Cuál es el plazo para la investigación complementaria cuando el delito no excede la pena máxima de dos años de prisión?,Derecho,Dos meses.,Un mes.,Tres meses.,Seis meses.,,,0,Dos meses.,El plazo es de dos meses para delitos cuya pena máxima no exceda de dos años de prisión.,
opcion_unica,¿Cuál es el plazo máximo para la investigación complementaria cuando el delito excede la pena máxima de dos años de prisión?,Derecho,Tres meses.,Un año.,Seis meses.,Cuatro meses.,,,2,Seis meses.,El plazo máximo es de seis meses para delitos cuya pena máxima exceda de dos años de prisión.,
opcion_unica,¿Quién puede solicitar una prórroga en el plazo de investigación complementaria?,Derecho,La víctima.,El defensor.,El imputado.,El Ministerio Público.,,,3,El Ministerio Público.,El Ministerio Público es quien puede solicitar la prórroga del plazo de investigación complementaria.,
opcion_unica,¿Cuál es la finalidad de las medidas cautelares?,Derecho,Garantizar la reparación del daño.,Recolectar pruebas para el juicio.,Castigar al imputado anticipadamente.,Garantizar la presencia del imputado y la seguridad de las víctimas.,,,3,Garantizar la presencia del imputado y la seguridad de las víctimas.,"Las medidas cautelares buscan asegurar la comparecencia del imputado y proteger a las víctimas, no reparar el daño.",
opcion_unica,¿Puede el juez imponer medidas cautelares a petición del Ministerio Público o de la víctima u ofendido?,Derecho,Falso,Solo a petición del Ministerio Público,Verdadero,Solo a petición de la víctima u ofendido,,,0,Falso,"Es falso porque el juez puede imponerlas de oficio o a solicitud de parte, no solo a petición del Ministerio Público o de la víctima.",
opcion_unica,¿Las medidas cautelares sirven como medio de reconocimiento de culpabilidad?,Derecho,Verdadero,"Sí, en delitos graves",Falso,Solo si el imputado acepta los hechos,,,2,Falso,"Las medidas cautelares no son un medio de reconocimiento de culpabilidad, sino instrumentos procesales para asegurar la presencia del imputado o el desarrollo del procedimiento.",
opcion_unica,¿La imposición de medidas cautelares se resuelve por el juez de juicio oral en audiencia y en presencia de las partes?,Derecho,Solo en la audiencia inicial,Verdadero,Falso,Solo en la audiencia intermedia,,,2,Falso,"Es falso porque la imposición de medidas cautelares corresponde al juez de control, no al juez de juicio oral.",
opcion_unica,¿Todas las medidas cautelares son apelables?,Derecho,Solo las dictadas en audiencia inicial,Verdadero,Solo las que restringen la libertad,Falso,,,3,Falso,"No todas las medidas cautelares son apelables; la ley solo prevé recurso para ciertas resoluciones, como la prisión preventiva.",
opcion_unica,"¿Quién puede invocar datos u ofrecer medios de prueba para imponer, confirmar o modificar la medida cautelar?",Derecho,Solo el Ministerio Público,Solo la defensa,La víctima y el asesor jurídico,El Ministerio Público y la defensa.,,,3,El Ministerio Público y la defensa.,La ley faculta tanto al Ministerio Público como a la defensa para ofrecer datos y pruebas en materia de medidas cautelares.,
opcion_unica,¿Cuándo se puede aplicar la medida cautelar de prisión preventiva?,Derecho,En delitos que merezcan pena privativa de libertad.,Solo en delitos dolosos,En cualquier delito,Solo en delitos graves,,,0,En delitos que merezcan pena privativa de libertad.,La prisión preventiva procede cuando el delito merezca pena privativa de libertad y se cumplan los requisitos del artículo 19 constitucional.,
opcion_unica,¿La única solución alterna es el acuerdo reparatorio?,Derecho,Solo en delitos culposos,Solo en delitos patrimoniales,Falso,Verdadero,,,2,Falso,"Existen otras soluciones alternas como la suspensión condicional del proceso, por lo que el acuerdo reparatorio no es la única.",
opcion_unica,¿Los acuerdos reparatorios son aquellos celebrados entre la víctima u ofendido y el imputado?,Derecho,Verdadero,Falso,Solo entre el Ministerio Público y el imputado,Solo entre el juez y el imputado,,,0,Verdadero,El acuerdo reparatorio es un convenio entre la víctima u ofendido y el imputado para reparar el daño y concluir el proceso.,
opcion_unica,¿Proceden los acuerdos reparatorios únicamente en los delitos culposos?,Derecho,Solo en delitos no graves,Solo en delitos patrimoniales,Falso,Verdadero,,,2,Falso,"Los acuerdos reparatorios proceden en delitos culposos y en algunos dolosos, siempre que no estén excluidos por la ley.",
opcion_unica,¿Los acuerdos reparatorios proceden desde la denuncia o querella hasta antes de dictado el auto de apertura a juicio oral?,Derecho,Verdadero,Solo después de la vinculación a proceso,Solo hasta antes del auto de vinculación a proceso,Falso,,,0,Verdadero,La ley permite los acuerdos reparatorios en cualquier momento desde la denuncia o querella hasta antes del auto de apertura a juicio oral.,
opcion_unica,"Después de dictado el auto de vinculación a proceso, ¿en qué momento puede solicitarse la suspensión condicional del proceso?",Derecho,Solo antes de la audiencia de vinculación,Únicamente en la etapa intermedia,Solo durante la investigación inicial,En cualquier momento,,,3,En cualquier momento,La ley permite solicitar la suspensión condicional del proceso en cualquier momento posterior al auto de vinculación a proceso.,
opcion_unica,¿Cuáles son las soluciones alternas previstas en el sistema penal acusatorio?,Derecho,El procedimiento abreviado y la mediación,La reparación del daño y la pena privativa de libertad,Los acuerdos reparatorios y la suspensión condicional del procedimiento,La conciliación y el juicio oral,,,2,Los acuerdos reparatorios y la suspensión condicional del procedimiento,"Las soluciones alternas son los acuerdos reparatorios y la suspensión condicional del procedimiento, conforme a la ley.",
opcion_unica,¿En qué etapa del proceso penal puede el Ministerio Público solicitar el procedimiento abreviado?,Derecho,Etapa de investigación inicial,Etapa intermedia,Etapa de juicio oral,Etapa de ejecución,,,1,Etapa intermedia,"El procedimiento abreviado se solicita en la etapa intermedia, después de formular la acusación.",
opcion_unica,¿Qué juez emite la sentencia en el procedimiento abreviado?,Derecho,Juez de juicio oral,Juez de control,Juez de ejecución,Tribunal de alzada,,,1,Juez de control,El juez de control es quien conoce del procedimiento abreviado y dicta la sentencia correspondiente.,
opcion_unica,"Los documentos, fotografías, videos y grabaciones de voz que integran la carpeta de investigación, ¿qué constituyen?",Derecho,Medios de prueba,Actuaciones judiciales,Registros de la investigación,Evidencia material,,,2,Registros de la investigación,"Conforme al Código Nacional de Procedimientos Penales, esos elementos son registros de la investigación.",
opcion_unica,"Según el artículo 260 del CNPP, ¿qué se considera prueba nueva?",Derecho,Las pruebas ofrecidas en la investigación inicial,Solo la prueba superviniente y la prueba de refutación,"La prueba superviniente, las no ofrecidas oportunamente, las de reclasificación y las de refutación",Las pruebas que se refieran a hechos no controvertidos,,,2,"La prueba superviniente, las no ofrecidas oportunamente, las de reclasificación y las de refutación","El artículo 260 del CNPP define como pruebas nuevas las supervinientes, las no ofrecidas oportunamente, las de reclasificación y las de refutación.",
opcion_unica,¿Se cumple el principio de legalidad de la prueba si esta se obtiene mediante actos violatorios de derechos fundamentales?,Derecho,"No, porque la prueba debe obtenerse lícitamente","Sí, si la prueba fue admitida por el juez","No, pero puede ser utilizada si no hay otra","Sí, si la prueba es relevante para el caso",,,0,"No, porque la prueba debe obtenerse lícitamente",El principio de legalidad exige que la prueba se obtenga sin violar derechos fundamentales y se incorpore conforme al CNPP.,
opcion_unica,"Conforme al artículo 360 del CNPP, ¿qué obligación tienen las personas citadas a un proceso penal?",Derecho,Declarar solo si están de acuerdo con el proceso,"Concurrir y declarar la verdad de cuanto conozcan, sin ocultar información relevante",Concurrir solo si son testigos presenciales,Concurrir y declarar únicamente si son mayores de edad,,,1,"Concurrir y declarar la verdad de cuanto conozcan, sin ocultar información relevante","El artículo 360 del CNPP establece la obligación de comparecer y declarar la verdad, sin ocultar información relevante.",
opcion_unica,¿Quiénes son considerados testigos especiales en el sistema penal acusatorio?,Derecho,Menores de edad víctimas de delitos y víctimas de violación o secuestro,Testigos que son familiares del imputado,Personas con discapacidad que presenciaron un delito,Peritos que intervienen en la investigación,,,0,Menores de edad víctimas de delitos y víctimas de violación o secuestro,"Se consideran testigos especiales a los menores víctimas y a las víctimas de violación o secuestro, por su vulnerabilidad.",
opcion_unica,"¿En qué etapa del sistema acusatorio se realiza el ofrecimiento y admisión de pruebas, y la depuración de los hechos para el juicio oral?",Derecho,Etapa intermedia,Etapa de juicio oral,Etapa de ejecución,Etapa de investigación inicial,,,0,Etapa intermedia,"La etapa intermedia tiene como finalidad el ofrecimiento y admisión de pruebas, así como la depuración de los hechos.",
opcion_unica,¿Cuáles son las fases de la etapa intermedia en el sistema acusatorio?,Derecho,Preparatoria y de juicio.,Oral y de alegatos.,Investigación y juicio.,Escrita y oral.,,,3,Escrita y oral.,"La etapa intermedia se divide en una fase escrita y una fase oral, conforme al artículo 334 del CNPP.",
opcion_unica,¿En qué consiste el descubrimiento probatorio del Ministerio Público en la etapa intermedia?,Derecho,Entregar a la defensa copia de los registros de investigación y acceso a las evidencias materiales recabadas.,Presentar todas las pruebas en la audiencia intermedia.,Solicitar al juez que ordene a la defensa exhibir sus pruebas.,Notificar a la víctima sobre las pruebas que se usarán en juicio.,,,0,Entregar a la defensa copia de los registros de investigación y acceso a las evidencias materiales recabadas.,El descubrimiento probatorio del MP implica que la defensa pueda conocer los registros y evidencias para preparar su caso.,
opcion_unica,¿Qué puede hacer la víctima u ofendido durante la fase escrita de la etapa intermedia?,Derecho,Interponer recurso de apelación contra el auto de apertura.,Constituirse como acusador coadyuvante.,Ofrecer pruebas sin restricciones.,Solicitar el sobreseimiento del asunto.,,,1,Constituirse como acusador coadyuvante.,La víctima puede coadyuvar con el MP presentando su propia acusación en la fase escrita.,
opcion_unica,¿Cómo se denomina la audiencia en la que las partes precisan de manera resumida y verbal su acusación y excepciones?,Derecho,Audiencia intermedia.,Audiencia de juicio oral.,Audiencia de alegatos.,Audiencia inicial.,,,0,Audiencia intermedia.,La audiencia intermedia es la fase oral de la etapa intermedia donde se depuran las acusaciones y pruebas.,
opcion_unica,¿Puede el Ministerio Público formular su acusación en la etapa intermedia?,Derecho,Solo si la víctima lo solicita.,"Falso, solo puede hacerlo en la audiencia de juicio.",Solo después de que la defensa presente sus excepciones.,Verdadero,,,3,Verdadero,El MP formula su acusación por escrito en la fase escrita de la etapa intermedia.,
opcion_unica,¿La defensa debe realizar su descubrimiento probatorio en la fase escrita de la etapa intermedia?,Derecho,Solo si va a ofrecer pruebas.,"Falso, solo en la audiencia intermedia.",Solo si el MP lo solicita.,Verdadero,,,3,Verdadero,"La defensa debe presentar su descubrimiento probatorio por escrito en la fase escrita, conforme al CNPP.",
opcion_unica,¿Puede el juez de control admitir pruebas sobreabundantes en la audiencia intermedia?,Derecho,Solo si son pruebas supervenientes.,Falso,Solo si son ofrecidas por el MP.,"Verdadero, si las partes están de acuerdo.",,,1,Falso,El juez debe excluir las pruebas sobreabundantes para garantizar la eficiencia procesal.,
opcion_unica,¿Ante quién se desahoga la prueba anticipada?,Derecho,Tribunal de juicio oral.,Defensor público.,Ministerio Público.,Juez de control.,,,3,Juez de control.,La prueba anticipada se desahoga ante el juez de control para garantizar su validez.,
opcion_unica,¿Qué dicta el juez de control al finalizar la audiencia intermedia?,Derecho,Auto de vinculación a proceso.,Sobreseimiento del asunto.,Auto de apertura de juicio oral.,Sentencia definitiva.,,,2,Auto de apertura de juicio oral.,"Al concluir la audiencia intermedia, el juez emite el auto de apertura a juicio oral si hay elementos.",
opcion_unica,¿Cómo se denomina la descripción de los hechos propuestos por las partes y la descripción sumaria de las pruebas?,Derecho,Conclusiones.,Alegato de clausura.,Alegato de apertura.,Acusación formal.,,,2,Alegato de apertura.,El alegato de apertura es la presentación inicial de las teorías del caso en el juicio oral.,
opcion_unica,¿Cómo se denomina la argumentación sobre lo visto y probado en juicio?,Derecho,Alegato de apertura,Contrainterrogatorio,Alegato de clausura,Interrogatorio directo,,,2,Alegato de clausura,El alegato de clausura es la fase final donde las partes argumentan sobre las pruebas presentadas.,
opcion_unica,¿Cuáles son los principios del juicio oral en el sistema acusatorio?,Derecho,"Escritura, mediación, dispersión, secrecía, discontinuidad y delegación","Escritura, contradicción, concentración, publicidad, continuidad e inmediación","Oralidad, contradicción, concentración, publicidad, discontinuidad y mediación","Oralidad, contradicción, concentración, publicidad, continuidad e inmediación",,,3,"Oralidad, contradicción, concentración, publicidad, continuidad e inmediación","El sistema acusatorio se rige por los principios de oralidad, contradicción, concentración, publicidad, continuidad e inmediación.",
opcion_unica,"En el interrogatorio, ¿qué tipo de preguntas no se permiten?",Derecho,"Ambiguas, indicativas e impertinentes","Abiertas, neutrales y relevantes","Cerradas, directas y conducentes","Sugestivas, claras y pertinentes",,,0,"Ambiguas, indicativas e impertinentes","Las preguntas ambiguas, indicativas (que sugieren la respuesta) e impertinentes (no relacionadas con el caso) están prohibidas.",
opcion_unica,¿Qué requisito debe cumplir una prueba documental para ser valorada en juicio oral?,Derecho,Ser desahogada,Ser admitida,Ser ofrecida,Ser incorporada,,,3,Ser incorporada,La prueba documental debe ser incorporada formalmente al juicio para que el tribunal pueda valorarla.,
opcion_unica,¿Los alegatos de apertura son argumentativos?,Derecho,Solo en algunos casos,Falso,Depende del juez,Verdadero,,,1,Falso,"Los alegatos de apertura son expositivos, no argumentativos; la argumentación corresponde a los alegatos de clausura.",
opcion_unica,¿Las preguntas en el contrainterrogatorio son sugestivas?,Derecho,Solo si la parte contraria no objeta,Depende del tipo de testigo,Falso,Verdadero,,,3,Verdadero,En el contrainterrogatorio se permiten preguntas sugestivas para poner a prueba la credibilidad del testigo.,
opcion_unica,¿En el juicio oral se absuelve al acusado cuando hay alguna duda razonable?,Derecho,Falso,Verdadero,Solo si el acusado lo solicita,Depende de la gravedad del delito,,,1,Verdadero,El principio de presunción de inocencia implica que la duda razonable favorece al acusado y conduce a su absolución.,
opcion_unica,¿Las objeciones de preguntas se deben plantear en la vía incidental?,Derecho,Falso,Solo en la audiencia preliminar,Verdadero,Depende del tipo de objeción,,,0,Falso,"Las objeciones se plantean directamente durante el interrogatorio o contrainterrogatorio, no en la vía incidental.",
opcion_unica,¿En el juicio se emite sentencia en audiencia oral y pública?,Derecho,Depende de la complejidad del caso,Solo si las partes lo solicitan,Verdadero,Falso,,,2,Verdadero,El principio de publicidad y oralidad exige que la sentencia se dicte en audiencia pública.,
opcion_unica,¿En el proceso penal acusatorio sólo se admiten los recursos de apelación y revocación?,Derecho,También se admite el recurso de queja,Solo se admite la apelación,Verdadero,Falso,,,2,Verdadero,"El sistema acusatorio mexicano prevé únicamente los recursos de revocación y apelación, conforme al Código Nacional de Procedimientos Penales.",
opcion_unica,"En el recurso de revocación, ¿es necesario formular agravios?",Derecho,Depende del tipo de resolución impugnada.,Solo si la resolución es definitiva.,"Sí, siempre se deben formular agravios.","No, no es necesario formular agravios.",,,3,"No, no es necesario formular agravios.","El recurso de revocación no exige agravios, ya que se interpone contra resoluciones de trámite.",
opcion_unica,¿Qué efecto tiene no interponer un recurso dentro del término legal?,Derecho,No tiene efecto alguno.,Se puede interponer en cualquier momento.,Se puede interponer si se justifica la demora.,Precluye el derecho para interponerlo.,,,3,Precluye el derecho para interponerlo.,La preclusión impide ejercer el derecho procesal después de transcurrido el plazo legal.,
opcion_unica,¿Contra qué tipo de resoluciones procede el recurso de revocación?,Derecho,Resoluciones definitivas.,Sentencias definitivas.,Resoluciones de fondo.,Resoluciones de trámite.,,,3,Resoluciones de trámite.,"El recurso de revocación procede contra resoluciones de trámite, no contra las definitivas.",
opcion_unica,¿Quién resuelve el recurso de revocación?,Derecho,El mismo órgano que dictó la resolución.,El tribunal de alzada.,Un tribunal colegiado.,La Suprema Corte de Justicia.,,,0,El mismo órgano que dictó la resolución.,El recurso de revocación es resuelto por el mismo órgano que emitió la resolución impugnada.,
opcion_unica,¿En qué casos procede el recurso de apelación en materia penal?,Derecho,Solo en los casos que determine el juez.,"En todos los casos, sin restricción.",Solo en los casos que determina el Código Nacional de Procedimientos Penales.,Solo en los casos previstos por la Constitución.,,,2,Solo en los casos que determina el Código Nacional de Procedimientos Penales.,El recurso de apelación procede únicamente en los supuestos expresamente señalados en el CNPP.,
opcion_unica,¿Cuál es el objetivo del recurso de apelación?,Derecho,Anular todo el proceso.,Solo confirmar la resolución.,Dictar una nueva sentencia absolutoria.,"Confirmar, modificar o revocar la resolución impugnada.",,,3,"Confirmar, modificar o revocar la resolución impugnada.","El recurso de apelación busca que el tribunal superior confirme, modifique o revoque la resolución recurrida.",
opcion_unica,¿Puede la sentencia de apelación ordenar la reposición del procedimiento?,Derecho,Solo si lo solicita el imputado.,"Sí, en todos los casos.",Solo cuando se violan derechos fundamentales.,"No, no puede ordenar reponer el procedimiento.",,,3,"No, no puede ordenar reponer el procedimiento.","La sentencia de apelación no puede ordenar la reposición del procedimiento, conforme al CNPP.",
opcion_unica,¿Cuándo se resuelven las incidencias que se presenten en juicio?,Derecho,Siempre en la misma audiencia.,"Por escrito, sin audiencia.",En la misma audiencia o en el momento procesal correspondiente.,En una audiencia especial posterior.,,,2,En la misma audiencia o en el momento procesal correspondiente.,"Las incidencias se resuelven en la misma audiencia o en el momento procesal que corresponda, no necesariamente en la misma audiencia.",
