Cuestionario,Pregunta,Respuesta
DERECHO ADMINISTRATIVO,Definición de Derecho Administrativo,"Conjunto de normas jurídicas que regulan el funcionamiento del Poder Ejecutivo. Rama del derecho público, regula la actividad del Estado que se realiza en forma de función administrativa."
DERECHO ADMINISTRATIVO,Donde y cuando surge el Derecho Administrativo?,"Surge de Francia en el siglo XIX, surgiendo así los primeros conceptos que son, servicio público y ciencia social."
DERECHO ADMINISTRATIVO,Fuentes del derecho administrativo,La Constitución - Leyes Federales y Locales - Tratados internacionales - Usos y costumbres - Ideas político sociales - Reglamentos administrativos - Jurisprudencia - Doctrina
DERECHO ADMINISTRATIVO,¿Qué regula el derecho administrativo?,"La estructura y organización del Poder Ejecutivo, encargado normalmente de realizar la función administrativa. Los medios patrimoniales y financieros que la administración necesita para su sostenimiento y para garantizar la regularidad de su actuación. El ejercicio de las facultades que el poder público debe realizar bajo la forma de función pública. La situación de los particulares respecto a la administración."
DERECHO ADMINISTRATIVO,¿Qué es Estado de Derecho?,"Aquel cuyo poder se encuentra determinado por preceptos legales, de tal modo que no puede exigir de sus miembros ninguna acción u omisión que no tenga su fundamento en la existencia de una norma jurídica prestablecida."
DERECHO ADMINISTRATIVO,"La actitud del Estado resolviendo casos individuales sin sujeción a las normas generales de derecho, constituye la definición clásica de:",Despotismo
DERECHO ADMINISTRATIVO,"¿Cómo está constituido en nuestro país este estado de derecho, cual es su forma de gobierno?",Mediante un gobierno democrático
DERECHO ADMINISTRATIVO,Diferencia entre derecho público y derecho privado,"Derecho Público: Lo constituyen las normas jurídicas especiales que son las que se otorgan naturalmente en razón de su autoridad. El derecho privado: está constituido por el conjunto de normas que rigen las relaciones entre los particulares y es aplicable a aquellas en que el Estado interviene en los casos en que no siendo necesario el uso de la autoridad, se puede sin ella dar cumplimiento a sus atribuciones."
DERECHO ADMINISTRATIVO,¿Qué es atribución del Estado?,"El concepto de atribuciones comprende el contenido de las actividades del Estado, es lo que el Estado puede o debe hacer."
DERECHO ADMINISTRATIVO,En la Constitución política de 1857 como se le conoce a esta atribución del Estado,Liberalismo Individualista
DERECHO ADMINISTRATIVO,Y en la Constitución Política de 1917,Intervencionismo de Estado
DERECHO ADMINISTRATIVO,¿Qué situaciones o actos se regulan por normas especiales del derecho público?,Los agentes públicos - Los bienes nacionales - El régimen de impuestos - Las expropiaciones - Los contratos administrativos - Los actos jurídico-admvos.
DERECHO ADMINISTRATIVO,"Las atribuciones, históricamente van cambiando, actualmente como se pueden agrupar?","Atribuciones de mando, de policía o de coacción que comprenden todos los actos necesarios para el mantenimiento y protección del Estado, de la seguridad y el orden público. Atribuciones para regular las actividades económicas de los particulares. Atribuciones para crear servicios públicos. Atribuciones para intervenir mediante gestión directa en la vida económica, cultural y existencial del país."
DERECHO ADMINISTRATIVO,¿Qué es la actividad o función del Estado?,"La actividad del Estado es el conjunto de actos materiales y jurídicos, operaciones y tareas que realiza en virtud de las atribuciones que la legislación positiva le otorga. Siendo las atribuciones medios para alcanzar determinados fines."
DERECHO ADMINISTRATIVO,Defina Función legislativa.,Actividad encaminada de formular las normas generales que deben reglamentar - La estructura del Estado. - Las relaciones entre el Estado y los Ciudadanos.
DERECHO ADMINISTRATIVO,Función judicial.,Todo estado debe tener una función encaminada a tutelar el ordenamiento jurídico definiendo la norma precisa que aplican en los casos particulares.
DERECHO ADMINISTRATIVO,Función administrativa,Función esencial del Estado que consiste en actuar promoviendo la satisfacción de las necesidades de los ciudadanos fomentando el bienestar y el progreso de la actividad.
DERECHO ADMINISTRATIVO,¿Qué artículo establece las facultades y obligaciones del Presidente de la República:,El artículo 89 Constitucional
DERECHO ADMINISTRATIVO,¿Qué es y como se constituye el principio de legalidad?,El principio de que ningún órgano del Estado puede realizar actos individuales que no estén previstos en la ley.
DERECHO ADMINISTRATIVO,¿Cuándo se habla de la reserva de la ley?,Cuando es competencia exclusiva del Poder que está encargado de legislar.
DERECHO ADMINISTRATIVO,¿En qué consiste la facultad discrecional?,"Consiste en dar flexibilidad a la ley para adaptarla a circunstancias imprevistas o para permitir que la Administración haga una apreciación técnica de los elementos que concurren en un caso determinado pueda por último, hacer equitativa la aplicación de la ley."
DERECHO ADMINISTRATIVO,¿Qué es Reglamento?,Norma o conjunto de normas jurídicas de carácter absoluto e impersonal que expide el poder ejecutivo en uso de una facultad propia y que tiene por objeto facilitar la exacta observancia de las leyes expedidas por el poder legislativo.
DERECHO ADMINISTRATIVO,¿Qué ley regula y ajusta el aparato administrativo del Estado?,Ley federal de servidores públicos
DERECHO ADMINISTRATIVO,¿Qué artículo constitucional fundamenta esta ley?,Artículo 90 constitucional
DERECHO ADMINISTRATIVO,¿Quién está facultado para organizar la administración pública y que lo faculta?,"La Presidencia de la República, las Secretarías de Estado, los Departamentos Administrativos y la Consejería Jurídica del Ejecutivo Federal, integran la Administración Pública Centralizada."
DERECHO ECONÓMICO,¿Qué es el derecho económico?,"Es el conjunto de principios y normas de diversas jerarquías, que determinan el procedimiento de dirección y realización de la actividad económica y que regulan las relaciones económicas entre los organismos y organizaciones socialistas."
DERECHO ECONÓMICO,¿Por qué encontramos al derecho de la economía en el derecho privado?,Se encuentra en el derecho privado porque regula las conductas entre los particulares donde se limita exclusivamente a vigilar los asuntos entre particulares.
DERECHO ECONÓMICO,¿De qué elementos está integrado el derecho privado?,"Del elemento formal que se refiere a como debe ser la estructura de la norma, y el material que se refiere a cuál es el contenido de la norma (su finalidad)."
DERECHO ECONÓMICO,¿Cuáles son los sujetos del derecho privado?,"Todo aquello que participa en la actividad económica Estado: particulares, empresas y familia."
DERECHO ECONÓMICO,¿Cuáles son las características del derecho económico?,"Humanista, dinámico, complejo, concreto, multidisciplinario e internacional."
DERECHO ECONÓMICO,¿Cuál es la razón de ser humanista el derecho económico?,En razón de que procuran la protección de los sectores más desprotegidos de la sociedad.
DERECHO ECONÓMICO,¿Por qué es complejo el derecho económico?,"Porque sus normas regulan las relaciones económicas, así como las relaciones jurídicas entre estados."
DERECHO ECONÓMICO,¿Por qué es multidisciplinario el derecho económico?,Porque estudia las distintas actividades del proceso económico.
DERECHO ECONÓMICO,¿Cuándo es internacional el derecho económico?,Al momento en que un estado suscribe acuerdos o tratados con otros estados para regular una o varias actividades económicas.
DERECHO ECONÓMICO,¿Cuál es la importancia de la actividad económica?,"Producción, comercialización y consumo estas tratan de producir los bienes y prestar servicios que las personas necesitan o desean."
DERECHO ECONÓMICO,¿Qué es la actividad económica?,Conjunto de actividades destinadas a convertir los bienes de la naturaleza en objetos útiles para el ser humano.
DERECHO ECONÓMICO,¿Cuál es el funcionamiento de la actividad económica?,"Producción, Comercialización y consumo."
DERECHO ECONÓMICO,¿Qué es lo que busca la actividad económica?,Busca la forma más rápida y menos costosa para obtener servicios.
DERECHO ECONÓMICO,¿Cuáles son los factores productivos de la actividad económica?,"Son tres recursos naturales, trabajo y capital."
DERECHO ECONÓMICO,¿Qué es la economía?,"Se marca dentro del grupo de ciencias sociales, ya que se dedica al estudio de los procedimientos productivos y de intercambio, análisis del consumo de bienes y servicios."
DERECHO ECONÓMICO,¿Cómo se clasifica la economía?,"Según su naturaleza, su objeto y funcionamiento."
DERECHO ECONÓMICO,¿Cuál es la importancia de la economía?,"Esta es muy importante ya que permite el desarrollo de los países por que permite saber Qué producir, Cómo producir Y Para quién producir, y con base en ello tener más ganancias y un mayor desarrollo."
DERECHO ECONÓMICO,¿Qué es la macroeconomía y sus objetivos?,"Es la rama de la economía que se encarga de estudiar los sistemas económicos de una región o país como un conjunto, y sus objetivos son el crecimiento económico por medio del producto interno bruto, lograr el pleno empleo y estabilidad en los precios, medidos a través de la inflación."
DERECHO ECONÓMICO,¿Qué es la microeconomía y sus objetivos?,Es el análisis de la actividad económica del comportamiento individual y su objetivo básico es la determinación de los precios de las mercancías y factores que se forman en el mercado.
DERECHO ECONÓMICO,¿Dónde encontramos los inicios del derecho económico?,Los inicios del derecho económico los encontramos en Alemania e Italia.
DERECHO ECONÓMICO,Esta rama del derecho ¿Cuándo nace?,Nace a partir de los desafíos que involucro la 2a guerra mundial para las economías de los países beligerantes.
DERECHO ECONÓMICO,¿Con que fin el estado comenzó a tomar parte de manera organizada?,"Con fines de regulación, control, promoción y desarrollo."
DERECHO ECONÓMICO,¿Cuáles son las fuentes reales de los antecedentes de México en 1917?,"Nacionales grupos de presión internos (empresarios, agricultores, sindicatos etc), extranjeras organismos financieros internacionales (FMI,BM) inversionistas y banqueros, gobiernos extranjeros."
DERECHO ECONÓMICO,¿Qué artículos hablan de los derechos económicos en México?,"Artículo 27 que entrega a la nación el origen de toda propiedad, articulo 5 que reconoce la libertad de trabajo y el principio de la libertad concurrencia con base de una economía privada o de mercado."
DERECHO ECONÓMICO,¿En qué año adquiere relevancia el derecho económico?,El derecho económico en México adquiere relevancia constitucional a partir de la carta de Querétaro en 1917.
DERECHO ECONÓMICO,¿Cuáles son las fases del proceso económico?,"Circulación, distribución, consumo, inversión y producción."
DERECHO ECONÓMICO,¿En que nos benefician estas fases?,En que el consumidor puede satisfacer sus necesidades de compra y consumo.
DERECHO ECONÓMICO,¿Cuáles son las 2 reglas de circulación?,"1a tiene que ser transportado el bien desde el lugar de producción hasta donde están los consumidores, 2o que el bien pase de la propiedad o poder del productor al poder del consumidor."
DERECHO ECONÓMICO,¿Cuáles son los factores de distribución?,"Naturaleza, trabajo, capital, empresa y estado."
DERECHO ECONÓMICO,¿Qué es la inversión?,"Es el financiamiento de un nuevo proceso productivo mediante la adquisición de bienes de capital (herramientas, maquinarias e insumos)."
DERECHO ECONÓMICO,¿Qué se propone la ley de planeación?,"Se propone establecer un marco normativo para la planeación, instituyendo y regulando su ejecución de acuerdo con las necesidades del desarrollo nacional."
DERECHO ECONÓMICO,Explica las disposiciones generales de la ley de planeación.,Se establece que sus disposiciones son de orden público e interés social. Ya que esta declaración tiene como finalidad el que la administración pública pueda actuar con suficiente flexibilidad cuando ello sea necesario y en beneficio general.
DERECHO ECONÓMICO,¿De cuántos capítulos consta la ley de planeación?,La ley está dividida en siete capítulos.
DERECHO ECONÓMICO,"¿Qué establece el capítulo ""concentración e inducción"" de la ley de planeación?",Establece las bases para la concentración entre el sector público y las representaciones de los grupos sociales o particulares interesados.
DERECHO ECONÓMICO,"¿Qué establece el capítulo ""coordinación"" de la ley de planeación?",Establece que el ejecutivo federal podrá convenir con los gobiernos de los estados la coordinación para participar en la planeación nacional del desarrollo.
DERECHO ECONÓMICO,¿Quiénes son los sujetos de derecho económico?,"Son todos los agentes económicos en general, las personas jurídicas estatales, las personas jurídicas privadas y los particulares."
DERECHO ECONÓMICO,¿Qué es el estado de derecho económico?,"Este juega el papel de director y rector, actuando activamente como depósito de los intereses globales del sistema este tiene el mando y la jerarquía."
DERECHO ECONÓMICO,¿Qué es el banco?,"Es un agente económico ya que es el intermediario financiero recibe depósitos en dinero y otorga préstamos, entre otros servicios."
DERECHO ECONÓMICO,¿Quién es el encargado de proteger los derechos del consumidor?,En México mediante la PROFECO mejora su nivel de vida y para ser un mejor consumidor.
DERECHO ECONÓMICO,¿Por qué se dice que el derecho económico es bicéfalo?,Debido a que tiene un aspecto normativo y otro aspecto practico económico.
DERECHO ECONÓMICO,¿Por qué las metas de la política económica cambian periódicamente?,Los fines o metas de la política económica cambian periódicamente en función del estado o del mercado beneficiando a los empresarios.
DERECHO ECONÓMICO,¿Cuál es el objeto general del derecho económico?,Tiene como objeto normas jurídicas que enmarcan los comportamientos económicos de agentes y operadores físicos y morales.
DERECHO ECONÓMICO,De acuerdo con la Ley orgánica de la administración pública federal LOAPF ¿Quién integra la organización administrativa centralizada federal?,"La presidencia de la república, las secretarias del estado, departamentos administrativos y la procuraduría general de la república."
DERECHO ECONÓMICO,¿Cómo interviene el estado en la economía?,"Explotando recursos que le pertenecen exclusivamente y realizando actividades de fomento a la inversión privada y enseguida, promover junto con esta la industrialización."
DERECHO ECONÓMICO,¿De qué entidades se auxilia el poder ejecutivo de la unión para formar la administración pública paraestatal?,"1- Organismos descentralizados. 2- Empresas de participación estatal, instituciones nacionales de crédito, organizaciones auxiliares nacionales de crédito e instituciones nacionales de seguros y finanzas. 3- Fideicomisos."
DERECHO REGISTRAL,Qué es Derecho Registral?,"Conjunto de normas jurídicas y principios registrales que regulan la organización y funcionamiento de los registros públicos, los derechos inscribibles y medidas precautorias en los diversos registros, en relación con terceros."
DERECHO REGISTRAL,Qué es Derecho Notarial?,"Conjunto de disposiciones legislativas y reglamentarias, usos decisiones jurisprudenciales y doctrinas, que rigen la función y el instrumento público notarial."
DERECHO REGISTRAL,"Qué otro requisito debe cumplir previamente el notario para ejercer la función notarial, además de la garantía, el sello, la firma y su registro ante autoridad competente?",Otorgar y mantener actualizada la garantía por el equivalente a quinientas veces el valor diario de la Unidad de Medida y Actualización a satisfacción de la Secretaría de Finanzas de Gobierno del Estado.
DERECHO REGISTRAL,Quién toma la protesta de ley a los notarios públicos?,El titular del poder ejecutivo (gobernador constitucional del Estado).
DERECHO REGISTRAL,Por qué le corresponde al ejecutivo tomar la protesta?,Porque él es el encargado de otorgarle el fiat del notario tal y como lo dispone el artículo 1 de la Ley del Notariado de Tamaulipas con base a las facultades conferidas en el artículo 91 fracción XXV de la constitución local.
DERECHO REGISTRAL,"Si el gobernador no toma la protesta de ley a los notarios, quien puede sustituirlo?",El Secretario General de Gobierno.
DERECHO REGISTRAL,"Si el secretario de gobierno no toma la protesta de ley a los notarios, quien puede sustituirlo?",Sólo el gobernador y el Secretario de Gobierno pueden tomar protesta al notario.
DERECHO REGISTRAL,Qué otro requisito se le exige al notario para ejercer su función notarial?,Ser profesional del Derecho (Licenciado en Derecho).
DERECHO REGISTRAL,Por qué debe de ingresar el notario al colegio de notarios?,Porque así lo dispone la ley del notariado del Estado.
DERECHO REGISTRAL,En donde debe inscribirse el notario para ser socio de esa colegiación?,"En el Colegio de Notarios del Estado, y en el colegio de notarios del distrito que le corresponda."
DERECHO REGISTRAL,Paga cuotas el notario para ser socio de ambos colegios?,Sí.
DERECHO REGISTRAL,"Debe el notario inscribirse en el colegio nacional de notarios que cobra $5,000 pesos anuales?",Sí.
DERECHO REGISTRAL,¿Qué sucede si un notario asociado ocupa un cargo público incompatible con la función notarial?,"Es motivo de suspensión de los efectos del convenio de asociación, que uno de los asociados sea designado para ocupar un cargo público."
DERECHO REGISTRAL,Por qué algunos notarios no se inscriben al colegio nacional?,Porque no pueden o no quieren pagar dicha cuota.
DERECHO REGISTRAL,¿Donde se publica la patente de aspirante a notario?,Los nombramientos de los Notarios y de los aspirantes al Notariado se publicarán en el Periódico Oficial del Estado.
DERECHO REGISTRAL,"Una vez que el notario obtenga el nombramiento, dónde se registran éstos?","En la Dirección de Asuntos Notariales, en la Secretaría del Trabajo y en el Registro Público de la Propiedad."
DERECHO REGISTRAL,Quién lleva el libro de registro de notarios?,"La Secretaría del Trabajo por conducto de la Dirección de Permisos y Legalizaciones, el Registro Público de la Propiedad, el Colegio de Notarios del Estado y el Colegio de Notario del distrito judicial que la corresponda (artículo 26 de la ley invocada)."
DERECHO REGISTRAL,Qué deben de contener los libros de registro de notarios?,"El título ""Registro de Notarios""."
DERECHO REGISTRAL,Cuál es la edad mínima para ser aspirante a notario y para obtener la Fiat de notario?,25 y 30 años respectivamente.
DERECHO REGISTRAL,Cuánto tiempo requiere el aspirante de práctica notarial?,3 años.
DERECHO REGISTRAL,Cuál es el plazo por el cual el notario público debe comenzar a ejercer sus funciones?,60 días.
DERECHO REGISTRAL,El notario puede ejercer su función al día siguiente de la protesta de ley?,No.
DERECHO REGISTRAL,El notario puede ejercer su función a los 59 días después de la protesta?,No.
DERECHO REGISTRAL,"El notario que no ejerza sus funciones dentro de ese plazo o sea, posterior al plazo qué sucede con su situación?",Quedará sin efecto el Fiat otorgado al notario.
DERECHO REGISTRAL,En qué caso puede un notario rebasar el plazo de los 60 días para ejercer su función?,Cuando exista causa justificada.
DERECHO REGISTRAL,Cuáles pueden ser causas justificadas para que un notario no ejerza su función dentro del plazo?,"Las que estén a juicio del Secretario del Trabajo con la opinión del Director de Asuntos Notariales conforme a los artículos 45, 46 y 47 de la Ley del Notarios para el Estado de Tamaulipas."
DERECHO REGISTRAL,Dónde se publica el aviso al público del inicio de actividades de la función notarial?,"En el Periódico Oficial del Estado y lo comunicará a la Secretaría del Trabajo, al Registro Público de la Propiedad y a la Dirección de Asuntos Notariales."
DERECHO REGISTRAL,Qué hace el notario en el ejercicio de su función?,"I. Redactar los instrumentos relativos a los hechos y actos jurídicos, así como actuaciones notariales, pasados ante su fe II. Llevar el Protocolo en el que se contengan, firmados y autorizados, los instrumentos notariales a que se refiere la fracción anterior III. Llevar el Apéndice del Protocolo, formado con los anexos relativos a cada instrumento IV. Dar fe de tener ante su vista situaciones de hecho a las que la ley atribuya consecuencias de derecho V. Compulsar documentos, dar fe de su existencia y certificar la ratificación de las firmas que calzan los documentos privados, siguiendo las formas que establece la presente ley VI. Expedir testimonio de los instrumentos que obran en su protocolo VII. Intervenir en la tramitación extrajudicial de sucesiones testamentarias e intestamentarias, conforme a las disposiciones legales aplicables en cada caso VIII. Actuar como árbitro o secretario en juicios arbitrales IX. Actuar como mediador en términos de la Ley de Mediación del Estado de Tamaulipas X. Intervenir, cuando el interesado opte por esta vía y no por la judicial, conforme a lo señalado en los artículos 162 y 163 de esta ley, en asuntos de Jurisdicción Voluntaria. Los Notarios llevarán, para el control de esos trámites en sede notarial, un Libro Índice de Asuntos de Jurisdicción Voluntaria y XI. Intervenir en los demás actos que esta ley u otros ordenamientos jurídicos autoricen."
DERECHO REGISTRAL,Qué otro nombre reciben esos documentos pasados ante la fe del notario?,Actuaciones Notariales.
DERECHO REGISTRAL,Cuál es el efecto de los documentos notariales?,La publicidad del acto.
DERECHO REGISTRAL,Cómo se llama la figura jurídica donde constan los instrumentos notariales?,Apéndice del Protocolo.
DERECHO REGISTRAL,Qué son los instrumentos notariales?,Son los documentos originales que el notario asienta en su protocolo y formaliza autorizándolos con su sello y firma son actos y hechos jurídicos que se asientan en escrituras y actas respectivamente.
DERECHO REGISTRAL,Qué requisito debe contener las hojas del protocolo?,"La certificación, la ratificación de las firmas, el sello y el folio."
DERECHO REGISTRAL,Qué sucede si no tiene firma algunas hojas por el notario público?,Puede ser invalidadas o anulables.
DERECHO REGISTRAL,Qué otra función del notario además de la redacción y llevar el protocolo se encuentra obligado?,"Actuará como asesor de los comparecientes, debiendo ilustrar a las partes en materia jurídica, así como orientar y explicar a los otorgantes y comparecientes el valor y las consecuencias legales de los actos en que intervenga (artículo 30 de la ley del notariado)."
DERECHO REGISTRAL,¿En qué consiste el apéndice del protocolo?,"Es una carpeta por cada juego de folios en la cual el notario irá depositando los documentos, los cuales se arreglarán por legajos, poniéndose en cada uno de ellos el número que corresponda al del instrumento a que se refiere y una letra del alfabeto que lo señale y distinga de los otros que forman el legajo."
DERECHO REGISTRAL,¿Qué otras funciones tiene el notario público?,Funciones de árbitro y mediador cuando se lo requieran.
DERECHO REGISTRAL,"¿Entre las funciones notariales, que tramites o juicios puede realizar el notario público?","Podrán los Notarios ejercer su profesión de abogado y con el carácter de patrono o apoderado dirigir los asuntos particulares que se les encomienden y que sean inherentes a dicha profesión, pero en tales asuntos, cuando haya contienda, no deberán actuar con el carácter de Notario."
DERECHO REGISTRAL,¿Qué hace un árbitro como notario público?,"Conocer los asuntos que se le soliciten los interesados conforme a los interesados conforme a los planteamientos o compromisos respectivos, observando para su trámite las formas, procedimientos y restricciones que establece el Código de Procedimientos Civiles para el Estado de Tamaulipas, el Código de Comercio, la Ley de Mediación para el Estado de Tamaulipas y demás leyes aplicables."
DERECHO REGISTRAL,¿En qué consiste la función del mediador del notario público?,"Conocer los asuntos que se le soliciten los interesados conforme a los interesados conforme a los planteamientos o compromisos respectivos, observando para su trámite las formas, procedimientos y restricciones que establece el Código de Procedimientos Civiles para el Estado de Tamaulipas, el Código de Comercio, la Ley de Mediación para el Estado de Tamaulipas y demás leyes aplicables."
DERECHO REGISTRAL,¿cuál es la excepción a la regla del secreto profesional del notario?,"Salvo los informes obligatorios que deben rendir con sujeción a las leyes respectivas y de los actos que deban inscribirse en el Registro Público de la Propiedad Inmueble y de Comercio, de los cuales podrán enterarse las personas que no hubiesen intervenido en ellos y siempre que a juicio del Notario tengan algún interés legítimo en el asunto y aun no se haya efectuado la inscripción respectiva."
DERECHO REGISTRAL,¿Cuáles son los actos prohibidos por la ley que el notario debe rehusarse para su ejercicio?,"I.- Si el acto cuya intervención se le pide está prohibido por la ley, es contrario a las buenas costumbres o su autorización legal corresponde exclusivamente a un funcionario o funcionarios determinados II.- Si intervienen como partes su cónyuge, sus parientes consanguíneos en línea recta sin límite de grado o en la colateral hasta el cuarto grado inclusive, por afinidad o su concubina o concubinario III.- Si el acto contiene disposiciones o estipulaciones que beneficien al Notario o a alguno de las personas previstas en la fracción anterior, o personas de quienes algunos de ellos fuera apoderado o representante legal en el acto en que interviene IV.- Si el objeto del acto es física o legalmente imposible V.- Si el acto o el hecho de que se trata tiene relación con negocios contenciosos que se encuentre patrocinando el Notario como abogado."
DERECHO REGISTRAL,¿Cuándo puede excusarse el notario público de trabajar?,"1.- El Notario puede excusarse de actuar: I.- En días festivos, sábados y domingos o en horas que no sean de oficina, a no ser de que se trate de testamento u otro acto de urgencia inaplazable, y en los casos previstos en las leyes electorales o II.- Si no se le anticipan los gastos, excepto en el caso de testamento urgente y en asuntos de carácter electoral cuando por ley deban estar abiertas sus oficinas para esos efectos. 2.- El Notario está obligado a excusarse de actuar si alguna circunstancia le impide atender con imparcialidad el asunto que."
DERECHO REGISTRAL,¿El notario puede excusarse de trabajar si no le pagan los gastos?,Sí.
DERECHO REGISTRAL,¿Cuál es la excepción o excepciones de no excusarse a actuar al notario?,"En días festivos, sábados y domingos o en horas que no sea de oficina a no ser de que se trate de testamento u otro acto de urgencia inaplazable, y en los casos previstos en las leyes electorales o si no se le anticipan los gastos excepto en los casos de testamento urgente y en asuntos de carácter electora cuando por ley deban estar abiertas sus oficinas para esos efectos."
DERECHO REGISTRAL,¿El notario debe actuar con parcialidad en los asuntos que se le encomienden?,"No, debe actuar con imparcialidad."
DERECHO REGISTRAL,¿Cuántos tipos de notarios existen?,"Existen dos tipos de notarios, el titular y el adscrito."
DERECHO REGISTRAL,¿Puede ejercer sus funciones el titular conjuntamente con el adscrito?,No.
DERECHO REGISTRAL,¿Cuándo entra en funciones el adscrito?,Cuando el titular pide licencia y/o permiso para ausentarse.
DERECHO REGISTRAL,¿Pueden Asociarse 2 notarios?,"Sí, siempre que sus Notarías estén ubicadas en el mismo Distrito Judicial. (Art 43)."
DERECHO MERCANTIL,El Licenciado en Contaduría debe ser un experto en Derecho Mercantil.,Verdadero
DERECHO MERCANTIL,Es sencillo encontrar un concepto universal de Derecho Mercantil.,Falso
DERECHO MERCANTIL,El Derecho Mercantil regula las actividades de los comerciantes.,Verdadero
DERECHO MERCANTIL,Solo el Derecho Mercantil tiene fuentes.,Falso
DERECHO MERCANTIL,La Jurisprudencia es una fuente del Derecho Mercantil.,Verdadero
DERECHO MERCANTIL,La costumbre no es una fuente de Derecho Mercantil.,Falso
DERECHO MERCANTIL,Los usos y costumbres bancarios son obligatorios en materia mercantil cuando la ley es omisa.,Verdadero
DERECHO MERCANTIL,Los comerciantes solo pueden ser personas morales.,Falso
DERECHO MERCANTIL,Los corredores públicos están imposibilitados para ejercer el comercio.,Verdadero
DERECHO MERCANTIL,Los comerciantes tienen obligaciones pero no derechos.,Falso
DERECHO MERCANTIL,Auxiliar del comercio es sinónimo de auxiliar del comerciante.,Falso
DERECHO MERCANTIL,Los empleados son auxiliares del comercio.,Falso
DERECHO MERCANTIL,Los corredores son auxiliares del comerciante.,Falso
DERECHO MERCANTIL,La empresa es una unidad económico-social.,Verdadero
DERECHO MERCANTIL,El empresario es siempre el dueño de la empresa.,Verdadero
DERECHO MERCANTIL,La clientela es uno de los elementos más importantes de la Empresa.,Verdadero
DERECHO MERCANTIL,La invención es una actividad humana que permite modificar la materia para aprovechamiento del hombre.,Verdadero
DERECHO MERCANTIL,La patente es un certificado de explotación exclusiva de un modelo de utilidad o diseño industrial.,Falso
DERECHO MERCANTIL,La vigencia de explotación de una marca es de 20 años.,Verdadero
DERECHO MERCANTIL,La vigencia de una patente es permanente a favor del inventor.,Falso
DERECHO MERCANTIL,La denominación de origen es el lugar que le ha dado su nombre a una sociedad extranjera.,Falso
DERECHO MERCANTIL,Es opcional para el productor mexicano indicar en sus productos el lugar de fabricación.,Falso
DERECHO MERCANTIL,Las sociedades de carácter comercial están reguladas por el Derecho Civil.,Falso
DERECHO MERCANTIL,La clasificación de las sociedades mercantiles puede ser legal por su tipo de capital.,Falso
DERECHO MERCANTIL,"En las sociedades capitalistas, lo que importa es la aportación económica de socios y no así su calidad moral.",Verdadero
DERECHO MERCANTIL,La sociedad cooperativa es una más que se rige por la ley general de sociedades mercantiles.,Falso
DERECHO MERCANTIL,La sociedad mercantil se constituye ante Notario Público.,Verdadero
DERECHO MERCANTIL,Para que una sociedad mercantil tenga personalidad jurídica es forzoso que cuente con una escritura pública.,Verdadero
DERECHO MERCANTIL,El reconocimiento de la personalidad jurídica determina una completa autonomía entre la sociedad y la persona de sus socios.,Verdadero
DERECHO MERCANTIL,Las Sociedades mercantiles de hecho son aquellas que existen por libre manifestación de la voluntad de sus componentes sin documento que lo compruebe.,Verdadero
DERECHO MERCANTIL,Las sociedades irregulares son aquellas que realizan todo tipo de actividades en lugar establecido pero que carecen de escritura pública o registro legal.,Verdadero
DERECHO MERCANTIL,Las de objeto lícito son sociedades opuestas al derecho porque están fuera de la ley.,Falso
DERECHO MERCANTIL,Una sociedad jamás pierde su personalidad jurídica.,Falso
DERECHO MERCANTIL,Primero se realiza el proceso de la disolución y después la liquidación.,Verdadero
DERECHO MERCANTIL,La disolución está constituida por todas las operaciones posteriores a la liquidación.,Falso
DERECHO MERCANTIL,La fusión por accesión consiste en que dos o más sociedades mercantiles integren su capital social en una nueva.,Falso
DERECHO MERCANTIL,La fusión por incorporación hace referencia a que una o más sociedades se fusionen con otra que sea de creación anterior a la fusión.,Verdadero
DERECHO MERCANTIL,La fusión es lo mismo que la transformación.,Falso
DERECHO MERCANTIL,La sociedad anónima es aquella sociedad mercantil cuyos titulares lo son en virtud de una participación en el capital social a través de títulos o acciones.,Verdadero
DERECHO MERCANTIL,Es un elemento de la sociedad anónima la limitación de responsabilidad de los socios frente a terceros.,Falso
DERECHO MERCANTIL,En las sociedades anónimas se conoce a sus dueños pero no a sus demás miembros.,Falso
DERECHO MERCANTIL,La Ley General de Sociedades Mercantiles señala los requisitos de constitución de las Sociedades Anónimas.,Verdadero
DERECHO MERCANTIL,La constitución de una sociedad anónima se realiza ante el Juez Civil de la Localidad.,Falso
DERECHO MERCANTIL,La constitución de una sociedad anónima es única a pesar de existir dos procedimientos legales para ello.,Verdadero
DERECHO MERCANTIL,"Son asambleas ordinarias, las que se reúnen para tratar cualquier asunto que no sea de los enumerados en el artículo 182 de la LGSM.",Falso
DERECHO MERCANTIL,Las asambleas especiales son las que se rigen por las disposiciones de las asambleas generales y serán presididas por el accionista que designen los socios presentes.,Verdadero
DERECHO MERCANTIL,"La Convocatoria deberá hacerse por el administrador o el Consejo de Administración, o por los comisarios.",Verdadero
DERECHO MERCANTIL,Está prohibida la administración de la sociedad anónima por uno o más mandatarios temporales y revocables.,Falso
DERECHO MERCANTIL,"Los mandatarios de la administración estarán a cargo de uno o varias personas, que pueden ser socios o personas extrañas a la sociedad.",Verdadero
DERECHO MERCANTIL,Las atribuciones de los administradores no deriva del mandato que le otorga la asamblea general de socios.,Falso
DERECHO ARBITRAL,¿Cuál es la Función del tercero involucrado en un arbitraje?,"No es un simple comunicador que acerca a las partes y que les propone una o varias soluciones, ahora él emite una resolución que goza de carácter obligatorio. Sin embargo, para que el arbitraje pueda funcionar es necesario que previamente las partes hayan aceptado, de común acuerdo, someterse a este medio de solución."
DERECHO ARBITRAL,"¿Como El Título IV del Código de Comercio, define el arbitraje?",Es el procedimiento arbitral de carácter comercial con independencia de que sea o no una institución arbitral permanente ante la que se lleve a cabo.
DERECHO ARBITRAL,¿Cuáles son presupuestos que son parte fundamental para que el arbitraje pueda llevarse a cabo para resolver una controversia?,Existencia de un contrato - Incluir dentro del mismo la Cláusula compromisoria - Compromiso arbitral - Contrato arbitral o contrato de arbitraje.
DERECHO ARBITRAL,Concepto de Cláusula compromisoria:,Es un apartado dentro del contrato en virtud del cual las partes estipulan que en caso de surgir una contienda jurídica entre ellas se someterán para su arreglo a un arbitraje.
DERECHO ARBITRAL,Concepto de Compromiso Arbitral:,"Es el acuerdo pactado entre las partes, una vez que ya se suscitó una controversia jurídica entre ellos, para que su lid sea dirimida en el porvenir por medio del arbitraje es decir, el compromiso se conviene después de planteado el pleito actual."
DERECHO ARBITRAL,Concepto de Contrato Arbitral:,"Es definido como el acuerdo de voluntades entre los contendientes y el árbitro designado, en el que se consignan las obligaciones y derechos de los árbitros en relación con las partes, así como el plazo para resolver, los honorarios a cubrir, entre otros."
DERECHO ARBITRAL,¿Cuáles son tres campos del Arbitraje Comercial?,Arbitraje Comercial Nacional - Arbitraje Comercial Regional - Arbitraje Comercial Internacional.
DERECHO ARBITRAL,¿Cuál es el marco jurídico que regula al arbitraje?,Constitución Política de los Estados Unidos Mexicanos - Los Tratados Internacionales suscritos por México - El Código de Comercio - El Código Federal de Procedimientos Civiles (supletorio) - Las Leyes particulares (especiales) que versen sobre una materia específica de comercio o mercantiles.
DERECHO ARBITRAL,Concepto de Acuerdo de arbitraje.,"Es el acuerdo que las partes deciden someter sus controversias derivadas de una relación jurídica, contractual o no. Pueden adoptar la forma de una cláusula compromisoria incluida en un contrato o la forma de un acuerdo independiente."
DERECHO ARBITRAL,Concepto de Costas.,"Los honorarios del tribunal arbitral los gastos de viaje y demás expensas realizadas por los árbitros costo de la asesoría pericial o de cualquier otra asistencia requerida por el tribunal arbitral gastos de viaje y otras expensas realizadas por los testigos, entre otros, siempre que sean aprobados por el tribunal arbitral."
DERECHO ARBITRAL,¿Que se entiende por Derecho de Impugnar?,"Se entiende renunciado este derecho si una parte prosigue el arbitraje sabiendo que no se ha cumplido alguna disposición de las normas contenidas en el Código de Comercio, Título IV, del que pueda apartarse, o se haya dejado de cumplir algún requisito del acuerdo de arbitraje."
DERECHO ARBITRAL,¿A qué se refiere la Competencia del Tribunal Arbitral?,"El Tribunal Arbitral estará facultado para decidir sobre su propia competencia, incluso sobre las excepciones relativas a la existencia o validez del acuerdo de arbitraje. La decisión de un tribunal arbitral declarando nulo un contrato, no entrañará por ese solo hecho la nulidad de la cláusula compromisoria."
DERECHO ARBITRAL,¿Las partes del procedimiento arbitral gozaran de?,Igualdad - Plena oportunidad para hacer valer sus derechos - Libertad para convenir el procedimiento a que se haya de ajustar el Tribunal Arbitral en sus actuaciones - Libertad para determinar el lugar del arbitraje - Determinar el idioma - El inicio de las actuaciones arbitrales.
DERECHO ARBITRAL,En el caso de no haber acuerdo de las partes el Tribunal Arbitral que sucederá?,"Determinará el lugar del arbitraje, atendiendo las circunstancias del caso, inclusive las conveniencias de las partes - Podrá, salvo acuerdo en contrario de las partes, reunirse en cualquier lugar que estime apropiado para celebrar deliberaciones entre sus miembros, oír a las partes, a los testigos, o a los peritos, o para examinar mercancías u otros bienes o documentos - Determinar la admisibilidad, pertinencia y valor de las pruebas - Determinar el inicio de las actuaciones arbitrales, en la fecha en que el demandado haya recibido el requerimiento de someter esa controversia al arbitraje - A falta de tal acuerdo, el tribunal arbitral determinará el o los idiomas que hayan de emplearse en las actuaciones podrá ordenar que cualquier prueba documental vaya acompañada de una traducción a uno de los idiomas convenidos por las partes o determinados por el tribunal arbitral."
DERECHO ARBITRAL,¿A qué se refiere Pronunciamiento del Laudo y Terminación de las Actuaciones del Tribunal Arbitral?,"Es cuando el Tribunal Arbitral decide sobre el litigio de conformidad con las normas de derecho elegidas por las partes, entendiendo que toda indicación del derecho u ordenamiento jurídico de un país determinado se refiere, a menos que se exprese lo contrario, al derecho sustantivo de ese país y no a sus normas de conflicto de leyes."
DERECHO ARBITRAL,¿A cuales convenciones México se ha adherido y están en vigor?,"La Convención de Naciones Unidas suscrita en Nueva York en 1958, sobre Reconocimiento y Ejecución de Sentencias Arbitrales Extranjeras - La Convención Interamericana en Panamá, 1975, sobre Arbitraje Comercial Internacional - La Convención Interamericana sobre Eficacia Extraterritorial de las Sentencias y Laudos Arbitrales Extranjeros, suscrita en Montevideo en 1979 - La Ley Modelo de Naciones Unidas para el Arbitraje Mercantil Internacional, CNUDMI (UNCITRAL) 1985 - El Convenio sobre Reconocimiento y Ejecución de Sentencias Judiciales y Laudos Arbitrales en Materia Civil y Mercantil, México-España 1989 - El Tratado de Libre Comercio de América del Norte: México Estados Unidos-Canadá, que concretamente en su artículo 2022 señala: estimularán y facilitarán el uso del arbitraje y de otros medios alternativos en la resolución de controversias comerciales internacionales entre partes de naturaleza privada."
DERECHO ARBITRAL,¿Cuál es El marco jurídico del Arbitraje en el Merco Sur?,"Protocolo de Brasilia para la solución de controversias, 1991 - Acuerdo sobre Arbitraje Comercial en el MERCOSUR, 1998 - Acuerdo sobre Arbitraje Internacional entre MERCOSUR y las Repúblicas de Chile y Bolivia, 1998 - Protocolo de Olivos para la Solución de Controversias, Tribunal Permanente de Revisión, 2002 - Tribunal Internacional de Conciliación y Arbitraje del MERCO SUR, TICAMER - Corte de Arbitraje Internacional para el MERCOSUR - Laudos Arbitrales - Centro de Arbitraje de Chile, 1992 - Cámara de Arbitraje de Brasil, 1995 - Centro de Arbitraje de Uruguay - Cámara de Arbitraje de Paraguay, 1996."
DERECHO ARBITRAL,Mencione las convenciones Internacionales sobre Arbitraje y Mediación,"Convención de Nueva York, sobre Reconocimiento y Ejecución de Laudos Arbitrales Extranjeras, 1958 - Convención Interamericana Sobre Arbitraje Comercial Internacional, Convención de Panamá, 1975 - Convención Interamericana Sobre Eficacia Extraterritorial de las Sentencias y Laudos Arbitrales Extranjeros o Convención de Montevideo, 1979 (CIDIP II) - Ley Modelo de las Naciones Unidas para el Arbitraje Mercantil Internacional, 1985 (CNUDMI/UNCITRAL) - Convenio sobre Reconocimiento y Ejecución de Sentencias Judiciales y Laudos Arbitrales en Materia Civil y Mercantil, México-España 1989 - Ley Modelo sobre Conciliación Comercial Internacional, CNUDMI/UNCITRAL, 2002 - Notas de la CNUDMI sobre Organización del Proceso Arbitral, 1996 - Reglamento de Conciliación de CNUDMI, 1980 - Reglamento de Arbitraje de la CNUDMI, 1976 - Entendimiento de la OMC para solución de Controversias - Reglamento de Arbitraje de la OMPI, 2002 - Reglamento de Mediación de la OMPI, 2002 - Convenio sobre arreglo de diferencias relativas a inversiones CIADI, 1966."
DERECHO ARBITRAL,¿Cuale son Organismos internacionales de arbitraje?,"Corte permanente de arbitraje, La Haya, 1899 - Organización Mundial del Comercio, página solución de controversias, OMC, 1994 - Corte Internacional de Arbitraje, CCI, 1999 - Centro Internacional para la Resolución de Disputas relativas a Inversiones, Banco Mundial, CIADI, 1966 - Tribunal Permanente de Arbitraje, 1907 - Corte Europea de Arbitraje - Centro de Arbitraje y Mediación de la Organización Mundial de la Propiedad Intelectual, OMPI, 1994 - Corte Internacional de Arbitraje y Conciliación Medioambiental - Tribunal de Arbitraje Deportivo, 1983 - Comisión de las Naciones Unidas para el Derecho Mercantil Internacional, CNUDMI, 1966 - Organización Mundial del Comercio, OMC1995."
DERECHO ARBITRAL,¿Qué deberá de contener la Demanda?,"El nombre completo, calidad en que intervienen y dirección de cada una de las partes - Una descripción de la naturaleza y circunstancias de la controversia que ha dado origen a la Demanda - Una indicación de las pretensiones y, en la medida de lo posible, de los montos reclamados - Los convenios pertinentes y, particularmente, el acuerdo de arbitraje - Toda indicación pertinente con relación al número de árbitros y su selección, así como la designación del árbitro que en ellos se requiera - Cualesquiera comentarios con relación a la sede del arbitraje, las normas jurídicas aplicables y el idioma del arbitraje. Además pagará el anticipo sobre gastos administrativos."
MEDIACIÓN,¿Qué es el CJA?,"El Centro de Justicia Alternativa (CJA) es una dependencia del Tribunal que cuenta con autonomía técnica y de gestión, y se instituye para administrar y substanciar los métodos alternos de solución de controversias, particularmente la mediación, para la atención de los conflictos de naturaleza civil, mercantil, familiar, penal y de justicia para adolescentes, entre particulares, así como para su desarrollo."
MEDIACIÓN,¿Es necesario tener abogado para participar en el procedimiento de mediación?,Los participantes acuden de manera personal y podrán ser asesorados en todo momento por su abogado particular de forma externa al Centro o servicio de mediación privada.
MEDIACIÓN,¿Cuánto cuesta el procedimiento de mediación?,"El servicio es gratuito si es el que se brinda en el Centro de Justicia Alternativa del Distrito Federal y si se contrata los servicios de una mediadora o mediador privados, se tendrá que convenir con ella o él el pago de sus honorarios."
MEDIACIÓN,¿Qué efectos tiene el convenio a que se llega en mediación?,"El convenio celebrado entre los mediados ante la fe pública del Mediador actuante, con las formalidades que señala la Ley de Justicia Alternativa del Tribunal Superior de Justicia para el Distrito Federal, será válido y exigible en sus términos, trayendo aparejada ejecución para su exigibilidad en vía de apremio ante la autoridad jurisdiccional. Por acuerdo de los mediados los convenios podrán ser anotados en el Registro Público de la Propiedad y del Comercio de conformidad con las leyes respectivas."
MEDIACIÓN,¿Puede el CJA obligar a las partes a que cumplan el convenio?,"No. En caso de incumplimiento del convenio por alguna de las partes, la parte que se considere afectada podrá solicitar la ejecución del convenio por vía de apremio ante la autoridad jurisdiccional o bien ejercer los derechos que le correspondan para hacerlos valer por la vía y forma correspondientes, de acuerdo a cada caso en particular."
MEDIACIÓN,¿Cuánto tiempo dura una mediación?,"Las mediaciones se llevan a cabo a través de sesiones, las cuales tienen una duración aproximada de una hora y media cada una, tiempo que podrá extenderse o reducirse de común acuerdo, en razón de la dinámica del caso y de la carga de trabajo del mediador, pudiendo llevarse a cabo varias sesiones, las que se programan atendiendo a cada asunto en particular y a las necesidades de los mediados."
MEDIACIÓN,¿Qué es el Órgano Especializado en Mecanismos Alternativos de Solución de Controversias en Materia Penal y de Justicia para Adolescentes (OEMASC) del CJA?,"Es el Órgano Especializado en Mecanismos Alternativos de Solución de Controversias en Materia Penal y de Justicia para Adolescentes, encargado de tramitar los mecanismos alternativos (mediación, conciliación o junta restaurativa), que conduzcan a las soluciones alternas."
MEDIACIÓN,¿Qué es un Facilitador Público?,Es el profesional certificado del Órgano cuya función es propiciar la participación de los intervinientes en los mecanismos alternativos.
MEDIACIÓN,¿De qué manera se solicita un Mecanismo Alternativo de Solución de Controversias (MASC) en materia Penal?,"Se solicita la salida alterna (acuerdo reparatorio o suspensión condicional) ante un Juez de Control, quien derivará el asunto al Órgano Especializado en Mecanismos Alternativos de Solución de Controversias (OEMASC), a través de la Unidad de Gestión Judicial, para que el imputado y la víctima u ofendido se presenten al OEMASC a recibir el servicio."
MEDIACIÓN,¿En qué casos procede un MASC para celebrar un acuerdo reparatorio?,"En materia penal cuando se trate de un delito de querella, culposo, patrimonial sin violencia sobre las personas, exceptuando la violencia familiar, asimismo en materia de adolescentes es procedente en todas las conductas que no ameriten medida de internamiento."
MEDIACIÓN,¿Qué efectos tiene un Acuerdo Reparatorio emanado de la aplicación de un MASC?,"Una vez que el Juez de Control aprueba el Acuerdo Reparatorio en términos del Código Nacional de Procedimientos Penales, se extingue la acción penal."
MEDIACIÓN,¿Qué sucede si el imputado o acusado incumple el Acuerdo Reparatorio?,"Inmediatamente se informa al Juez de Control, a través de la Unidad de Gestión Judicial, a efecto de que decrete el incumplimiento y se retome el proceso penal."
MEDIACIÓN,¿Qué efectos tiene un Plan de Reparación emanado de la aplicación de un MASC?,Es un elemento necesario para la procedencia de una suspensión condicional del proceso en términos del Código Nacional de Procedimientos Penales.
MEDIACIÓN,¿Qué es un acuerdo de sometimiento o sumisión?,"Es el pacto suscrito por los mediados o mediables para someter su controversia al procedimiento de mediación o conciliación, donde establecen las bases y reglas mínimas del procedimiento, precisan sus derechos y obligaciones y se comprometen a no grabar imágenes o sonidos derivados de las sesiones de mediación y a no llamar al Mediador como testigo en ningún momento."
MEDIACIÓN,¿Qué es alterutralidad?,Es la capacidad del Mediador de sentir que los mediados son igual a él. De entender y comprender a los mediados sin distinción y sin privilegios de ningún tipo.
MEDIACIÓN,¿Qué es analogía?,Significa comparación o relación entre varias razones o conceptos y la habilidad de comparar o relacionar dos o más objetos o experiencias de manera positiva.
MEDIACIÓN,¿Qué es comediación?,Significa que el procedimiento de mediación o una de sus sesiones es conducida por dos o más Mediadores.
MEDIACIÓN,¿Qué es conciliación?,Es la acción mediante la cual dos posturas encontradas se ponen de acuerdo y llegan a un arreglo beneficioso.
MEDIACIÓN,¿Qué es conciliación extrajudicial?,Es la acción de ponerse de acuerdo fuera de juicio.
MEDIACIÓN,¿Qué es conciliación intraprocesal?,Es la acción de ponerse de acuerdo dentro de un procedimiento oficial y formal.
MEDIACIÓN,¿Qué es confidencialidad?,Es la característica de la información que le permite mantenerse oculta e inaccesible a todos.
MEDIACIÓN,¿Qué es conflicto?,"Es la divergencia percibida de intereses, sentires, pensares o haceres."
MEDIACIÓN,¿Qué es confrontación?,Es el acto de poner a una persona o cosa enfrente con objeto de encontrar una solución o cumplir con algún objetivo.
MEDIACIÓN,¿Qué es connotación positiva?,"Es el énfasis llevado a cabo generalmente por el Mediador de una palabra, enunciado, imagen, actitud o conducta, con el propósito de que sea conscientemente valorada."
MEDIACIÓN,¿Qué es convenio de mediación?,"Es el acto formalmente jurídico y de naturaleza moral y ética que corona todo proceso exitoso de mediación, en cuyo contenido se traza la solución, la prevención o la minimización de las secuelas de un determinado conflicto."
MEDIACIÓN,¿Qué es encuadre?,"Es la exposición detallada de la naturaleza, principios, reglas mínimas, dinámica, estructura y fines del procedimiento de mediación o conciliación."
MEDIACIÓN,¿Qué es expediente de mediación?,Es el documento donde se contienen las constancias del procedimiento de mediación.
MEDIACIÓN,¿Qué es familiograma?,"Es la gráfica que se utiliza como instrumento para valorar la dinámica, la composición, la estructura, el tipo de familia, las relaciones, los roles que asumen y el ciclo evolutivo por el cual está cursando la familia en un momento determinado (también llamado genograma)."
MEDIACIÓN,¿Qué es imparcialidad?,Es la actitud del Mediador de no tomar partido por ninguna de las partes.
MEDIACIÓN,¿Qué es la mediación?,"Procedimiento voluntario, mínimamente formal, confidencial e integrador a través del cual un tercero imparcial y alterutral interviene para ayudar a las partes en conflicto a trabajar cooperativamente, intentando lograr un acuerdo mutuamente satisfactorio o aceptable."
DERECHO CIVIL,Concepto de acto jurídico.,"Es la manifestación de la voluntad de una o más partes con la intención de crear, modificar o extinguir un derecho. La voluntad debe manifestarse, mientras no lo haga el deseo queda en el fuero interno de la conciencia de la persona y no produce ningún efecto. La persona debe tener intención de producir un efecto jurídico, esto es, crear, modificar o extinguir un derecho. El objetivo de los actos es crear, modificar o extinguir un derecho."
DERECHO CIVIL,Concepto de convención.,"Acuerdo de voluntades entre dos o más personas, con el objeto de crear obligaciones o modificar o extinguir otras preexistentes."
DERECHO CIVIL,Concepto de contrato.,"Art. 1101. Es un convenio en cuya virtud, una o varias personas se obligan respecto de una o de varias otras, a dar, hacer, o no hacer alguna cosa. Es un acuerdo de voluntades que crea obligaciones."
DERECHO CIVIL,¿Cuáles son los elementos y cuál es la función del contrato?,"Elementos personales, elementos reales y elementos formales. Elementos personales: Los sujetos del contrato pueden ser personas físicas o jurídicas con la capacidad jurídica, y de obrar, necesaria para obligarse. Elementos reales: Integran la denominada prestación, o sea, la cosa u objeto del contrato, por un lado, y la contraprestación, por ejemplo, dar suma de dinero, por el otro. Elementos formales: La forma es el conjunto de signos mediante los cuales se manifiesta el consentimiento de las partes en la celebración de un contrato. En algunos contratos es posible que se exija una forma específica de celebración. Por ejemplo, puede ser necesaria la forma escrita, la firma ante notario o ante testigos, etc. La función del contrato es que crea y transmite obligaciones."
DERECHO CIVIL,Explique el doble efecto del contrato.,"Que genera obligaciones entre las partes. Las partes deben ajustarse a las condiciones estipuladas en el contrato (principio de literalidad). Las condiciones y los efectos del contrato solo tienen efecto entre las partes que aceptaron el contrato, y sus causahabientes (principio de relatividad del contrato). Los pactos contenidos en los contratos deben ejecutarse en los términos que fueron suscritos. Las estipulaciones de los contratos típicos, que fueran contrarias a la ley, se tienen por no puestas."
DERECHO CIVIL,¿Cuáles son las obligaciones nacidas del contrato?,"Obligaciones del comprador: tiene la obligación de pagar el precio, de pagar el precio de compraventa, de recibir la cosa vendida. Obligaciones del vendedor: tiene la obligación de entregar la cosa en buen estado, es una obligación de dar, está obligado a transferir el derecho de propiedad que tiene sobre esa cosa y al mismo tiempo hacer la entrega de la cosa."
DERECHO CIVIL,En qué consiste la interpretación de los contratos y a quien corresponde ejercer dicha interpretación.,"La interpretación es fundamental, porque de ella depende la posterior calificación jurídica y los efectos que el ordenamiento asigna a la manifestación de la voluntad. Consiste en la atribución de significado a un texto. Tratándose de los contratos su interpretación tendrá por objeto una manifestación de voluntad. El contrato es una expresión de voluntad en un texto, que luego de realizado puede ser interpretado de forma diferente por las partes. El Juez es quien tendrá la última palabra, estando su actividad reglada por una serie de preceptos que deben presidir su labor, y de las cuales no puede apartarse."
DERECHO CIVIL,En materia contractual que es la oferta y en qué consiste la aceptación.,"Cuando se ofrece una cosa a un público determinado o a todo tipo de público, cuando ese público acepta esa cosa eso genera un contrato entre las partes. La aceptación es cuando la persona expresa su voluntad de aceptar la cosa."
DERECHO CIVIL,¿Qué son contratos solemnes?,"Son los que exigen además del consentimiento, que es un requisito que debe estar presente en todos los contratos una formalidad que sin su cumplimiento el contrato carecería de validez: la forma da el ser a la cosa. La formalidad exigida para su validez consiste no solamente en la intervención de un notario, sino en la redacción de un documento notarial."
DERECHO CIVIL,Explique en qué consiste el principio del consensualismo y el efecto relativo del contrato.,"Los contratos consensuales son aquellos que se forman por el solo consentimiento de las partes, se dice que él solo consentimiento obliga. Estos contratos constituyen el principio de nuestro derecho y por lo tanto el derecho común en materia de contrato."
DERECHO CIVIL,¿Qué son contratos aleatorios?,"EL contrato aleatorio es un convenio reciproco, cuyos efectos de perdida y beneficios, ya sea por todas las partes o para una o muchas de ellas, depende de un suceso incierto. Ej. Tales son el contrato de seguro, el préstamo a la gruesa, el juego y apuesta."
DERECHO CIVIL,Explique en cuales casos se puede dar la inexistencia del contrato.,"Inexistencia de voluntad, si el consentimiento pretendido carece de los requisitos jurídicos que integra una manifestación de voluntad: Un no consentimiento. Oferta y aceptación no coinciden o concurren sobre objeto distinto o aparentan concurrir y no lo hacen. Se finge una pluralidad de voluntades que en realidad no existen. La capacidad de los contratantes deben ser mayores de edad y estar en pleno uso de sus facultades mentales."
DERECHO CIVIL,Inexistencia por ausencia de causa:,"Causa ilícita en el objeto motivo provoca la inexistencia del contrato. Inexistencia por ausencia de objeto: si falta el bien concreto o la utilidad que envuelve la prestación el contrato se considera inexistente: la imposibilidad metafísica, la indeterminación de la especie y la indeterminación de la cantidad dentro del mismo convenio. Inexistencia por ausencia de solemnidad: defecto de forma que están establecida por las leyes."
DERECHO CIVIL,En cuales casos se da la nulidad de pleno derecho en los contratos.,Cuando no cumple con los requisitos de fondo o de forma requeridos para la validez del contrato establecido por la ley.
DERECHO CIVIL,En cuales contratos se puede producir la anulabilidad de los mismos.,"Los contratos que están afectados de error, de violencia o de dolo. Los contratos formalizados por un incapaz para contratar. Los contratos nulos por vicio de forma."
DERECHO CIVIL,"Cuales son los efectos de la inexistencia, nulidad y anulabilidad de los contratos.","El contrato decae por: todas las obligaciones nacidas del contrato desaparecen a consecuencia de la nulidad que afecta al completo contrato, sin importar que sean obligaciones principales u obligaciones accesorias. La nulidad obra retroactivamente: tanto el deudor como acreedor deben restituir la cosa, y todo va obrar como que nunca existió ese contrato, excepto en el caso de los arrendamientos que ya la cosa ha sido ocupada. La retroactividad produce efectos tanto con respeto a las partes contratantes como con respecto a los terceros."
DERECHO CIVIL,Como se produce la confirmación de los contratos.,"Se produce cuando una persona hace que desaparezca los vicios del contrato, cuya nulidad había podido invocar, es una renuncia a la acción de nulidad relativa, constituye un acto jurídico unilateral. La confirmación debe emanar de la persona que pudiera prevalerse de la nulidad. Es aplicable solo a la nulidad relativa. Es necesario que la confirmación se lleve a cabo con conocimiento de causa, es decir cuando la parte que confirma conoce el vicio y tiene el propósito de repararlo. Es preciso que la confirmación este exenta del vicio que podría hacer anulable el contrato confirmado."
DERECHO CIVIL,Explique el principio de la autonomía de la voluntad de las partes el momento de contratar.,Este principio es de derecho privado en virtud del cual el autor o los autores de un acto jurídico tienen la facultad de celebrarlo libremente y determinar a su voluntad su contenido y efectos.
DERECHO CIVIL,Cuales son los vicios del consentimiento en los contratos.,"Los vicios son anormalidades del consentimiento que ocasiona la anulación del acto jurídico a favor de la parte que ha sido víctima de ella. Los vicios son: error, la violencia, el dolo, lesión."
DERECHO CIVIL,"En qué consiste el dolo, el error y la violencia a la hora de contratar.","El error: es aquel obstáculo que impide la formación misma del contrato. Existen tres tipos de error: El error in negocio: el que recae sobre la naturaleza misma del contrato, cuando las partes no se han puesto de acuerdo. El error in corpore: cuando las partes se han equivocado sobre la identidad del objeto de la obligación. Ej. Cuando una persona cree que ha comprado una cosa y el vendedor cree que está vendiendo una cosa diferente. El error sobre la causa de la obligación: la causa de obligación son los motivos que han llevado a las partes a asumir la obligación, o sea la contraposición. El Dolo: el art. 1116 del Código Civil, dice el dolo es causa de nulidad, cuando los medios puesto en práctica por unos de los contratantes son tales, que quede evidenciado que sin ello no hubiese contratado la otra parte. el dolo es un error provocado, un error inducido. El dolo no se presume debe probarse. La violencia: el art.1111 del C.C., dice, la violencia ejercida con el que ha contraído una obligación, causa de nulidad, aunque haya sido ejecutada por un tercero distinto de aquel en beneficio de quien se hizo el pacto."
DERECHO CIVIL,¿Qué es la lesión en los contratos?,"Es el perjuicio económico que sufre una de las partes contratantes. Es un vicio excepcional del consentimiento, que solo tiene aplicación en determinados contratos y en cuanto determinados personas."
DERECHO CIVIL,En qué consiste la rescisión por lesión en los contratos.,"Si el vendedor ha sido lesionado en más de las 7/12 partes en el precio de un inmueble, tiene derecho a pedir la recisión de la venta, aunque haya renunciado expresamente a esa facultad en el contrato, o declarado que hacia donación de la diferencia de precio."
DERECHO CIVIL,Concepto de acto jurídico.,"Es la manifestación de la voluntad de una o más partes con la intención de crear, modificar o extinguir un derecho. Se puede desprender: La voluntad debe manifestarse, mientras no lo haga el deseo queda en el fuero interno de la conciencia de la persona y no produce ningún efecto. La persona debe tener intención de producir un efecto jurídico, esto es, crear, modificar o extinguir un derecho. El objetivo de los actos es crear, modificar o extinguir un derecho. Es unilateral."
DERECHO CIVIL,Concepto de convención.,"Acuerdo de voluntades entre dos o más personas, con el objeto de crear obligaciones o modificar o extinguir otras preexistentes. Por tanto todas las convenciones son actos jurídicos, pero no todos los actos jurídicos son una convención."
DERECHO CIVIL,Concepto de contrato.,"Art. 1101. Es un convenio en cuya virtud, una o varias personas se obligan respecto de una o de varias otras, a dar, hacer, o no hacer alguna cosa. Es un acuerdo de voluntades que crea obligaciones."
DERECHO CIVIL,¿Cuáles son los elementos y cuál es la función del contrato?,"Elementos personales, elementos reales y elementos formales. Elementos personales: Los sujetos del contrato pueden ser personas físicas o jurídicas con la capacidad jurídica, y de obrar, necesaria para obligarse. Elementos reales: Integran la denominada prestación, o sea, la cosa u objeto del contrato, por un lado, y la contraprestación, por ejemplo, dar suma de dinero, por el otro. Elementos formales: La forma es el conjunto de signos mediante los cuales se manifiesta el consentimiento de las partes en la celebración de un contrato. En algunos contratos es posible que se exija una forma específica de celebración. Por ejemplo, puede ser necesaria la forma escrita, la firma ante notario o ante testigos, etc. La función del contrato es que crea y transmite obligaciones."
DERECHO CIVIL,Explique el doble efecto del contrato.,"Que genera obligaciones entre las partes. Las partes deben ajustarse a las condiciones estipuladas en el contrato (principio de literalidad). Las condiciones y los efectos del contrato solo tienen efecto entre las partes que aceptaron el contrato, y sus causahabientes (principio de relatividad del contrato). Los pactos contenidos en los contratos deben ejecutarse en los términos que fueron suscritos. Las estipulaciones de los contratos típicos, que fueran contrarias a la ley, se tienen por no puestas."
DERECHO CIVIL,Cuáles son las obligaciones nacidas del contrato.,"Estas son las obligaciones jurídicas sancionadas por el derecho. Ejemplo: contrato de compra-venta: Obligaciones del comprador: tiene la obligación de pagar el precio, de pagar el precio de compraventa, de recibir la cosa vendida. Obligaciones del vendedor: tiene la obligación de entregar la cosa en buen estado, es una obligación de dar, está obligado a transferir el derecho de propiedad que tiene sobre esa cosa y al mismo tiempo hacer la entrega de la cosa."
DERECHO CIVIL,En qué consiste la interpretación de los contratos y a quien corresponde ejercer dicha interpretación.,"Consiste en la atribución de significado a un texto jurídico. El Juez es quien tendrá la última palabra, estando su actividad reglada por una serie de preceptos que deben presidir su labor, y de las cuales no puede apartarse. La interpretación es fundamental, porque de ella depende la posterior calificación jurídica y los efectos que el ordenamiento asigna a la manifestación de la voluntad. Consiste en la atribución de significado a un texto. Tratándose de los contratos su interpretación tendrá por objeto una manifestación de voluntad. El contrato es una expresión de voluntad en un texto, que luego de realizado puede ser interpretado de forma diferente por las partes."
DERECHO CIVIL,En materia contractual que es la oferta y en qué consiste la aceptación.,"Cuando se ofrece una cosa a un público determinado o a todo tipo de público, cuando ese público acepta esa cosa eso genera un contrato entre las partes. La aceptación es cuando la persona expresa su voluntad de aceptar la cosa."
DERECHO CIVIL,¿Qué son contratos solemnes?,"Son los que exigen además del consentimiento, que es un requisito que debe estar presente en todos los contratos una formalidad que sin su cumplimiento el contrato carecería de validez: la forma da el ser a la cosa. La formalidad exigida para su validez consiste no solamente en la intervención de un notario, sino en la redacción de un documento notarial."
DERECHO CIVIL,Explique en qué consiste el principio del consensualismo y el efecto relativo del contrato.,"Cuando el acuerdo de voluntades puede ser violado por cualquiera de las partes. Los contratos consensuales son aquellos que se forman por el solo consentimiento de las partes, se dice que él solo consentimiento obliga. Estos contratos constituyen el principio de nuestro derecho y por lo tanto el derecho común en materia de contrato."
DERECHO CIVIL,¿Qué son contratos aleatorios?,"EL contrato aleatorio es un convenio reciproco, cuyos efectos de perdida y beneficios, ya sea por todas las partes o para una o muchas de ellas, depende de un suceso incierto. Ej. Tales son el contrato de seguro, el préstamo a la gruesa, el juego y apuesta."
DERECHO CIVIL,Explique en cuales casos se puede dar la inexistencia del contrato.,"Cuando carece de requisitos jurídicos, es decir, cuando en ello falta uno de los requisitos de validez. Inexistencia de voluntad, si el consentimiento pretendido carece de los requisitos jurídicos que integra una manifestación de voluntad: un no consentimiento. Oferta y aceptación no coinciden o concurren sobre objeto distinto o aparentan concurrir y no lo hacen. Se finge una pluralidad de voluntades que en realidad no existen. La capacidad de los contratantes deben ser mayores de edad y estar en pleno uso de sus facultades mentales. Inexistencia por ausencia de causa: Causa ilícita en el objeto motivo provoca la inexistencia del contrato. Inexistencia por ausencia de objeto: si falta el bien concreto o la utilidad que envuelve la prestación el contrato se considera inexistente: la imposibilidad metafísica, la indeterminación de la especie y la indeterminación de la cantidad dentro del mismo convenio. Inexistencia por ausencia de solemnidad: defecto de forma que están establecida por las leyes."
DERECHO CIVIL,En cuales casos se da la nulidad de pleno derecho en los contratos.,Cuando no cumple con los requisitos de fondo o de forma requeridos para la validez del contrato establecido por la ley.
DERECHO CIVIL,En cuales contratos se puede producir la nulabilidad de los mismos.,"Los contratos que están afectados de error, de violencia o de dolo. Los contratos formalizados por incapaz para contratar. Los contratos nulos por vicio de forma. La anulabilidad: es la nulidad relativa de los contratos."
DERECHO CIVIL,"¿Cuáles son los efectos de la inexistencia, nulidad (De forma Absoluta) y anulabilidad (De forma Relativa) de los contratos.","El contrato de cae por completo: todas las obligaciones nacidas del contrato desaparecen a consecuencia de la nulidad que afecta al contrato, sin importar que sean obligaciones principales u obligaciones accesorias. La nulidad obra retroactivamente: tanto el deudor como acreedor deben restituir la cosa, y todo va obrar como que nunca existió ese contrato, excepto en el caso de los arrendamientos que ya la cosa ha sido ocupada. La retroactividad produce efectos tanto con respeto a las partes contratantes como con respecto a los terceros. Notas importantes: -Cuando se pronuncia la inexistencia o nulidad, es cuando se declara que no existió el contrato nunca (Es Retroactiva). -Cuando se pronuncia la anulabilidad, es nula a partir de la sentencia del juez (No es de carácter retroactivo)."
DERECHO CIVIL,Como se produce la confirmación de los contratos.,"Se produce cuando una persona hace que desaparezca los vicios del contrato, cuya nulidad había podido invocar, es una renuncia a la acción de nulidad relativa, constituye un acto jurídico unilateral. La confirmación debe emanar de la persona que pudiera prevalerse de la nulidad. Es aplicable solo a la nulidad relativa. Es necesario que la confirmación se lleve a cabo con conocimiento de causa, es decir cuando la parte que confirma conoce el vicio y tiene el propósito de repararlo. Es preciso que la confirmación este exenta del vicio que podría hacer anulable el contrato confirmado."
DERECHO CIVIL,Explique el principio de la autonomía de la voluntad de las partes el momento de contratar.,Este principio es de derecho privado en virtud del cual el autor o los autores de un acto jurídico tienen la facultad de celebrarlo libremente y determinar a su voluntad su contenido y efectos.
DERECHO CIVIL,¿Cuáles son los vicios del consentimiento en los contratos?,"Los vicios son anormalidades del consentimiento que ocasiona la anulación del acto jurídico a favor de la parte que ha sido víctima de ella. Los vicios son: error, la violencia, el dolo, lesión."
DERECHO CIVIL,"En qué consiste el dolo, el error y la violencia a la hora de contratar.","El error: es aquel obstáculo que impide la formación misma del contrato. Existen tres tipos de error: El error in negocio: el que recae sobre la naturaleza misma del contrato, cuando las partes no se han puesto de acuerdo. El error in corpore: cuando las partes se han equivocado sobre la identidad del objeto de la obligación. Ej. cuando una persona cree que ha comprado una cosa y el vendedor cree que está vendiendo una cosa diferente. El error sobre la causa de la obligación: la causa de obligación son los motivos que han llevado a las partes a asumir la obligación, o sea la contraposición. El Dolo: el art. 1116 del Código Civil, dice el dolo es causa de nulidad, cuando los medios puestos en práctica por unos de los contratantes son tales, que quede evidenciado que sin ello no hubiese contratado la otra parte. el dolo es un error provocado, un error inducido. El dolo no se presume debe probarse. La violencia: el art.1111 del C.C., dice, la violencia ejercida con el que ha contraído una obligación, causa de nulidad, aunque haya sido ejecutada por un tercero distinto de aquel en beneficio de quien se hizo el pacto."
DERECHO CIVIL,Que es la lesión en los contratos.,"Es el perjuicio económico que sufre una de las partes contratantes. Es un vicio excepcional del consentimiento, que solo tiene aplicación en determinados contratos y en cuanto determinados personas."
DERECHO CIVIL,En que consiste la rescisión por lesión en los contratos.,"Es el termino anticipado del contrato cuando se ha lesionado una de la partes. Si el vendedor ha sido lesionado en mas de las 7/12 partes en el precio de un inmueble, tiene derecho a pedir la recisión de la venta, aunque haya renunciado expresamente a esa facultad en el contrato, o declarado que hacia donación de la diferencia de precio."
DERECHO CIVIL,Explique cuáles son los atentados contra la libertad de no contratar.,La violencia - La Fuerza o Intención - El Fraude.
DERECHO CIVIL,Explique cuáles son los atentados contra la libertad de fijar y modificar las condiciones del contrato.,"Esto consiste en que la lesión el perjuicio siempre es económico, mientras que en el dolo puede ser económico o no. Según el Art. 1110.- El error no es causa de nulidad de la convención, sino cuando recae sobre la sustancia misma de la cosa que es su objeto. No es causa de nulidad, cuando únicamente recae en la persona con la cual hay intención de contratar, a no ser que la consideración de esta persona sea la causa principal de la convención."
DERECHO CIVIL,Requisitos en la formulación de un contrato.,El consentimiento de la parte que se obliga - Su capacidad para contratar - Un objeto cierto que forme la materia del compromiso - Una causa lícita en la obligación.
DERECHO CIVIL,EN QUE CONSISTE EL PRINCIPIO DE LA FUERZA OBLIGATORIA DE LOS CONTRATOS?,"En que los pactos legalmente formados, tienen fuerza de ley para aquellos que lo han celebrado."
DERECHO CIVIL,EN QUE CONSISTE EL PRINCIPIO DE LA RELATIVIDAD DE LOS EFECTOS DE LOS CONTRATOS?,En que sus efectos se limitan a las partes y sus representantes o causahabientes.
DERECHO CIVIL,QUE ES EL PRINCIPIO DE LA RELATIVIDAD DE LOS EFECTOS DE LOS CONTRATOS RESPECTO A LOS TERCEROS?,"Esto se refiere a que los contratos obligan no solo a lo que se expresa en ellos, sino también, a las consecuencias que la equidad, el uso o la ley dan a la obligación según su naturaleza."
DERECHO CIVIL,QUE ES LA PROMESA POR TERCERO Y LA CLAUSULA DE PORTE FORT.,"Una persona garantiza por otra cuando promete que la persona de quien habla, consentirá como ella en la convención que celebra. En la práctica, el porte fort se obliga a obtener la firma de un tercero. Es cuando puede obligarse o beneficiarse a otra persona, que no sean las partes contratantes y los causahabientes y representantes de estas. En cuanto a la cláusula de porte fort. consiste o se refiere a la obligación que contrae una persona, de obtener la adhesión de otra."
DERECHO CIVIL,QUE ES LA ESTIPULACION POR TERCEROS:,"No es más que cuando el que ha celebrado este convenio, no puede revocarlo, si el tercero manifestó su voluntad de aprovecharse de él. Es también la promesa que una parte contratante hace a la otra de una prestación en provecho de una persona extraña al contrato."
DERECHO CIVIL,"CUAL ES EL ALCANCE DE LA ESTIPULACION POR TERCERO, SEGÚN LA JURISPRUDENCIA:","Su validez es tan solo por la existencia de una cláusula penal esto quiere decir, que de acuerdo a la Jurisprudencia, se ha llegado a admitir la validez de la estipulación por tercero, cuando el estipulante exigirá el cumplimiento de una prestación a favor de un tercero."
DERECHO CIVIL,"DENTRO DE LA ESTIPULACIÓN POR TERCEROS, ESTABLEZCA QUE SIGNIFICA:","La Teoría de la Oferta: Es cuando el estipulante ofrece al tercero la estipulación pactada en su favor estando el promitente obligado, solamente cuando haya sido aceptada la oferta. La Teoría de la Gestión de Negocios: Es cuando se considera el estipulante como un gestor de negocios y que realiza operaciones que no se le han encomendado. Esto lo que quiere decir es, que quien estipula a favor de tercero sin haber recibido mandato de él, es un gestor de negocios, ya que celebra por cuenta del tercero una operación que hubiera podido realizar como mandatario si hubiera recibido previamente el poder necesario. La Teoría del Derecho Directo del Beneficiario: De acuerdo a ella (esta teoría), la estipulación por tercero es una institución original realmente no hay ninguna explicación y la jurisprudencia la admite como tal y solo se comprueba su mecanismo."
DERECHO CIVIL,CUALES SON LAS CONDICIONES DE EFICACIA DE LA ESTIPULACION POR TERCEROS:,"Es preciso que el tercero esté en posibilidad de recibir los beneficios de la estipulación - Es necesario que la estipulación por tercero no haya sido revocada por el estipulante - Esta (estipulación por terceros), debe ser ratificada por este."
DERECHO CIVIL,CUALES SON LAS RELACIONES JURIDICAS DERIVADAS DE LA ESTIPULACION POR TERCEROS:,"Entre el promitente y el tercero - Entre los terceros y el estipulante. Aquí, en este caso, no se produce ningún tipo de obligación aunque sí algunos efectos - Entre el Estipulante y el Promitente."
DERECHO CIVIL,SIMULACION:,"Es una disconformidad consciente entre la voluntad y su declaración, convenida entre las partes, con el fin de engañar a terceros. Es también la declaración de voluntad no real, de celebrar un acto jurídico. Esta puede ser: Absoluta: que es cuando el acto no existe. Aquí la carencia total de voluntad convierte al acto en nulo. Es relativa: porque la intención real es celebrar un acto distinto. El contrato oculto o secreto tiene valor entre las partes, pero frente a terceros de buena fe este será inoponible, siendo válido el simulado."
DERECHO CIVIL,CONTRADOCUMENTOS:,"Acto firmado por alguna de las partes, para dejar sin efecto el acto simulado. También es el acto destinado a quedar secreto, que modifica las disposiciones de un acto ostensible (que puede manifestarse o mostrarse claro, patente) que lo explica o restringe."
DERECHO CIVIL,EXPLIQUE EN QUE CONSISTE LA EXTENSION VARIABLE DE LA SIMULACION:,"El acto secreto puede destruir totalmente el acto aparente, en forma tal que este ultimo sea meramente ficticio - El acto secreto puede modificar la naturaleza del acto aparente por ejemplo, en el caso de una Donación disimulada en una venta - En lugar de esconder la naturaleza misma de su operación, las partes pueden ocultar solamente algunas condiciones del acto siendo la simulación, en este caso considerada parcial - En algunas ocasiones, el beneficiario del acto, es una persona distinta a la que indica el acto aparente."
DERECHO CIVIL,DIGA CUALES SON LOS EFECTOS DE LA SIMULACION DE LOS CONTRADOCUMENTOS:,Los contra documentos solo producen efectos entre las partes contratantes y no contra terceros.
DERECHO CIVIL,COMO SE PRUEBA LA SIMULACION:,"Solamente se puede probar por escrito, cuando el interés del negocio sea superior a los 500 francos, el acto secreto, del cual resulta la simulación."
DERECHO CIVIL,DIGA CUALES SON LAS CAUSAS DE DISOLUCION DE LOS CONTRATOS:,"Las causas retroactivas estas a su vez pueden ser: La Anulación, que existe en virtud de la ley, y La Resolución, la cual se opera por medio de la voluntad de las partes, cuando solamente han consentido en el contrato de una manera condicional. Las que ponen fin al contrato sin retroactividad estas son también dos, a saber: La Revocación, y La Resiliación que solo se aplican a algunos contratos particulares."
DERECHO CIVIL,LA NULIDAD:,"Consiste, en una sanción genérica de ineficacia o falta de valor legal, para los actos jurídicos celebrados con violación o defecto de las formas y solemnidades establecidas por la ley, o con la finalidad reprobada, o con causa ilícita."
DERECHO CIVIL,RESCISION:,"Consiste en la conducción a la extinción retroactiva del contrato al igual, en este caso que la nulidad. Existe la presunción de que en el momento de su formación, era válido."
DERECHO CIVIL,REVOCACION:,"Consiste en designar los casos en que una persona es privada de una ventaja gratuita que recibe del contrato. El Código Civil en su Art. 1121, admite implícitamente que las partes pueden revocar el derecho conferido por ellas al tercero siempre y cuando, este no haya declarado su voluntad de aprovecharse de él. Esta equivale a una especie de penalidad civil aplicada a una de las partes contratantes como consecuencia de una culpa cometida por ella y únicamente produce efectos para el porvenir."
DERECHO CIVIL,RESILIACION DE LOS CONTRATOS:,"Esta designa todo acto por el cual las partes deshacen ellas mismas el contrato que habían celebrado. Por Ejemplo podemos citar, la resiliación del arrendamiento aquí el contrato desaparece como causa productora de obligaciones antes de haber transcurrido su término normal."
DERECHO CIVIL,QUE ES EL TERMINO:,"Es un acontecimiento futuro o plazo que es cierto, en el sentido de que su realización es inevitable."
DERECHO CIVIL,COMO PUEDE SER EL TERMINO:,Este puede ser: Suspensivo. Que es el plazo concedido a un deudor para pagar su deuda. Extintivo. Este pone fin a la obligación de prestaciones continuas.
DERECHO CIVIL,QUE ES EL TÉRMINO CIERTO:,"No es más que el período fijado para terminar en designado año, mes o día, o comenzado desde la fecha de la obligación o de otra fecha cierta."
DERECHO CIVIL,QUE ES EL TÉRMINO INCIERTO:,Es aquel plazo que está esencialmente constituido por un elemento que debe acontecer es decir que su fecha no puede conocerse con anterioridad.
DERECHO CIVIL,QUE ES EL PLAZO DE DERECHO:,"Es el que se establece con la obligación y que el deudor puede oponer al acreedor, por el hecho mismo de la existencia de la obligación."
DERECHO CIVIL,QUE ES EL PLAZO DE GRACIA:,Es aquel que se opone al plazo de derecho el cual representa un favor individual concedido al deudor por los tribunales. Este no produce todos los efectos que el de derecho.
DERECHO CIVIL,QUE ES EL PLAZO LEGAL:,Es aquel que ha concedido por la ley al deudor.
DERECHO CIVIL,QUE ES EL PLAZO CONVENCIONAL:,Es el que se ha pactado en el convenio ya sea de manera expresa o tácitamente.
DERECHO CIVIL,A FAVOR DE QUIEN SE ESTABLECE EL PLAZO:,Se presume que el plazo es estipulado a favor del acreedor siempre y cuando no se convenga que en la misma estipulación o en sus circunstancias se conviniera a favor del acreedor.
DERECHO CIVIL,EXPLIQUE QUE SIGNIFICA VENCIMIENTO ANTICIPADO DEL PLAZO:,"Es cuando el deudor haya disminuido, por hechos propios las garantías pactadas en el contrato, a favor de su acreedor."
DERECHO CIVIL,CUALES SON LOS EFECTOS DEL PLAZO:,"Nace el derecho - No se puede demandar su cumplimiento - No opera la prescripción - Se pueden impetrar medidas conservativas - Se puede novar (sustituir con una obligación, otra otorgada anteriormente, la cual queda anulada) - Se puede renunciar por quien lo tiene en su beneficio."
DERECHO CIVIL,DEFINA QUE ES LA CONDICION:,"Es un acontecimiento futuro e incierto, del cual depende la formulación del contrato. Mientras esta esté pendiente del contrato no existe todavía al realizarse la condición, las obligaciones nacen con efecto retroactivo."
DERECHO CIVIL,ENUMERE Y DEFINA LAS PRINCIPALES VARIEDADES DE LA CONDICION:,"Condición Suspensiva y Resolutoria. Es suspensiva, cuando afecta la existencia de la obligación o del contrato. Y resolutoria cuando se refiere a la extinción retroactiva de un derecho. Condiciones Causales, Potestativas o Mixta. Las causales se identifican con un acontecimiento que en su esencia depende del azar. La potestativa, hace depender la obligación de un acontecimiento que una de las partes puede impedir. En cuanto a la mixta, depende de la voluntad de una de las partes y de un tercero. Condiciones Posibles o Imposibles, Lícitas e Ilícitas, Positivas y Negativas. Las imposibles, son las constituidas por un acontecimiento que no puede realizarse. La ilícita, es la contraria a la ley. La positiva, se refiere a un acontecimiento que debe realizarse. Y es negativa, cuando se trata de un acontecimiento que no debe realizarse."
DERECHO CIVIL,EXPLIQUE EN QUE CONSISTE LA REALIZACION DE LA CONDICION:,"Esta consiste en que la misma se ha realizado acorde a como las partes la hayan pactado verdaderamente. No debe existir fraude y se reputará realizada la condición, siempre que el deudor haya impedido su cumplimiento."
DERECHO CIVIL,CUALES SON LOS EFECTOS DE LA CONDICION SUSPENSIVA:,"Antes del cumplimiento: Su efecto suspensivo es mucho más firme que el del plazo. El derecho sujeto a una condición suspensiva, no existe la condición impide su nacimiento mismo y por otro lado se ignora si ese derecho nacerá algún día. Después de su cumplimiento: El derecho o la obligación suspendida por ella, nace, produciendo efectos retroactivos. Cuando la condición se realiza, el acto condicional se considera como si siempre hubiera sido puro y simple. En caso de que no se realice la condición, el acto se considera como si nunca hubiere existido es un acto inútil. No produjo ningún efecto y se tiene la certeza de que nunca los producirá puesto de que no se realizo la condición de que dependía."
DERECHO CIVIL,CUALES SON LOS EFECTOS DE LA CONDICION RESOLUTORIA EXPRESA:,"Mientras esta condición no es realizada, se considera el contrato como puro y simple. Si de manera definitiva no se realiza la condición resolutoria expresa, el contrato se convierte en definitivo. Si se realiza esta condición, el vendedor vuelve a ser propietario de pleno derecho y los tribunales no pueden conceder un plazo. Si las partes declararon en un contrato sinalagmático, que se verificaría su resolución de pleno derecho, si no se cumplen estos términos, entonces el juez intervendrá únicamente para la interpretación del contrato."
DERECHO CIVIL,CUALES SON LOS EFECTOS DE LA CONDICION RESOLUTORIA TACITA:,"Esta condición se sobreentiende siempre en los contratos sinalagmáticos (contrato bilateral) para cuando una de las partes no cumpla con su obligación. La parte afectada (a la que no se le cumplió lo pactado), puede exigirle a la otra el cumplimiento del contrato, en caso de que sea posible, o pedir la rescisión del mismo y el pago por daños y perjuicios. La rescisión debe pedirse judicialmente y el juez puede conceder al demandado un término proporcionado a las circunstancias."
DERECHO CIVIL,EXPLIQUE EN QUE CONSISTE LA TEORIA DE LOS RIESGOS:,"Primero, que se trata de un contrato sinalagmático, el cual produjo obligaciones de dar - Segundo, que una de las obligaciones, por lo menos recae en una cosa cierta y determinada - Tercero, que la cosa cierta y determinada, pereció por caso fortuito o fuerza mayor. Esta teoría, en definitiva lo que establece es que la cosa perece para el acreedor."
DERECHO CIVIL,QUE ES LA PRUEBA:,Es la acción y efecto de probar y probar es demostrar de algún modo la certeza de un hecho o la verdad de una afirmación.
DERECHO CIVIL,QUE SE ENTIENDE POR CARGA DE LA PRUEBA Y A CARGO DE QUIEN SE ESTABLECE ESTA:,"La carga de la prueba, no es más que la obligación de las partes intervinientes en un proceso civil de probar los hechos fundamentadores de la norma que le es favorable si se pretende probarlos. Esta se establece a cargo de quien invoca en su favor una relación de derecho o una situación jurídica."
DERECHO CIVIL,EN QUE CONSISTE LA PRUEBA DOCUMENTAL:,"Es el medio de prueba por excelencia, aplicable a los actos jurídicos (acto voluntario lícito, tienen por finalidad establecer entre personas relaciones jurídicas, crear, modificar, transferir, conservar o aniquilar derechos), en oposición a los hechos jurídicos (acontecimiento susceptible de producir alguna adquisición, modificación, transferencia o extinción de las obligaciones) propiamente dichos."
DERECHO CIVIL,QUE ES UN DOCUMENTO AUTENTICO:,"Es aquel documento que es autorizado por un oficial público competente, en relación a la naturaleza de los hechos que constan en él y al lugar donde se ha redactado."
DERECHO CIVIL,QUE ES UN DOCUMENTO PRIVADO:,"Es el redactado con intención de comprobar un acto jurídico pero sin que intervenga un oficial público. Este se opone al documento auténtico ya que es redactado por personas privadas, y firmado sin estar sujetos a ninguna condición de forma."
DERECHO CIVIL,CUAL ES LA FUERZA PROBATORIA DE LOS DOCUMENTOS PRIVADOS:,"Esta está reconocida en el código civil Dominicano principalmente en sus articulados del 1322 al 1326 los cuales entre otras cosas establecen claramente que el acta o documento privado reconocido por aquel a quien se opone, o reconocido legalmente, produce entre sus autores herederos o causahabientes la misma fe que los documentos públicos."
DERECHO CIVIL,CUALES SON LOS DOCUMENTOS PRIVADOS QUE NO REVISTEN EL CARÁCTER DE DOCUMENTOS INSTRUMENTALES:,"Los Libros de Comercio - Los Registros y Papeles Domésticos - Los Recibos puestos a continuación, al margen y al dorso de un documento - Copia de Títulos - Documentos Recognocitivos y Confirmatorios."
DERECHO CIVIL,QUE ES LA PRUEBA POR JURAMENTO:,"Es invocar como testigo a la Divinidad, sobre la verdad de un hecho que se afirma o como la afirmación solemne de un hecho. Este solo prueba a favor del que lo ha deferido o contra él y de sus herederos y causahabientes, o contra ellos."
DERECHO CIVIL,DEFINA QUE ES LA SOCIEDAD O EL CONTRATO DE SOCIEDAD:,"Es un contrato por medio del cual dos o más personas convienen poner cualquier cosa en común, con objeto de dividirse el beneficio que pueda resultar de ello."
DERECHO CIVIL,CUALES SON LOS ELEMENTOS CONSTITUTIVOS DEL CONTRATO DE SOCIEDAD:,"Una cosa puesta en común es decir, una aportación social efectuada por cada uno de los socios - Los Beneficios por realizar, de orden económico, lo que distingue la sociedad de la asociación - La división entre ellos (socios) de los beneficios y pérdidas demostrando con ello, una voluntad particular."
DERECHO CIVIL,CUALES SON LAS DIVERSAS CATEGORIAS DE SOCIEDADES CIVILES:,Universales - Particulares.
DERECHO CIVIL,EXPLIQUE EL FUNCIONAMIENTO DE LA SOCIEDAD CIVIL:,"Esta funciona de manera tal, que los socios son deudores para con la sociedad esta es administrada por un gerente designado o gerentes designados, en el acta constitutiva o en una posterior o por todos los socios. Las facultades del gerente se las da el acta constitutiva o en su defecto se regirá por la noción de acto de administración. Las obligaciones contraídas por el o los gerentes con terceras personas, serán a cargo de la sociedad y si son todos (los socios) gerentes, uno de ellos no obliga a los demás."
DERECHO CIVIL,DIGA COMO SE DISUELVE LA SOCIEDAD:,"Por el vencimiento del plazo pactado - por la extinción de la cosa o la realización de su objeto - Por la muerte natural de cualquiera de los asociados - Por la muerte civil, la Interdicción o bancarrota de uno de ellos - Por la voluntad de uno solo o de varios de ellos de no continuar en sociedad - Por el incumplimiento de uno de los socios en el pago de su aportación - En el caso de la sociedad de duración limitada, existen motivos de disolución, sujetos a la apreciación de los tribunales."
DERECHO CIVIL,EXPLIQUE COMO SE PRUEBA EL CONTRATO DE SOCIEDAD:,"Como no esta sometido a regla particular, solamente exige que se haga constar por escrito, cuando su valor excede los quinientos francos. Como el contrato de sociedad es sinalagmático, su documento hecho debe levantarse en duplicado, triplicado y otros."
DERECHO CIVIL,DIGA EL CONCEPTO DE CONTRATO DE MANDATO:,"Es un contrato en virtud del cual una persona llamada mandante, encarga a otra, a quien se denomina mandatario, la realización por cuenta de aquella, de actos jurídicos."
DERECHO CIVIL,COMO PUEDE SER EL CONTRATO DE MANDATO:,A título Gratuito - Oneroso.
DERECHO CIVIL,COMO SE PRUEBA EL MANDATO:,"Aplicándole las reglas del derecho común si el objeto es superior a quinientos francos, se requiere de un documento auténtico o privado."
DERECHO CIVIL,CUALES SON LAS CONDICIONES DE FORMA DEL MANDATO:,"Este (el mandato), exige una voluntad expresa de parte del mandante pero es suficiente con la voluntad tácita del mandatario."
DERECHO CIVIL,CUAL ES LA EXTENSION DEL MANDATO:,Puede ser General o Especial y se puede aplicar a todos los negocios del mandante o a algunos de ellos.
DERECHO CIVIL,CUALES SON LAS FACULTADES DEL MANDATARIO:,"Estas se limitan a los actos de administración salvo que en el titulo del mandato, estas estén indicadas."
DERECHO CIVIL,CUALES SON LAS OBLIGACIONES DEL MANDATARIO:,"Tiene la obligación de cumplir exactamente la misión que se le haya encomendado, bajo pena de responder por los daños y perjuicios que se causen. Estas responsabilidades, se aprecian con menos severidad, cuando el mandato es gratuito que cuando es oneroso."
DERECHO CIVIL,CUAL ES EL CONCEPTO DE CONTRATO DE PRESTAMO GENERAL:,"Es un contrato por el cual una persona, llamada Prestatario, entrega a otra, llamada deudor una cosa individualizada o determinadas de cosas fungibles, con la obligación de restituirla en especie o en su equivalente, al expirar el plazo fijado."
DERECHO CIVIL,CUANTAS CLASES DE CONTRATOS DE PRESTAMO HAY Y CUALES SON:,"Hay tres clases de préstamos, a saber: Préstamo de uso o Comodato - Préstamo de consumo o mutuo - Mutuo con Interés."
DERECHO CIVIL,QUE ES EL CONTRATO DE PRESTAMO DE USO O COMODATO:,"Es un contrato por el cual una de las partes, entrega a otra una cosa para servirse de ella con la obligación de devolverla después de haberla usado. Este es gratuito."
DERECHO CIVIL,CONCEPTO DE PRESTAMO DE CONSUMO O MUTUO:,"Es un préstamo que recae sobre cosas fungibles, cuya propiedad se transfiere al deudor."
DERECHO CIVIL,QUE ES EL CONTRATO DE PRESTAMO MUTUO CON INTERES:,"Es aquel cuando el deudor debe restituir la cantidad igual a la que ha recibido, más el interés legal fijado por las partes."
DERECHO CIVIL,CUALES SON LAS CARACTERISTICAS ESPECIFICAS DEL CONTRATO DE PRESTAMO:,Que es un Contrato Real - Que es un contrato Unilateral.
DERECHO CIVIL,"EN EL CONTRATO DE COMODATO, CUALES SON LAS OBLIGACIONES DEL COMODATARIO Y LAS DEL COMODANTE:","Las del Comodatario: Velar por la guarda y conservación de la cosa prestada - No puede hacer de las cosas, más que el uso que determine su naturaleza o el convenio bajo pena de daños y perjuicios. Las del Comodante: No puede él, exigir la entrega de la cosa, antes del vencimiento del término convenido."
DERECHO CIVIL,EN QUE CONSISTE LA CONSTITUCION DE RENTA:,"Consiste en el contrato en virtud del cual, una persona llamada Credirrentista, enajena en provecho de otra, llamada Debirrentista, un capital en dinero, pero que dará origen a una renta. Es decir, al pago de una serie de pensiones, en las condiciones fijadas por los interesados."
DERECHO CIVIL,QUE ES EL ANATOCISMO:,"Consiste en capitalizar los intereses de una suma de dinero, haciéndolos, a su vez, productivos de intereses."
DERECHO CIVIL,QUE ES EL CONTRATO DE DEPOSITO:,"Es un contrato por el cual se recibe un objeto, con obligación de guardarlo y devolverlo en especie. Es un contrato Real."
DERECHO CIVIL,OBLIGACIONES DEL DEPOSITANTE Y DEL DEPOSITARIO:,"Del Depositante: Reembolsar al depositario, los gastos realizados para la conservación de la cosa - Reparar las pérdidas ocasionadas a dicho depositario - Pagarle una retribución si se ha estipulado. Del Depositario: Velar por la guarda y conservación de la cosa estando sujeto, a la culpa Levis in Concreto (es la culpa que incurrirá un deudor, por no poner en los negocios ajenos, las diligencias que pone en los asuntos propios) - No puede servirse de la cosa depositada y debe restituirla."
DERECHO CIVIL,QUE ES EL DEPOSITO NECESARIO:,"Es el depósito efectuado bajo la fuerza de una necesidad absolutamente imperiosa, con objeto de sustraer la cosa depositada a una perdida inminente."
DERECHO CIVIL,QUE ES EL DEPOSITO HOTELERO:,No es más que cuando los posaderos son responsables como depositarios de los efectos llevados por los viajeros que alberguen en su casa y es considerado como depósito necesario.
DERECHO CIVIL,QUE ES EL DEPOSITO IRREGULAR:,"Es el contrato por medio del cual el depositario no está obligado a devolver la cosa depositada, sino el equivalente en cosas de la misma especie y calidad."
DERECHO CIVIL,QUE ES CONTRATO DE VENTA:,"Es la expresión de la transmisión de la obligación a título particular y oneroso es decir, que es el contrato por el cual una persona llamada Vendedor, se obliga a transferir a otra (comprador), la propiedad de una cosa, mediante una contraprestación en dinero, llamado precio."
DERECHO CIVIL,CUALES SON LOS ELEMENTOS CONSTITUTIVOS DEL CONTRATO DE VENTA:,Es un contrato fundamentado en el consensualismo - Transmisión de un derecho Real - El pago de una prestación.
DERECHO CIVIL,QUE ES LA PROMESA DE VENTA:,No es más que cuando una persona se compromete con otra a celebrar una venta o por el contrario a comprar una cosa.
DERECHO CIVIL,QUE ES LA VENTA CON ARRAS:,"Es el equivalente a una suma de dinero entregada por una de las partes a titulo, sea de prueba del contrato, o como medio de liberarse de él."
DERECHO CIVIL,CUALES SON LAS MODALIDADES DE CONSENTIMIENTO EN EL CONTRATO DE VENTA:,"Del consentimiento en materia de venta - Promesa de venta y Arras - Venta de cosas que se miden, gustan o prueban (modalidades del consentimiento) - De la cosa vendida y del precio - Capacidad en materia de venta."
DERECHO CIVIL,EXPLIQUE EN QUE CONSISTE LA LESION EN EL CONTRATO DE VENTA:,"Consiste en que si el vendedor ha sido lesionado en más de la siete duodécimas partes del precio de un inmueble, tiene derecho a pedir la rescisión de la venta, aunque haya renunciado expresamente a ella en el contrato, o declarado que donaba el excedente."
DERECHO CIVIL,CUALES SON LAS OBLIGACIONES DEL VENDEDOR Y DEL COMPRADOR EN EL CONTRATO DE VENTA:,OBLIGACION DEL VENDEDOR: Obligación de la entrega - Obligación de garantía. DEL COMPRADOR: Obligación de pagar el precio - Obligación de recibir la cosa.
DERECHO CIVIL,QUE ES LA RETROVENTA:,"Es la cláusula por la cual el vendedor se reserva recuperar la cosa vendida, mediante la restitución del precio y de ciertos accesorios, en un plazo máximo de cinco años."
DERECHO CIVIL,EN QUE CONSISTE LA VENTA DE DERECHOS HEREDITARIOS:,"Se refiere a la sucesión recibida por una persona y que enajena en provecho de un coheredero o de un tercero por tanto, se trata de una venta que opera la transmisión a título universal."
DERECHO CIVIL,EN QUE CONSISTE LA LICITACION:,Consiste en una venta en subasta de un bien indiviso con objeto de hacer cesar la indivisión.
DERECHO CIVIL,EN QUE CONSISTE LA CESION Y LA TRANSMISION DE DERECHOS LITIGIOSOS:,"En cuanto a la cesión: El deudor de un crédito cedido puede liberarse de la deuda, pagando al cesionario el precio real de la cesión con los gastos y costas líquidos y los intereses contados desde el día en que el cesionario haya pagado el precio de la cesión. La transmisión de derechos litigiosos: Consiste en que tan pronto como exista una cuestión judicial sobre el fondo del derecho, se reputa que la cosa esta litigiosa."
DERECHO CIVIL,QUE ES LA DACION EN PAGO Y VENTA:,"Se ha pretendido indicar que la dación en pago, es una venta sin embargo, únicamente se admite que la dación en pago es una Novación por cambio de objeto, acompañada de la ejecución inmediata de la nueva obligación."
DERECHO CIVIL,QUE ES LA PERMUTA:,"Es un contrato por el cual, las partes se dan respectivamente una cosa por otra. Esta se efectúa al igual que la venta, por el solo consentimiento."
DERECHO CIVIL,QUE ES EL CONTRATO DE ARRENDAMIENTO?,"Es un contrato por el cual una persona se obliga a procurar a otra, el goce de una cosa mueble o inmueble, durante un tiempo determinado y mediante cierto precio es decir, un precio proporcional al tiempo."
DERECHO CIVIL,COMO SE PRUEBA EL CONTRATO DE ARRENDAMIENTO DE COSAS?,"Este se prueba por escrito o verbal cuando es por escrito, no hay nada que decir particularmente. Ahora bien, cuando se trata verbalmente (juramento), este (el arrendamiento), solo puede deferirse a quien lo niegue. Cuando el arrendamiento verbal se haya cumplido parcialmente y se discute su precio se le dará fe al propietario bajo su juramento, siempre y cuando el inquilino no quiera el avalúo de peritos en cuyo caso si lo prefiere, los gastos en que se incurra, Irán por su cuenta, si el precio de los mismos (de los peritos) está por encima del declarado."
DERECHO CIVIL,CUAL ES LA DURACION POSIBLE DEL CONTRATO DE ARRENDAMIENTO DE COSAS?,"Su duración máxima es de 99 años mas allá de este límite, el contrato se considera absolutamente nulo ya que los tribunales no pueden reducir su duración."
DERECHO CIVIL,CUALES SON LOS EFECTOS DEL ARRENDAMIENTO DESDE EL PUNTO DE VISTA DE LAS OBLIGACIONES DEL ARRENDADOR?,"El arrendador debe entregar la cosa en buen estado, haciendo todas las reparaciones necesarias - Debe garantizar al arrendador por todos los vicios o defectos de la cosa arrendada, que impiden su uso, aun cuando hubieron sido ignorados por el arrendador al celebrar el contrato - El arrendador debe procurar al arrendatario el goce pacifico de la cosa arrendada esto quiere decir, que no debe perturbar por si mismo al arrendatario y que además, debe garantizarlo contra todas las perturbaciones de derecho, evocando el contrato de venta."
DERECHO CIVIL,CUALES SON LOS EFECTOS DEL ARRENDAMIENTO CONSIDERADO DESDE EL PUNTO DE VISTA DEL ARRENDATARIO?,"Pagar la renta pactada - Usar la cosa como administrador diligente y cuidadoso y conforme al destino de esta es decir, la obligación para el arrendatario de hacer las reparaciones locales necesarias - Vigilar por la conservación de la cosa - Restituir la cosa al terminar el arrendamiento."
DERECHO CIVIL,CUAL ES LA RESPONSABILIDAD DEL ARRENDATARIO EN CASO DE INCENDIO?,"El arrendatario será responsable de este siempre y cuando no demuestre que el mismo fue causado fortuitamente, por fuerza mayor, o por vicio en la construcción o que dicho fuego provino de una casa vecina. Cuando hay varios inquilinos, todos son solidariamente responsables por el incendio siempre que no se demuestre que el incendio tuvo su origen en la habitación de uno de ellos, en cuyo caso, este será únicamente responsable por el mismo."
DERECHO CIVIL,EXPLIQUE EN QUE CONSISTE EL SUBARRENDAMIENTO Y LA CESION DE ARRENDAMIENTO?,"Consiste en que el inquilino tiene derecho a subarrendar y ceder el arrendamiento a tercera persona siempre que no se le haya privado de esta facultad, lo que se puede hacer total o parcialmente. Esta cláusula es siempre expresa."
DERECHO CIVIL,CUALES SON LAS CAUSAS DE TERMINACION DEL ARRENDAMIENTO?,"Art. 1737 Termina de pleno a la expiración del término fijado, cuando se hizo por escrito, sin necesidad de notificar el desahucio."
DERECHO CIVIL,CUAL ES LA NATURALEZA DEL DERECHO DE ARRENDAMIENTO?,"CONTRATO CONSENSUAL: No requiere ninguna forma de validez del contrato de arrendamiento de cosas, que puede celebrarse verbalmente. CONTRATO A TITULO ONEROSO: El precio, es un elemento esencial del arrendamiento de cosas: La situación de una cosa a disposición de una persona, a título gratuito, es un comodato, y no un arrendamiento a falta de precio, el contrato de arrendamiento de cosas es nulo. CONTRATO SINALAGMATICO: El arrendamiento crea obligaciones con cargo a las dos partes. Así, pues se le aplican al arrendamiento las reglas de la excepción Non Adimpleti Contractus, de la teoría del riesgo y la de la resolución judicial. CONTRATO DE CUMPLIMIENTO SUCESIVO: Las obligaciones que contraer, pesan sobre las partes durante todo el transcurso del arrendamiento. En principio, la duración del contrato se fija libremente por las partes sin embargo, leyes recientes le suelen conceder al arrendatario el derecho a mantenerse en la finca o el derecho a la revocación del arrendamiento."
DERECHO CIVIL,QUE ES EL ARRENDAMIENTO ENFITEUTICO?,"(Dar en arrendamiento por un plazo que permita plantarla) Especie de vinculación inmueble consistente en un derecho de goce sobre la cosa ajena, a largo plazo, (de 18 a 99 años) cesible, embargable, hipotecable, y resultante de un contrato especial, la locación enfitéutica. No existe como figura en nuestro Código."
DERECHO CIVIL,QUE ES LA APARCERIA?,"Es el contrato hecho por el propietario de los animales por el cual este se obliga a dividir el provecho o disfrute y a quien se les confía un bien durante cierto tiempo, y por un precio determinado."
DERECHO CIVIL,DEFINA CONTRATOS ALEATORIOS?,"Son convenios recíprocos, cuyos efectos de pérdidas y beneficios, por las partes, para una de ellas o por muchas de ellas, según sea el caso, dependen de un suceso incierto. Por ejemplo podemos citar, el contrato de seguro, préstamo a la gruesa, el juego y apuesta, y otros."
DERECHO CIVIL,DEFINA CONTRATO DE SEGUROS?,"Es el contrato por el cual una persona llamada asegurador, promete a otra, llamada asegurado, indemnizarlo de una perdida eventual a la cual está expuesta, mediante una suma prima pagada por el asegurado al asegurador."
DERECHO CIVIL,¿Qué se entiende por derecho de familia?,"El Derecho de familia, es el conjunto de normas e instituciones jurídicas que regulan las relaciones personales y patrimoniales de los miembros que integran la familia, entre sí y respecto de terceros. Tales relaciones se originan a partir del matrimonio y del parentesco. Es el elemento natural y fundamental de la sociedad y tiene derecho a la protección de la sociedad y del Estado. Engloba a todas las personas unidas por un lazo de parentesco o de afinidad, se extiende a todos los límites lejanos que nuestro derecho positivo establece en el duodécimo grado, en esta acepción descansa a la vez en la comunidad de sangre, en el matrimonio y en la adopción. En sentido mucho más restringido y muy diferente, designa la familia las personas que viven bajo el mismo techo: padre, madre, hijos, y si hubiere lugar nietos y aun colaterales. Es la agrupación restringida constituida por el padre, la madre, los hijos."
DERECHO CIVIL,¿Cuál es el origen del concepto de familia?,"La familia tiene su origen en el establecimiento de una alianza entre dos o más grupos de descendencia a través del enlace matrimonial entre dos de sus miembros. La familia está constituida por los parientes, es decir, aquellas personas que por cuestiones de consanguinidad, afinidad, adopción u otras razones diversas, hayan sido acogidas como miembros de esa colectividad."
DERECHO CIVIL,¿Cuál es la importancia social de la familia?,"La Familia es la base de la sociedad civil, solamente en la familia las personas pueden ser debidamente criadas, educadas y recibir la formación de su carácter que les hará buenos hombres y buenos ciudadanos. La familia es lo mas importante y cuidadoso que debemos tener. Tener una buena familia es construir una buena educación y formación para nuestros hijos. La familia deben ser unidas en todas las situaciones que la vida nos da en una familia debemos de tener comprensión, respeto, dialogo, colaborarse y tratar que juntos las cosas se un poco mas fácil el reflejo de una familia se ve en los formación y educación de sus hijos. El deber como padres es tratar de darles a los hijos un buen ejemplo para que en el futuro ellos tengan una buena familia. La familia siempre ha sido y es, el principal pilar de la sociedad. Es el lugar donde los miembros nacen, aprenden, se educan y desarrollan. Debe ser refugio, orgullo y alegría de todos sus miembros."
DERECHO CIVIL,Que es el Contrato de Matrimonio?,"El matrimonio es un contrato por el cual el hombre y la mujer se unen jurídicamente con la intención de formar una vida en común. El matrimonio es la unión legítima de un hombre y una mujer, para llevar vida en común y fundar un hogar. Es también una ceremonia civil o religiosa destinada a la creación del vínculo del matrimonio. Es La sociedad del hombre y la mujer que se unen para perpetuar su especie, para ayudarse, para socorrerse mutuamente, para llevar el peso de la vida y compartir su común destino. Es la unión del hombre y de la mujer contraída solemnemente y de conformidad con la Ley civil se deduce de esta definición que el matrimonio es un contrato que dicho contrato es solemne, que se manifiesta en una asociación de personas, que cae bajo la jurisdicción de la ley civil."
DERECHO CIVIL,Parentesco.,"Es el lazo que existe tanto entre personas de las cuales una desciende de la otra (hijos y padre, nietos y abuelo), como entre personas que descienden de un progenitor común (hermanos y hermanas, primos). En el primer caso el parentesco es directo y en el segundo es colateral. Es el vínculo de familia que une a dos personas. Vínculo jurídico entre dos personas en razón de la consanguinidad, del matrimonio o de la adopción."
DERECHO CIVIL,Clases de parentesco.,"Puede ser: por consanguineidad y/o afinidad y se computa en base a la línea y grado. Consanguíneo.- Relación jurídica entre personas que descienden unas de otras o de un tronco común. Afinidad.- Relación jurídica entre una persona y los parientes de su cónyuge. Se adquiere por el matrimonio, y se da entre los parientes consanguíneos del esposo con la esposa y entre los parientes consanguíneos de esta con su cónyuge. El grado de parentesco es idéntico al que tiene el otro cónyuge, es decir, los padres de un cónyuge son padres por afinidad del otro, de igual manera, los hermanos, tíos, etc. Civil.- Relación jurídica entre adoptante y adoptado. Así son parientes en línea recta los que descienden unos de otros y en línea colateral los que sin descender unos de otros, poseen un ascendiente en común. El grado es la cantidad de generaciones que distancian a un pariente de otro, así los hermanos carnales son parientes consanguíneas colaterales en segundo grado. Los hermanos también admiten una clasificación entre carnales (doble conjunción) y paternos o maternos (simple conjunción). Cada generación que separa a un pariente de otro. Forma de contar los grados de parentesco: Se cuenta el número de personas que forman la línea y se suprime al progenitor común así, en línea recta entre el abuelo y el nieto existen tres personas: abuelo, padre y nieto, de modo que el grado de parentesco entre ellos es el segundo. Para contar el parentesco en línea colateral o transversal, se inicia por el extremo de una de ellas, se sube hasta el progenitor común, y se baja hasta el otro pariente por la línea correspondiente, de tal manera, entre dos hermanos el grado de parentesco es el segundo o, entre tío y sobrino, el grado de parentesco es el tercero, de igual manera que en el parentesco en línea recta, se suprime al progenitor común. Línea: Sucesión de grados. Clases de líneas: Recta Ascendente o descendente: es la relación jurídica entre personas que descienden unas de otras, sin limitación de grado. Colateral o trasversal: Relación jurídica entre personas que descienden de un progenitor común, hasta el cuarto grado. Paterna o materna."
DERECHO CIVIL,¿Cuáles son las condiciones requeridas para celebrar matrimonio?,"El hombre antes de los 18 años y la mujer antes de cumplir los 15 años, no pueden contraer matrimonio. Art. 144, Código Civil. No existe matrimonio, si no hay consentimiento. Art. 145 Código Civil. No se puede contraer segundo matrimonio sin la disolución del primero. Art. 146 C.C. El hijo que no haya cumplido 25 años, y la hija que no haya cumplido 21 años, no pueden contraer matrimonio sin el consentimiento de sus padres. Art. 148 C.C. Si ha muerto uno de los dos cónyuges o esta imposibilitado de manifestar su voluntad, basta el consentimiento del otro. Art. 149 c.c. Si han muertos los padres o están imposibilitado de manifestar su voluntad, lo reemplazarán los abuelos, y si hay disentimiento entre las dos líneas, el empate produce el consentimiento. Art. 150. Los hijos de familia que hayan llegado a la mayor de edad definida en el art. 148 están obligados antes de contraer matrimonio, a pedir acto formal y respetuoso el consejo de sus padres, o el de sus abuelos cuando aquello hubieren muerto o no puedan manifestar su voluntad. Desde la mayor edad de treinta años cumplidos en los hijos y 25 en las hijas, el acto respetuoso prescrito por el art. Precedente, sobre el cual no hubiere recaído consentimiento, se producirá otras dos veces, de mes en mes después de la tercera petición se podrá celebrar el matrimonio. Cumplido los treinta años, podrá celebrarse el matrimonio un mes después de la petición respetuosa de consejo a la que no haya seguido el consentimiento. La petición respetuosa se notificará a aquel o a aquellos de los ascendientes designados en el artículo 151 por dos notarios o por un notario y dos testigos, y en el expediente que al efecto debe formarse, se hará mención de la respuesta. Art. 155.- En caso de ausencia del ascendiente, al cual debe hacerse la petición respetuosa, se pasará a la celebración del matrimonio, exhibiendo la sentencia declaratoria de la ausencia y en defecto de dicha sentencia, de la que hubiere dispuesto la información, o si no se hubiere practicado, un acta de notoriedad por el Juez de Paz del lugar en que el ascendiente haya tenido su último domicilio conocido. El acta contendrá la declaración de cuatro testigos llamados de oficio por aquel funcionario. Art. 156.- Los oficiales del estado civil que hayan procedido a la celebración de matrimonios de hijos o hijas de familia, menores respectivamente de veinticinco y veintiún años cumplidos, sin que en el acta de matrimonio se mencione el consentimiento de los padres, abuelos o familia en los casos correspondientes serán, a instancia de las partes interesadas o del fiscal hecha al tribunal de primera instancia del lugar en que el matrimonio se haya celebrado, condenados a la multa fijada en el artículo 192 además a una prisión, que no durará menos de seis meses. Art. 157.- Cuando en los casos prescritos no hubieren precedido al matrimonio las peticiones respetuosas de consejo, el oficial del estado civil que lo hubiere celebrado será condenado a la misma multa y a prisión por lo menos de un mes. Art. 158.- Las disposiciones contenidas en los artículos 148 y 149 y las de los artículos 151 y 155, relativas a la petición respetuosa que debe hacerse a los padres en los casos previstos en dichos artículos, son aplicables a los hijos naturales legalmente reconocidos. Art. 159.- El hijo natural que no haya sido reconocido, y el que después de haberlo sido, haya perdido sus padres, o si no pueden estos manifestar su voluntad, no podrá casarse antes de pasar los veinticinco años sin obtener previamente el consentimiento de un tutor nombrado ad hoc. Art. 160.- Si no existen los padres o abuelos o hubiese imposibilidad de manifestar su voluntad, los hijos o hijas menores de veintiún años no pueden contraer matrimonio sin el consentimiento del consejo de familia. Art. 161.- En la línea directa el matrimonio está prohibido entre todos los ascendientes y descendientes legítimos o naturales y los afines en la misma línea. Art. 162.- En la línea colateral se prohíbe el matrimonio entre hermanos legítimos o naturales, y los afines del mismo grado. Art. 163.- También se prohíbe el matrimonio entre tío y sobrina o tía y sobrino. Art. 164.- Sin embargo, por causas graves, podrá el Gobierno dispensar las prohibiciones establecidas respecto de los cuñados por el artículo 162, y por el artículo 163 entre tío y sobrina y tía y sobrino."
DERECHO CIVIL,¿Clasifique y enumere las prohibiciones para la celebración del Matrimonio?,"Tiene derecho a oponerse a la celebración de un matrimonio, la persona casada ya con una de las partes contrayentes. 1o) La consanguinidad entre ascendientes y descendientes sin limitación 2o) La consanguinidad entre hermanos o medio hermanos 3o) El vínculo derivado de la adopción plena, en los mismos casos de los incisos 1o), 2o) y 4o). El derivado de la adopción simple, entre adoptante y adoptado, adoptante y descendiente o cónyuge del adoptado, adoptado y cónyuge del adoptante, hijos adoptivos de una misma persona, entre sí, y adoptado e hijo del adoptante. Los impedimentos derivados de la adopción simple subsistirán mientras esta no sea anulada o revocada. 4o) La afinidad en línea recta en todos los grados 5o) Tener la mujer menos de dieciséis años y el hombre menos de dieciocho años 6o) El matrimonio anterior, mientras subsista 7o) Haber sido autor, cómplice o instigador del homicidio doloso de uno de los cónyuges 8o) La privación permanente o transitoria de la razón, por cualquier causa que fuere 9o) La sordomudez cuando el contrayente afectado no sabe manifestar su voluntad en forma inequívoca por escrito o de otra manera. Art. 173.- El padre, y en su defecto la madre, y a falta de ambos los abuelos y abuelas, pueden oponerse al matrimonio de sus hijos y descendientes, aunque estos tengan veinticinco años cumplidos. Art. 174.- En defecto de ascendientes, los hermanos, tíos o primos hermanos, no pueden oponerse sino en los dos casos siguientes: Primero: Cuando no se haya obtenido el consentimiento del consejo de familia preceptuado en el artículo 160. Segundo: Cuando la oposición se funde en el estado de demencia del futuro esposo: esta oposición podrá desestimarla el tribunal sin forma de juicio no se recibirá nunca sino contrayendo el opositor la obligación de provocar la interdicción y de obtener sentencia en el plazo fijado por el Tribunal. Art. 175.- En los casos previstos en el artículo precedente, el tutor o curador no podrá en tanto que dure la tutela o curatela hacer oposición mientras no sea autorizado por un consejo de familia que podrá convocar. Art. 176.- Todo acto de oposición deberá enunciar la cualidad en virtud de la cual tiene el opositor el derecho de formularla expresará la elección de domicilio, el lugar en que debe celebrarse el matrimonio y, a menos que sea hecha a instancia de un ascendiente, debe contener los motivos de la oposición: todo esto bajo pena de nulidad y de la suspensión del oficial ministerial que hubiere firmado el acto de oposición. Art. 177.- El tribunal de primera instancia pronunciará en los diez días su fallo sobre la demanda. Art. 178.- Si hubiere apelación, se decidirá en los diez días del emplazamiento. Art. 179.- Si se desestima la oposición, los opositores, excepto los ascendientes, podrán ser condenados a indemnización de daños y perjuicios."
DERECHO CIVIL,Explique en qué consisten las nulidades del matrimonio civil?,"La nulidad matrimonial civil implica la invalidación del matrimonio por la existencia de un vicio o defecto esencial en su celebración. El matrimonio puede ser declarado nulo cuando se ha celebrado sin el consentimiento libre de ambos esposos, entre personas menores de edad no emancipadas, personas que están casadas. La nulidad del matrimonio puede ser solicitada por cualquiera de los cónyuges o aquel de ellos cuyo consentimiento no haya sido libre y cuando haya habido error por aquel de ellos que haya padecido el error. El acto debe ser anulable, es decir estar viciado de nulidad relativa. El autor de la confirmación debe tener conocimiento preciso del vicio que afecta el acto y la intención de subsanarlo (la prueba de ese conocimiento y esa intención esta sometidos a reglas precisas). La confirmación debe producirse momento tal exenta de vicios de manera especial del vicio que se pretende borrar. Conforme a las disposiciones del artículo 1338 del Código Civil, la confirmación puede ser expresa o tácita. El párrafo primero de dicho artículo exige que el documento que acredite la confirmación contenga tres menciones: Primero la sustancia de la obligación, es decir las cláusulas principales del contrato confirmado - La mención del motivo de la acción de rescisión, o sea la naturaleza del vicio - La intención de subsanar el vicio. Art. 180.- El matrimonio realizado sin el consentimiento libre de ambos esposos o de uno de ellos, no puede ser impugnado más que por los contrayentes o por aquel de ellos cuyo consentimiento no haya sido libre. Cuando haya habido error en la persona, el matrimonio podrá únicamente ser impugnado por el cónyuge que haya padecido el error. Art. 181.- En el caso del artículo precedente, no es admisible la demanda de nulidad, si los esposos hubieren hecho vida común continuada durante los seis meses posteriores al momento en que el cónyuge hubiere recobrado su plena libertad de acción o en que hubiere reconocido el error. Art. 182.- El matrimonio contraído sin el consentimiento de los padres, de los ascendientes, o del consejo de familia, en los casos en que es necesario este, no puede ser impugnado sino por las personas cuyo consentimiento era indispensable, o por aquel de los cónyuges que tuviere necesidad del consentimiento. Art. 183.- No puede intentarse la acción de nulidad ni por los cónyuges ni por aquellos cuyo consentimiento era preciso, siempre que hubiesen previamente y de una manera expresa o tácita, aprobado el matrimonio, o cuando hubieren dejado transcurrir un año sin hacer reclamación alguna, a pesar de tener conocimiento del matrimonio. Tampoco puede ser intentado por el cónyuge, cuando haya dejado transcurrir un año después de cumplir la mayor edad en que ya no es necesario el consentimiento. Art. 184.- Todo matrimonio contraído en contravención a las prescripciones contenidas en los artículos 144, 147, 161, 162 y 163, puede ser impugnado por los mismos esposos, o por todos aquellos que en ello tengan interés, y por el Ministerio Público. Art. 185.- Sin embargo, el matrimonio contraído por esposos que no tuvieren ambos o el uno de ellos la edad exigida, no podrá ser impugnado. Primero: Cuando hayan pasado seis meses después de haber cumplido la edad. Segundo: Cuando la mujer que no tuviese la edad haya concebido antes de terminar los seis meses. Art. 186.- Los padres, ascendientes y familia que hayan consentido el matrimonio contraído en las condiciones a que el artículo anterior se refiere, no podrán pedir la nulidad. Art. 187.- En todos los casos en que con arreglo al artículo 184 se pueda intentar la acción de nulidad por todos los que en ello tengan interés, no puede, sin embargo, serlo por los parientes colaterales o por los hijos nacidos de otro matrimonio contraído por el cónyuge superviviente, a no ser en el caso de tener un interés de actualidad. Art. 188.- El esposo en cuyo perjuicio se haya contraído un segundo matrimonio, puede pedir la nulidad aun en vida del cónyuge unido a él. Art. 189.- Si los nuevos esposos oponen la nulidad del primer matrimonio, la validez o nulidad de este debe resolverse previamente. Art. 190.- El Fiscal, en todos los casos a los cuales pueda aplicarse el artículo 184, y con las modificaciones indicadas en el 185, puede y debe pedir la nulidad del matrimonio, en vida de los dos cónyuges, y solicitar la separación. Art. 191.- Todo matrimonio que no se haya celebrado ante el oficial público competente, puede ser impugnado por los mismos esposos, por los padres, por los ascendientes y por todos los que tengan un interés de actualidad, como también por el ministerio público. Art. 192.- Si al matrimonio no han precedido los dos edictos legales, o si no se han obtenido las dispensas prescritas por la ley, o si los intervalos prevenidos entre los edictos y la celebración no han sido observados, el Fiscal hará que se imponga al oficial público una multa que no exceda de sesenta pesos y contra los contrayentes, o aquellos bajo cuyo poder o jurisdicción han obrado, una multa proporcional a su fortuna. Art. 193.- Las penas establecidas en el artículo precedente se impondrán a las personas en el mismo indicadas, por toda infracción de las reglas prescritas en el artículo 165, aunque aquellas infracciones no se hayan considerado bastantes para declarar la nulidad del matrimonio. Art. 194.- Nadie puede reclamar el título de esposo ni disfrutar de los efectos civiles del matrimonio, si no presenta un acta de celebración inscrita en el registro civil excepto en los casos prescritos en el artículo 46, en el título de las Actas del Estado Civil. Art. 195.- La posesión de estado no dispensará a los pretendidos esposos que respectivamente la invoquen, de la obligación de presentar el acta de celebración del matrimonio ante el Oficial del Estado Civil. Art. 196.- Cuando haya posesión de estado y se haya presentado el acta de celebración de matrimonio ante el oficial del estado civil, no podrán los esposos presentar demanda de nulidad de aquel acto. Art. 197.- Si a pesar de esto, en el caso de los artículos 194 y 195, existen hijos nacidos de dos personas que hayan vivido públicamente como esposos y que hayan muerto, la legitimidad de los hijos no puede ser puesta en duda, con el solo pretexto de defecto de presentación del acta de celebración, siempre cuando esta legitimidad se pruebe por una posesión de estado que no sea contradicha por el acta de nacimiento. Art. 198.- Cuando la prueba de una celebración legal de matrimonio se adquiera por el resultado de un procedimiento criminal, la inscripción de la sentencia en los registros del estado civil asegura al matrimonio, a contar desde el día de su celebración, todos los efectos civiles, lo mismo con relación a los esposos que a los hijos nacidos de este matrimonio. Art. 199.- Si los esposos o uno de ellos han muerto sin descubrir el fraude, pueden intentar la acción criminal, el Fiscal y todas las personas que tengan interés en declarar válido el matrimonio. Art. 200.- Si el Oficial Público ha muerto antes del descubrimiento del fraude, la acción civil se intentará contra sus herederos por el Fiscal, en presencia de las partes interesadas y en vista de su denuncia. Art. 201.- El matrimonio declarado nulo, produce sin embargo, efectos civiles lo mismo respecto a los cónyuges que a los hijos, cuando se ha contraído de buena fe. Art. 202.- Si únicamente uno de los esposos hubiere procedido de buena fe, el matrimonio produce, sólo en su favor y en el de los hijos, efectos civiles."
DERECHO CIVIL,¿Cuál es el concepto de régimen matrimonial?,"El régimen matrimonial, régimen económico matrimonial o régimen patrimonial del matrimonio es el estatuto jurídico que regula la relación económica en un matrimonio de los cónyuges entre sí y de estos respecto de terceros. Es el conjunto de normas que determinan el status jurídico de los bienes de los esposos durante el matrimonio y al tiempo de su disolución, y que rigen las relaciones pecuniarias de los cónyuges entre sí o con los terceros con quienes contratan."
DERECHO CIVIL,¿Qué diferencias se pueden establecer entre el matrimonio el Régimen matrimonial?,"El matrimonio es una institución fija, igual para todo el que se adhiere a ella, mientras que el régimen matrimonial puede ser variado."
DERECHO CIVIL,¿Cuáles son las diferentes clases de regímenes matrimoniales que se Establecen en nuestra legislación?,"Art. 1399.- La comunidad sea legal o convencional, empieza desde el día en que el matrimonio se ha contraído ante el Oficial del Estado Civil: no puede estipularse que comience en otra época. Regímenes matrimoniales de comunidad: El régimen de la comunidad de bienes muebles y gananciales - El régimen de la comunidad reducidos a los gananciales - El régimen de la comunidad universal. Regímenes matrimoniales de separación de bienes: El régimen sin comunidad - Régimen de separación Stricto sensu - Régimen dotal."
DERECHO CIVIL,¿Qué es el régimen de la comunidad legal de bienes?,"Art. 1400.- La comunidad que se establece por la simple declaración de casarse bajo el régimen de la comunidad, o a falta de contrato. Es cuando los futuros esposos no se acogen a ningún régimen matrimonial, sino que simplemente contraen nupcias y luego se dedican a disfrutar su luna, la ley les atribuye un régimen matrimonial determinado que entre nosotros se denomina Régimen de la comunidad de Bienes Muebles Gananciales."
DERECHO CIVIL,¿Qué se entiende por comunidad legal de bienes a título universal?,"Se trata de un régimen de la comunidad convencional, en el que todos los bienes muebles o inmuebles presentes (los que los esposos al momento de casarse) y futuros (que son lo que obtendrán en el curso del matrimonio) de los esposos, o sus bienes presentes solamente, o solo los futuros, forman parte de la masa común y el que todas las deudas son comunes. Art. 1526.- Los esposos pueden establecer en su contrato de matrimonio, una comunidad universal de sus bienes, lo mismo muebles que inmuebles, presentes y futuros, o solamente de sus bienes presentes, o solamente de sus bienes futuros. Disposiciones comunes a las ocho secciones anteriores."
DERECHO CIVIL,¿Qué es el Régimen dotal?,"Art. 1540.- La dote, bajo este régimen como bajo el del capítulo 2o., es el haber que aporta la mujer al marido para soportar las Cargas del matrimonio. Art. 1541.- Todo lo que constituye la mujer por sí o que se le da en el contrato de matrimonio, es dotal, si no se estipula sobre ella nada en contrario."
DERECHO CIVIL,¿Que se entiende por régimen de comunidad reducida a los gananciales?,"Art. 1498.- Cuando estipulen los esposos que no habrá entre ellos sino una comunidad de gananciales, se reputa que excluyen de ella las deudas respectivas actuales y futuras, y su mobiliario respectivo, presente y futuro. En este caso, y después que cada uno de los esposos ha tomado lo que aportó debidamente justificado, se limita la partición a los gananciales hechos por los esposos, juntos o separados, durante el matrimonio, y procedentes tanto de la industria común, como de las economías hechas con los frutos y rentas de los bienes de los dos esposos. Art. 1499.- Si el mobiliario existente en el momento del matrimonio o heredado luego, no se ha hecho constar por inventario o relación en buena forma, entrará en los gananciales."
DERECHO CIVIL,¿Cuáles son las formalidades requeridas para contraer matrimonio bajo el régimen convencional?,"Art. 1387.- La ley no regula la sociedad conyugal, en cuanto a los bienes, sino a falta de convenciones especiales, que pueden hacer los esposos como juzguen convenientes, siempre que no sean contrarias a las buenas costumbres y además, bajo las modificaciones siguientes."
DERECHO CIVIL,Cuáles son las formalidades requeridas para contraer matrimonio bajo el régimen de la comunidad?,"Art. 1399.- La comunidad sea legal o convencional, empieza desde el día en que el matrimonio se ha contraído ante el Oficial del Estado Civil: no puede estipularse que comience en otra época."
DERECHO CIVIL,¿Cómo se forma el activo que entra a formar parte de la comunidad legal?,"Art. 1401.- La comunidad se forma activamente: 1o. de todo el mobiliario que los esposos poseían en el día de la celebración del matrimonio, y también de todo el que les correspondió durante el matrimonio a título de sucesión, o aun de donación, si el donante no ha expresado lo contrario 2o. de todos los frutos, rentas, intereses y atrasos de cualquier naturaleza que sean, vencidos o percibidos durante el matrimonio, y provenientes de los bienes que pertenecían a los esposos desde su celebración, o que les han correspondido durante el matrimonio por cualquier título que sea 3o. de todos los inmuebles que adquieran durante el mismo."
DERECHO CIVIL,¿Cómo se constituye el pasivo de la comunidad legal de bienes?,"Art. 1409.- (Modificado por la Ley 189-01). Se forma la comunidad pasivamente: 1ro. de todas las deudas mobiliarias en que los esposos estaban gravados el día de la celebración de su matrimonio, o de los que estuvieren gravando las sucesiones que les viene durante el matrimonio, salvo la recompensa por las relativas a los inmuebles propios a uno u otro de los esposos 2do. de las deudas, tanto de capitales, como de rentas o intereses, contraídas por el marido o por la mujer 3ro. de las rentas e intereses solamente de rentas o deudas pasivas, que sean personales a los dos esposos 4to. de las reparaciones usufructuarias de los inmuebles que no entran en comunidad 5to. de los alimentos de los esposos, de la educación y sostenimiento de los hijos y de cualquier otra carga del matrimonio."
DERECHO CIVIL,A cargo de quien se encuentra la administración de los bienes pertenecientes a la comunidad?,"Art. 1421.- (Modificado por la Ley 189-01). El marido y la mujer son los administradores de los bienes de la comunidad. Puede venderlos, enajenarlos o hipotecarlos con el consentimiento de ambos."
DERECHO CIVIL,¿Cuál es la forma en que los esposos contribuyen con las deudas de la comunidad?,"Art. 1510.- La cláusula por la que los esposos estipulan pagar separadamente sus deudas personales, los obliga, desde la disolución de la comunidad, a darse respectivamente cuenta de las deudas que conste han sido pagadas por la comunidad, y en descargo de aquel de los esposos que era deudor. Esta obligación es la misma, haya o no inventario pero si el mobiliario aportado por los esposos no se ha hecho constar por inventario o estado auténtico anterior al matrimonio, pueden los acreedores de cualquiera de los esposos apremiar el pago sobre el mobiliario no inventariado, y sobre cualquier otro valor de la comunidad, sin tener en cuenta ninguna de las excepciones que puedan reclamarse. Los acreedores tienen el mismo derecho sobre el mobiliario que haya recaído en los cónyuges durante la comunidad, si este no hubiere hecho constar también por inventario o estado auténtico. Art. 1511.- Cuando los esposos aportan a la comunidad una suma o un objeto determinado, supone semejante acto el convenio tácito de que esto no puede gravarse con las deudas anteriores al matrimonio el esposo deudor, debe dar al otro cuenta de todas las deudas que disminuyan el importe de lo que prometió aportar. Art. 1512.- La cláusula de separación de deudas, no impide que la comunidad se grave con los intereses y rentas vencidas desde el matrimonio. Art. 1513.- Cuando se ha apremiado a la comunidad por las deudas de uno de los esposos que estaba declarado por contrato, libre y saldo en toda clase de deudas anteriores al matrimonio, tiene el otro cónyuge derecho a una indemnización que se toma bien sea en la parte de la comunidad correspondiente al esposo deudor, o de los bienes personales del mismo, pero en caso de no ser estos bastantes, puede reclamarse esta indemnización por vía de garantía contra el padre, la madre, ascendiente o tutor que lo haya declarado libre y saldo. Esta garantía puede también ejercerse por el marido durante la comunidad, si la deuda proviniese de la parte de la mujer salvo en este caso el reembolso debido por la mujer o sus herederos, a los que salieron garantes, después de la disolución de la comunidad."
DERECHO CIVIL,"¿En qué consiste la aceptación y la renuncia a la comunidad, luego de la disolución del matrimonio?","Art. 1452.- La disolución de la comunidad realizada por la separación, bien sea personal o de bienes, o de estos últimos solamente, no da lugar a los derechos de supervivencia de la mujer pero puede conservar esta la facultad de ejercerlos después de la muerte de su marido."
DERECHO CIVIL,¿Cuáles son los efectos de la aceptación de la comunidad?,"Art. 1467.- Después de la aceptación de la comunidad por la mujer o por sus herederos, se divide el activo y el pasivo se carga de la manera que a continuación se determina. PÁRRAFO I: De la partición del activo. Art. 1468.- Los esposos o sus herederos restituyen a la masa de bienes existentes, todo lo que deben a la comunidad a título de recompensa o de indemnización, según las reglas anteriormente expuestas en la sección segunda de la primera parte del presente capítulo. Art. 1469.- (Modificado por la Ley 189-01). Cada esposo o sus herederos restituye asimismo las sumas que se han sacado de la comunidad, o el valor de los bienes que el esposo haya tomado de ella, para dotar un hijo de otro matrimonio, o para dotar personalmente a un hijo común."
DERECHO CIVIL,¿Cuáles son los efectos de la renuncia a la comunidad?,"Art. 1496.- Todo lo que queda dicho se observará, aun cuando uno de los esposos, o los dos, tengan hijos de precedentes matrimonios. Siempre que la confusión del mobiliario y de las deudas reporten en provecho de uno de los esposos una ventaja superior a la que está autorizada por el artículo 1098 en el título de las donaciones intervivos y de los testamentos, los hijos del primer matrimonio del otro esposo, tendrán acción para pedir la oportuna rebaja."
DERECHO CIVIL,"Se puede afirmar que los bienes aportados por los esposos a la comunidad, se pueden gravar, con deudas anteriores al matrimonio?","Según los Arts. de Código C.: Art. 1512.- La cláusula de separación de deudas, no impide que la comunidad se grave con los intereses y rentas vencidas desde el matrimonio. Art. 1513.- Cuando se ha apremiado a la comunidad por las deudas de uno de los esposos que estaba declarado por contrato, libre y saldo en toda clase de deudas anteriores al matrimonio, tiene el otro cónyuge derecho a una indemnización que se toma bien sea en la parte de la comunidad correspondiente al esposo deudor, o de los bienes personales del mismo, pero en caso de no ser estos bastantes, puede reclamarse esta indemnización por vía de garantía contra el padre, la madre, ascendiente o tutor que lo haya declarado libre y saldo. Esta garantía puede también ejercerse por el marido durante la comunidad, si la deuda proviniese de la parte de la mujer salvo en este caso el reembolso debido por la mujer o sus herederos, a los que salieron garantes, después de la disolución de la comunidad."
DERECHO CIVIL,¿En qué consiste la facultad que se le concede a la mujer de volver a tomar libre y saldo lo que aporto a la comunidad legal?,"Art. 1514.- La mujer puede estipular, que en caso de renuncia a la comunidad, recobrará todo o parte de lo que a ella hubiere llevado, bien al tiempo del matrimonio o después pero esta condición no puede llevarse más allá de las cosas expresadas formalmente, ni en provecho de otras personas distintas de las designadas. Por lo tanto, la facultad de volver a tomar el mobiliario que la mujer aportó en el momento del matrimonio, no se extiende al que hubiese recaído en ella durante el mismo. La facultad dada a la mujer no se extiende a los hijos, y la concedida a la mujer y a los hijos, no llega a los herederos, ascendientes o colaterales. De todos modos, lo aportado no puede recobrarse, sino haciéndose deducción de las deudas personales de la mujer y que hayan sido pagadas por la comunidad."
DERECHO CIVIL,"¿Dentro del régimen convencional, explique en qué consiste la mejora convencional?","Art. 1515.- La cláusula por la que el esposo superviviente está autorizado a tomar, antes de hacerse la partición, cierta suma o cierta cantidad de efectos mobiliarios en naturaleza, no da derecho a esta deducción en favor de la mujer superviviente, sino en el caso en que haya aceptado la comunidad, a menos que en el contrato de matrimonio se le haya reservado este derecho aunque la renunciase. Fuera del caso comprendido en esta reserva, la mejora no se ejerce sino sobre la masa partible, y no sobre los bienes personales del cónyuge difunto. Art. 1516.- La mejora no se considera como un beneficio sujeto a las formalidades de las donaciones, sino como una estipulación de matrimonio. Art. 1517.- A la muerte de uno de los esposos comienza la mejora. Art. 1518.- Cuando la disolución de la comunidad tiene lugar por la separación personal, no hay lugar a la entrega actual de la mejora pero el esposo que ha obtenido la separación personal, conserva sus derechos a la mejora en caso de supervivencia. Si esto sucede a la mujer, la suma o cosa que constituye la mejora queda siempre provisionalmente en poder del marido, con obligación de prestar fianza. Art. 1519.- Los acreedores de la comunidad tienen siempre derecho para hacer vender los efectos comprendidos en la mejora, salvo el recurso del esposo, conforme al artículo 1515."
DERECHO CIVIL,"¿Cuáles son las causas por las cuales se puede asignar a cada uno de los esposos, parte desiguales en la comunidad?","Art. 1520.- Los esposos pueden derogar la partición igual establecida por la ley, ya sea no dando al esposo superviviente o a sus herederos en la comunidad, sino una parte menor de la mitad, o bien no dándole sino una suma fija por todo derecho en la misma, o bien estipulando que la comunidad entera en ciertos casos, pertenecerá al cónyuge superviviente o a uno de ellos solamente. Art. 1521.- Cuando se ha estipulado que el cónyuge o sus herederos no tengan sino cierta parte en la comunidad, como el tercio o el cuarto, el esposo o heredero obligado a esto, no soportará las deudas de la comunidad, sino proporcionalmente a la parte que toma en el activo. El convenio es nulo, si por él se obliga al esposo, o a sus herederos, a responder de mayor suma, lo mismo que si se les dispensa de pagar una parte de las deudas que sea igual a la que toman del activo. Art. 1522.- Cuando se ha estipulado que uno de los esposos o sus herederos no pueden exigir sino cierta suma por todo derecho de comunidad, esta cláusula es un ajuste que obliga al otro esposo o a sus herederos a pagar la suma convenida, ya sea la comunidad buena o mala, bastante o no para pagar la suma. Art. 1523.- Si la cláusula no establece el ajuste sino respecto de los herederos del cónyuge, este, en el caso en que sobreviva, tiene derecho a la partición legal por mitad. Art. 1524.- El marido o sus herederos que retengan en virtud de la cláusula enunciada en el artículo 1520, la totalidad de la comunidad, están obligados a saldar todas las deudas de la misma. Los acreedores, en este caso, no tienen ninguna acción contra la mujer ni contra sus herederos. Si la mujer superviviente es la que, mediante una suma convenida, tiene derecho a retener toda la comunidad contra los herederos del marido, puede escoger entre pagarles dicha suma, quedando responsable a todas las deudas, o renunciar a la comunidad y abandonar a los herederos del marido los bienes y las cargas. Art. 1525.- Pueden los esposos estipular, que el todo de la comunidad pertenecerá al superviviente o a uno de ellos solamente, sin perjuicio del derecho que corresponde a los herederos del otro esposo, a recobrar lo que este aportó y los capitales recaídos en la comunidad, que provinieran de su causante. Esta estipulación no se reputa como un beneficio sujeto a las reglas relativas a las donaciones, ni en el fondo ni en la forma es simplemente una convención de matrimonio y entre asociados."
DERECHO CIVIL,¿Qué es la comunidad a titulo universal?,"Propiedades a titulo universal son aquellos que se refieren como su nombre lo dice a una universalidad de derechos (totalidad) como podría ser la masa hereditaria o derechos de sucesión, el patrimonio de una persona, todos los derechos de un heredero etc., especialmente se da en procesos de liquidación donde son más visibles estos derechos. Art. 1526.- Los esposos pueden establecer en su contrato de matrimonio, una comunidad universal de sus bienes, lo mismo muebles que inmuebles, presentes y futuros, o solamente de sus bienes presentes, o solamente de sus bienes futuros."
DERECHO CIVIL,¿Cuáles son las convenciones que excluyen la comunidad?,"Art. 1529.- Cuando sin someterse al régimen dotal, declaran los cónyuges que se casan sin comunidad o que se separan de bienes, serán regulados los efectos de esta estipulación de la manera siguiente. PÁRRAFO I: De la cláusula en que se estipula que los esposos se casan sin comunidad."
DERECHO CIVIL,¿En qué consisten las clausulas que estipula que los esposos se casan sin comunidad?,"Art. 1530.- (Derogado por la Ley 189-01). Art. 1531.- (Derogado por la Ley 189-01). Art. 1532.- Si en el mobiliario apartado en dote por la mujer o que hubiere recaído en ella durante el matrimonio, existiesen cosas que no pudieren usarse sin consumirse, debe adicionarse al contrato de matrimonio una nota de su adquisición, estando el marido obligado a devolver el importe según la tasación. Art. 1533.- El marido está obligado a todas las cargas del usufructo. Art. 1534.- La cláusula enunciada en el presente párrafo, no obsta para que se convenga en que la mujer perciba, anualmente con sólo su recibo, una parte de sus rentas para su sostenimiento y necesidades personales. Art. 1535.- Los inmuebles constituidos en dote pueden enajenarse en el caso del presente párrafo. Sin embargo, para efectuarlo se necesitará el consentimiento del marido y si este rehusase el darlo, lo suplirá la autorización judicial."
DERECHO CIVIL,¿Cuál es el alcance que sobre los bienes de los esposos tiene el régimen de separación de bienes?,"Art. 1536 al 1539, Modificado por la ley 2125-27/9/1949. La separación de bienes se extiende a todos el patrimonio de los esposos, salvo cláusula contraria del contrato."
DERECHO CIVIL,¿Dentro del régimen de separación de bienes como se administran los bienes de los esposos?,"Art. 1536 al 1539, Modificado por la ley 2125-27/9/1949. Cada esposo conserva la propiedad, la administración y el goce de sus bienes. Sin embargo, la mujer no podrá enajenar sus bienes inmuebles sin el consentimiento especial de su marido, o en caso de este rehusarlo, sin estar autorizada judicialmente. Toda autorización general para enajenar los inmuebles, dada a la mujer en el contrato de matrimonio o después, es nula. Todo, salvo lo previsto en el artículo 221 del código civil. Si la mujer confía la administración de sus bienes al marido hay presunción de que renuncia a pedirle rendición de cuentas durante el matrimonio y de que lo autoriza a emplear la totalidad de sus rentas en las cargas del hogar común. La mujer no puede renunciar al derecho de recobrar en cualquier época la administración de sus bienes."
DERECHO CIVIL,¿Dentro del régimen de separación de bienes a cargo de cuál de los esposos se encuentran las deudas contraídas por ellos antes del matrimonio y las deudas contraídas para el sostenimiento del hogar común?,"Art. 1536 al 1539, Modificado por la ley 2125-27/9/1949. El marido tiene a su cargo: 1ro. Las deudas contraídas por el antes del matrimonio o durante este. 2do. Las deudas contraídas por la mujer como representante de la unión conyugal. La mujer tiene a su cargo: 1ro. Las deudas contraídas por ella ante del matrimonio y las que se originen como suyas durante este. 2do. Las deudas contraídas para el sostenimiento del hogar común, por ella o por el marido, en caso de insolvencia de este último. Aun cuando la mujer haya confiado la administración de sus bienes al marido, no puede reclamar ningún privilegio en la quiebra o insolvencia de este. Tampoco se puede reclamar lo en caso de embargo."
DERECHO CIVIL,¿Qué es la transmisión hereditaria?,"No es más que la sucesión, sencillamente definible como la transmisión del patrimonio de una persona a otra, en virtud del fallecimiento del primero, así como la designación de los individuos a quienes corresponde la misma, denominados herederos, están sometidas a una serie de reglas plasmadas en nuestro Código Civil Dominicano. Como referencia fundamental para la determinación de los sucesores, y como aplicación para todos los casos en los cuales no exista testamento, el articulo 731 de este Código ha establecido lo siguiente: Suceden los hijos y descendientes del difunto, sus ascendientes y los colaterales en el orden y según las reglas que a continuación se determinan. En efecto, la regla general antes citada es ampliamente completada, detallada y explicada por las demás disposiciones de este Código Civil, el cual prevé la salida para cada uno de los casos que pueda plantearse en una familia."
DERECHO CIVIL,¿Que es la transmisión ab intestato?,"En virtud de la ley. Independientemente de la decisión del de cujus, la ley a favor de los sucesores, esta es la sucesión ab intestat. No hay testamento, no hay decisión voluntaria. La Intestato o ab-intestat, llamada también Sucesión Legal o Legítima: Está regulada por los Arts. 723 al 773 del Código Civil. es decir por el efecto de la ley e independientemente de todo acto voluntario que emane del difunto. Es aquella que tiene lugar cuando el difunto no dispuso de sus bienes o no lo hiso conforme al derecho."
DERECHO CIVIL,¿Que es la transmisión testamentaria?,"Por un acto jurídico, unilateral, emanar de la voluntad inequívoca del de cujus, es la sucesión testamentaria. La Testamentaria o Testada: Está regulada por los Arts. 967 al 1147 del Código Civil. es decir, por el efecto de un acto jurídico unilateral que emana del difunto. es aquella sucesión hereditaria en la que el de cujus, ha dejado constancia de su voluntad mediante un testamento. Ahora bien, existe una tercera forma de sucesión que en principio, está prohibida, pero el Legislador la ha permitido en dos excepciones: Por Contrato de Matrimonio a favor de uno de los futuros esposos, y entre esposos, caso en el cual es revocable. Según Art. 943 del Código Civil, La Donación entre Vivos comprenderá únicamente los bienes presentes del donante: si se extiende a los bienes futuros, será nula en este respecto. Según Art. 1133 del Código Civil, expresa que Es ilícita la causa, cuando está prohibida por la ley, y cuando es contraria al orden público o las buenas costumbres."
DERECHO CIVIL,¿A quien o quienes se les denomina herederos?,"Según el Art. 731 del Cód. Civil, Es quien sucede a título universal en todas las relaciones jurídicas transmisibles que deja vacantes el difunto. Ya sean hijos, sus descendientes y ascendientes y los colaterales en el orden y según las reglas, que determinan las leyes. Sujeto que va a suceder al fallecido, tanto en los bienes y derechos (activo patrimonial), como en las deudas (pasivo patrimonial) o cargas de la herencia."
DERECHO CIVIL,¿Cuales son las condiciones requeridas para suceder?,"Capacidad: art. 725 del Código Civil. Para suceder es preciso existir necesariamente en el momento en que la sucesión se abre. Por consiguiente están incapacitado para suceder el que no ha sido aun concebido y el niño que no haya nacido viable. No ser indigno: El punto de partida de la apertura de la sucesión de una persona, es su muerte, como lo establece el Art.718 del Código Civil Dominicano La sucesión se abren por la muerte de aquel de quien se derivan. La sucesión se abrirá precisamente en el lugar del domicilio de la persona fallecida, en el caso en que el difunto no tuviese domicilio conocido, se considerará abierta la sucesión en su última residencia conocida, así lo establece el Art. 110 del mismo código civil, del mismo modo el tribunal de este domicilio será el competente para conocer la sucesión de los herederos. Si hay varios herederos se debe determinar con precisión en que momento comienza la indivisión hereditaria. ¿Cuál es la noción de la existencia en materia de llamamiento sucesorio? Desde el momento mismo de la muerte del De Cujus. Según el Art. 718 del Cód. Civil, Las sucesiones se abren por la muerte de aquel de quien se derivan. Y según el Art. 110 del Cód. Civil, Expresa que, La sucesión se abrirá precisamente en el lugar del domicilio de la persona fallecida."
DERECHO CIVIL,¿Como se prueba la supervivencia de quien ha de suceder al D' cujus?,"La primera excepción es la situación planteada en el articulo 767 del Código Civil Dominicano, el cual estipula lo siguiente: Si el difunto no deja parientes en grado hábil de suceder ni hijos naturales, los bienes constitutivos de su sucesión pertenecen al cónyuge que sobreviva. En efecto, si se presenta tal situación, excepcionalmente el heredero será el cónyuge del de cujus, quien en principio no debía heredar los bienes pertenecientes a su pareja. La segunda excepción se refiere a aquellos bienes que el de cujus haya obtenido a titulo gratuito. Los hermanos Mazeaud plantean esta irregularidad al principio de la unidad de la sucesión al explicar que en principio, las reglas de esta transmisión son las mismas, sea cual sea el origen de los bienes del de cujus. Sin embargo, existe, junto a la sucesión ordinaria, una sucesión llamada anormal, que se refiere, en ciertos casos, a los bienes donados al de cujus, y que asegura la reversión al donante. Así, al momento de abrirse la sucesión, los bienes del de cujus que hayan sido adquiridos mediante una donación retornan al patrimonio del donante, entrando este escenario en el marco de una sucesión anómala, es decir, fuera de la regularidad y de la normalidad de las herencias."
DERECHO CIVIL,¿Cuales son las causas de la indignidad sucesoria?,"Art. 727.- Se consideran indignos de suceder, y como tales se excluyen de la sucesión: 1o. el que hubiere sido sentenciado por haber asesinado o intentar asesinar a la persona de cuya sucesión se trate 2o. el que hubiere dirigido contra este una acusación que se hubiese considerado calumniosa 3o. el heredero mayor de edad que, enterado de la muerte violenta de su causahabiente, no la hubiere denunciado a la justicia. (Modificado según Ley 1097 del 26 de enero de 1946, G. O. 6388)."
DERECHO CIVIL,¿Cuál es el modo o medio de realización de la indignidad?,"Digamos que interviene una sentencia condenatoria por asesinato, se considera el asesino indigno de pleno derecho o hay que solicitar el pronunciamiento de la indignidad. La jurisprudencia Francesa se ha inclinado por la idea de que la indignidad se opera de pleno derecho. Ya después que hay una sentencia del tribunal, el obligar que haya otra sentencia en declaratoria de indignidad parece ser superfluo y estar de más. Otro argumento de la Jurisprudencia es que esto se deduce el art. 727, porque este dice son indignos de suceder y que por eso no es necesario solicitar el pronunciamiento. En R.D., en adición de esas causas de indignidad está lo que se llama la desheredación, que está regulada por la ley 1097 de 1946. Esta ley dice que en adición a los casos de indignidad previstos en el artículo 727 del Código Civil..."
DERECHO CIVIL,¿Cuáles son los efectos de la indignidad sucesoria?,"El artículo 727 mismo lo dice: 1.- el indigno es excluido de la sucesión. Esa sanción tiene una naturaleza jurídica y es que se trata de una pena civil, salvo la sanción penal que se pueda imponer (por asesinato, por ejemplo). 2.- La indignidad es un asunto de carácter personal, sólo afecta al indigno, por lo tanto los hijos del indigno no están expuestos a la indignidad. Ej.: Un hombre muere y deja por único heredero a un hijo que es declarado indigno. Obviamente ese indigno está excluido de su sucesión, pero como está declarado indigno la sucesión pasa a los nietos (los hijos del indigno) y los nietos sí pueden, por derecho propio, ser llamados a la sucesión que hubiera recibido el indigno de no haber estado indigno. Lo que no pueden hacer los nietos es representar al indigno. 3.- Se incurre en indignidad retroactivamente, esto es consecuencia de que se incurre en indignidad de pleno derecho, y esto tiene como consecuencias: Art. 729.- El heredero excluido de la sucesión como indigno, está obligado a restituir todos los frutos y rentas que haya percibido, desde el momento en que se abrió la sucesión. Los créditos que tenía con el difunto y quedaban extintos con la sucesión reviven nuevamente. Si el indigno tenía un crédito con el de cujus, este se hubiera extinguido por confusión al momento de heredar del difunto. Después de la declaratoria de indignidad ese crédito surge de nuevo. Los actos de enajenación que haya consentido el heredero pronunciado indigno se anulan por efecto de la indignidad, por provenir de una persona sin calidad de heredero."
DERECHO CIVIL,¿Enumere y defina las dos directivas esenciales que rigen a los llamados por la ley a suceder?,"El orden: Los órdenes o clases según Planiol y Ripert. son un conjunto de grupos que serán llamados a suceder dependiendo la preferencia establecida por la Ley. Los del primer orden serán los llamados a suceder, en ausencia de los cuales serán llamados los de segundo orden y así sucesivamente. Para despejar las dudas de quien sucede dentro de un mismo orden se ha estipulado que lo haga el pariente más próximo en grado al de cujus, exceptuando los casos de la representación, que como mencionamos anteriormente serán examinados en el siguiente tema. El grado: Es otro de los elementos que permiten determinar la prioridad de los familiares a ser llamados en la sucesión. El Art. 735 del Código Civil establece que la proximidad de parentesco se gradúa por el número de generaciones y cada generación se llama grado."
DERECHO CIVIL,¿Cuales son los diversos ordenes hereditarios establecidos en nuestra legislación?,"Nuestro Código Civil en su artículo 731 estipula tres órdenes, al estipular que Suceden los hijos y descendientes del difunto, sus ascendientes y los colaterales en el orden y según las reglas.. estipuladas en los artículos subsiguientes. Sin embargo, la doctrina reiteradamente ha establecido, quizás para una mayor practicidad, cuatro órdenes, que son los siguientes: Descendientes: Estos son llamados con prioridad a cualquier otra clase u orden de personas. Está compuesto por hijos y descendientes legítimos o legitimados, así como los hijos adoptivos y sus descendientes. El artículo 356 establece que El adoptado o sus descendientes no tienen ningún derecho de sucesión respecto a los bienes de los parientes del adoptante, pero tienen sobre la sucesión del adoptante, los mismos derechos que tengan los hijos y descendientes de este. Sabemos que en nuestra legislación, los hijos naturales y legítimos tienen los mismos derechos, por lo cual, en esa definición de Planiol y Ripert introduciríamos también a los hijos naturales. Ascendientes privilegiados y colaterales privilegiados: La doctrina ha dividido a los ascendientes en dos grupos, los privilegiados y los ordinarios del inciso siguiente. El Art. 733 del Código Civil ha estipulado que, a falta de descendientes, la herencia pertenecerá a los ascendientes y colaterales. Más específicamente a los hermanos, hermanas y sus descendientes y a los ascendientes más próximos, los de primer grado, el padre y la madre del de cujus. Una excepción dentro de este orden es el adoptante, quien no podrá heredar a su hijo adoptado como vimos en el Art. 356 del Código. Ascendientes ordinarios: Estos entran a formar parte de la sucesión cuando el de cujus no ha dejado descendientes, ascendientes privilegiados, ni colaterales privilegiados. Es así como la herencia se dividirá en dos partes iguales para pasar tanto a los ascendientes paternos como a los maternos del grado más próximo al de cujus, excluyéndose a los colaterales simples. Si sólo hay ascendientes de una sola línea, el ascendiente más próximo en grado obtendrá la porción de la herencia que le correspondía a su línea y la otra porción le será entregada a los colaterales ordinarios de la línea contraria. Colaterales ordinarios: En defecto de las personas que componen los tres órdenes anteriores, entonces son llamados a la sucesión los colaterales ordinarios (tíos del de cujus)."
DERECHO CIVIL,¿ A partir de qué momento queda abierta la sucesión?,"Desde el momento mismo de la muerte del De Cujus. Según el Art. 718 del Cód. Civil, Las sucesiones se abren por la muerte de aquel de quien se derivan."
DERECHO PROCESAL CIVIL,1,Es la finalidad del procedimiento cautelar:a) Prevenir un daño o peligro.
DERECHO PROCESAL CIVIL,2,Es una finalidad del procedimiento declarativo:b) Determinar la existencia o inexistencia de derechos.
DERECHO PROCESAL CIVIL,3,Es una diferencia entre juicios universales y singulares:a) El contenido patrimonial de las pretensiones litigiosas.
DERECHO PROCESAL CIVIL,4,Es la característica de los procesos uni-instanciales y bi-instanciales:b) El número de instancias que los conforman.
DERECHO PROCESAL CIVIL,5,Es la característica que determina los procesos en atención a la materia:d) La especialización del juzgador.
DERECHO PROCESAL CIVIL,6,"Son los procesos en los que, una vez agotadas las etapas que los conforman, no es posible volver a repetirlas:a) Preclusivos."
DERECHO PROCESAL CIVIL,7,Son los procesos que cuentan con una etapa de que permite a la parte vencida inconformarse con la resolución dictada:e) Bi-instanciales.
DERECHO PROCESAL CIVIL,8,"Son criterios que sostienen la unidad fundamental del proceso:a) Contenido, finalidad, estructura, impugnación."
DERECHO PROCESAL CIVIL,9,"De acuerdo con el doctor Carrasco Soulé, son rasgos comunes de todos los procesos:a) Contenido, finalidad, estructura, impugnación."
DERECHO PROCESAL CIVIL,10,Es una característica de los procesos con unidad de vista:a) Los actos del juicio se realizan en una sola actuación.
DERECHO PROCESAL CIVIL,1,En todos los casos la nulidad de cualquier actuación judicial debe reclamarse cuando se tenga conocimiento de la misma.Falso (El emplazamiento es una excepción a esta regla general).
DERECHO PROCESAL CIVIL,2,La nulidad del emplazamiento puede reclamarse en cualquier tiempo antes de dictarse la sentencia definitiva correspondiente.Verdadero
DERECHO PROCESAL CIVIL,3,"En términos de lo dispuesto en el artículo 70 del Código de Procedimientos Civiles vigente todas las resoluciones judiciales se denominan autos.Falso (Se clasifican en: decretos, autos y sentencias definitivas y sentencias interlocutorias)."
DERECHO PROCESAL CIVIL,4,En el caso de que alguna de las partes interrumpa la audiencia con peticiones que son totalmente ajenos al caso concreto el juez debe hacerlo constar en un acta especial.Falso (El juez debe desecharla).
DERECHO PROCESAL CIVIL,5,Cuando el juez considere conveniente podrá decretar en el acto de una audiencia que se realice en forma privada.Verdadero
DERECHO PROCESAL CIVIL,6,Una actuación judicial afectada de nulidad que no es reclamada en la actuación subsecuente queda revalidada de pleno derecho.Verdadero
DERECHO PROCESAL CIVIL,7,En una audiencia en la que el abogado patrono de la parte actora insulta al abogado patrono de la parte demandada el juez debe corregir la conducta indebida pudiendo su expulsión del juzgado.Verdadero
DERECHO PROCESAL CIVIL,8,"En todos los casos la notificación personal debe entenderse directamente con el interesado.Falso (Puede entenderse con otras personas, previo cercioramiento de que viven en el domicilio)."
DERECHO PROCESAL CIVIL,9,Por regla general las horas hábiles para realizar actuaciones judiciales inician a las 6:00 horas y concluyen a las 24:00 horas.Falso (Las horas hábiles son de las 7:00 a las 19:00 horas).
DERECHO PROCESAL CIVIL,10,En los casos en que la notificación del emplazamiento se realice por adhesión una vez realizado el juez debe ordenar que adicionalmente se realice el emplazamiento por edictos.Falso
DERECHO PROCESAL CIVIL,1,Solo el conciliador puede intentar la conciliación en cualquier etapa del juicio.Falso
DERECHO PROCESAL CIVIL,2,La audiencias siempre deberán ser públicasFalso
DERECHO PROCESAL CIVIL,3,"En las audiencias, las partes pueden interrumpir al juez cuantas veces lo requieran, por cualquier motivo que se relacione con el juicio.Falso"
DERECHO PROCESAL CIVIL,4,Los datos relativos al inicio y conclusión de las audiencias está a cargo del Secretario.Verdadero
DERECHO PROCESAL CIVIL,5,El juez puede utilizar la fuerza pública para reprimir los actos de interrupción de la audiencia.Verdadero
DERECHO PROCESAL CIVIL,6,Los Secretarios deben recibir las declaraciones que se rindan en las audiencias.Falso
DERECHO PROCESAL CIVIL,7,Las personas a quienes se imponga una corrección disciplinaria en las audiencias se podrá promover incidente para ser oído en justicia.Verdadero
DERECHO PROCESAL CIVIL,8,"El juez puede, oficiosamente, imponer las medidas disciplinarias procedentes a efecto de hacer que se guarde el debido respeto al tribunal.Verdadero"
DERECHO PROCESAL CIVIL,9,Los peritos no pueden ser objeto de una medida disciplinaria en caso de que falten al respeto al tribunal.Falso
DERECHO PROCESAL CIVIL,10,Los jueces deben presidir los actos de prueba.Verdadero
DERECHO PROCESAL CIVIL,1,Los ocursos de las partes deben escribirse en este idioma:j) Español
DERECHO PROCESAL CIVIL,2,Los documentos redactados en idioma extranjero deben acompañarse de este documento:b) Traducción
DERECHO PROCESAL CIVIL,3,"La forma de corregir un error en una actuación judicial, es colocando una sobre la palabra a corregirc) Línea"
DERECHO PROCESAL CIVIL,4,"Cuando en una actuación judicial se incluyan cantidades, estas deben incluirse en esta forma:e) Con letra"
DERECHO PROCESAL CIVIL,5,"El auto mediante el cual, el juez admite las pruebas ofrecidas por las partes es de este tipo de resoluciones:a) Preparatorias"
DERECHO PROCESAL CIVIL,6,"Este principio debe respetarse en todas las resoluciones que dicte el juzgador, del tipo que fuere:g) Congruencia"
DERECHO PROCESAL CIVIL,7,"Esta es la forma mediante la cual, el tribunal puede subsanar alguna omisión al resolver todas las peticiones planteadas por el promovente:f) Dar nueva cuenta"
DERECHO PROCESAL CIVIL,8,"Ante un caso de pérdida de los autos formado en el tribunal, la reposición correspondiente se substanciará en esta forma:h) Incidental"
DERECHO PROCESAL CIVIL,9,"En los casos en los que el tribunal reciba una promoción frívola o improcedente, debe resolver en este sentido:d) Desechamiento"
DERECHO PROCESAL CIVIL,10,"Las actuaciones judiciales que se realicen sin haber cumplido las formalidades esenciales establecidas, están afectadas por esta sanción:i) Nulidad"
DERECHO PROCESAL CIVIL,1,"Los medios preparatorios a juicio pueden solicitarse antes de iniciar el juicio, al iniciarse y una vez iniciado.Falso (toda vez que los medios preparatorios, se utilizan para preparar el juicio, sólo pueden promoverse antes del juicio)."
DERECHO PROCESAL CIVIL,2,La separación de persona como acto prejudicial solo procede cuando el cónyuge que lo solicita pretende divorciarse del otro cónyuge.Falso (procede cuando un cónyuge pretende demandar o denunciar al otro cónyuge).
DERECHO PROCESAL CIVIL,3,El ofrecimiento de pago seguido de la consignación hace las veces de pago.Verdadero
DERECHO PROCESAL CIVIL,4,"El juicio ordinario civil, el juicio ejecutivo civil y el procedimiento arbitral tienen los mismos supuestos de procedencia y formas de tramitación.Falso (cada procedimiento tiene sus reglas específicas de tramitación y supuestos de procedencia)."
DERECHO PROCESAL CIVIL,5,"Las providencias precautorias pueden solicitarse antes de iniciar el juicio, al iniciarlo o una vez iniciado.Verdadero"
DERECHO PROCESAL CIVIL,6,El arraigo de persona procede cuando se teme que el demandado se oculte o se ausente del lugar del juicio sin dejar apoderado instruido y expensado para responder del proceso.Verdadero
DERECHO PROCESAL CIVIL,7,El solicitante de una providencia precautoria debe ofrecer pruebas para acreditar el derecho que tiene para gestionar y la necesidad de este.Verdadero
DERECHO PROCESAL CIVIL,8,"La etapa resolutiva del juicio ordinario civil se integra con la sentencia, como la decisión judicial sobre los puntos controvertidos en juicio.Verdadero"
DERECHO PROCESAL CIVIL,9,La audiencia previa y de conciliación se lleva a cabo una vez admitida la demanda.Falso (esta audiencia se realiza una vez que el demandado ya contestó la demanda).
DERECHO PROCESAL CIVIL,10,La audiencia de pruebas y alegatos tiene como finalidad fijar la litis del juicio.Falso (esta audiencia tiene como finalidad recibir las pruebas ofrecidas por las partes).
DERECHO PROCESAL CIVIL,1,"Es la etapa procesal que se integra con los actos de demanda, emplazamiento, traslado de demanda, contestación de la demanda, reconvención propuesta y contestación a la reconvención.b) Etapa expositiva"
DERECHO PROCESAL CIVIL,2,"El ofrecimiento, la admisión, la preparación y el desahogo, constituyen las fases de esta etapa.c) Etapa probatoria"
DERECHO PROCESAL CIVIL,3,"En esta fase se lleva a cabo la ejecución de la sentencia, la cual está a cargo del juez, y tiene lugar cuando el condenado no la cumple voluntariamente.a) Ejecutiva"
DERECHO PROCESAL CIVIL,4,"Esta etapa puede o no llevarse a cabo en todo proceso no obstante, cuando la parte que no obtuvo lo que pidió se inconforma con la sentencia dictada, puede combatir dicha resolución a través de los recursos ordinarios que la ley establece.d) Impugnativa"
DERECHO PROCESAL CIVIL,5,A esta fase corresponde la etapa probatoriaf) Fase judicial
DERECHO PROCESAL CIVIL,6,A esta fase corresponden los medios provocatorios.e) Fase prejudicial
DERECHO PROCESAL CIVIL,1,Es uno de los requisitos para solicitar una diligencia preparatoria.d) Expresar el motivo de su necesidad.
DERECHO PROCESAL CIVIL,2,Son las autoridades competentes para decretar el acto prejudicial consistente en separación de persona.c) Jueces de lo familiar
DERECHO PROCESAL CIVIL,3,"Es un supuesto para la procedencia de las diligencias de ofrecimiento de pago, previas a la consignación.e) Cuando el acreedor se rehúsa a otorgar el documento que justifique el pago."
DERECHO PROCESAL CIVIL,4,Es un tipo de medida cautelar.b) Secuestro provisional
DERECHO PROCESAL CIVIL,5,"Esta medida procede cuando se teme que el demandado oculte o dilapide los bienes sobre los que recae la demanda, sin que existan otros con los que pueda responder del proceso.a) Arraigo de persona"
DERECHO PROCESAL CIVIL,1,El mandatario judicial es una institución procesal idónea para representar al litisconsorcio necesario.Verdadero
DERECHO PROCESAL CIVIL,2,Por regla general las demandas siguen una forma escrita para su presentación y por excepción verbal.Verdadero
DERECHO PROCESAL CIVIL,3,Los documentos fundatorios de la acción son un requisito material de la demanda.Verdadero
DERECHO PROCESAL CIVIL,4,"Siempre debe incluirse el nombre de la acción que se ejercita en la demanda.Falso (Cuando se trate de una acción innominada, es suficiente con expresar la prestación que se exija al demandado y la causa)."
DERECHO PROCESAL CIVIL,5,El domicilio del actor es un requisito circunstancial en la demanda.Verdadero
DERECHO PROCESAL CIVIL,6,El domicilio del demandado es un elemento esencial de la demanda.Verdadero
DERECHO PROCESAL CIVIL,7,"En toda demanda o contestación de demanda debe ofrecerse la prueba testimonial.Falso (Sólo debe anunciarse, proporcionando el nombre de los testigos a quienes consten los hechos que se relatan)."
DERECHO PROCESAL CIVIL,8,Los defectos de la demanda se clasifican en esenciales y accidentales o circunstanciales.Falso (Los defectos de la demanda pueden ser subsanables o insubsanables).
DERECHO PROCESAL CIVIL,9,La demanda es una potestad o facultad que tiene una persona para poner en movimiento al órgano jurisdiccional.Falso (La demanda es un acto procesal).
DERECHO PROCESAL CIVIL,10,"En toda demanda se debe solicitar la aplicación de medidas cautelares o providencias precautorias (embargo precautorio o arraigo de personas).Falso (No es una exigencia para su interposición, sólo se solicitan cuando la parte actora las considera necesarias)."
DERECHO PROCESAL CIVIL,1,La presentación de la demanda produce como efecto principal la interrupción de la prescripción.Verdadero
DERECHO PROCESAL CIVIL,2,La prevención procede cuando la demanda cumple con todos los requisitos establecidos en la ley.Falso (Procede subsanables).
DERECHO PROCESAL CIVIL,3,La admisión de la demanda es un acto procesal a cargo del demandado.Falso (Es un acto a cargo del Juez).
DERECHO PROCESAL CIVIL,4,"Al admitir la demanda, el juez puede ordenar las medidas que estime pertinentes.Falso (El juez puede mandar practicar las medidas que le solicite el actor, si son procedentes para el juicio)."
DERECHO PROCESAL CIVIL,5,La prescripción del derecho sustantivo es el elemento más importante que se debe considerar para determinar el tiempo en que se debe presentar la demanda.Verdadero
DERECHO PROCESAL CIVIL,6,"En la jurisdicción de la Ciudad de México, por regla general, al admitirse la demanda ya no puede modificarse.Verdadero"
DERECHO PROCESAL CIVIL,7,El desistimiento de la demanda o de la instancia es una institución procesal disponible para el actor en caso de que pretenda modificar su demanda.Verdadero
DERECHO PROCESAL CIVIL,8,"Ante un defecto insubsanable, el juez debe desechar la demanda.Verdadero"
DERECHO PROCESAL CIVIL,9,La demanda debe presentarse ante el órgano jurisdiccional o juzgado que elija el actor.Falso (La demanda debe presentarse ante la oficialía de partes común del Tribunal Superior de Justicia correspondiente).
DERECHO PROCESAL CIVIL,10,El emplazamiento es la medida más importante que el juez debe ordenar al admitir la demanda.Verdadero
DERECHO PROCESAL CIVIL,1,Este documento forzosamente debe acompañarse a toda demanda inicial.c) Documento base de la acción
DERECHO PROCESAL CIVIL,2,"Son los elementos documentales encaminados a demostrar la personalidad o representación legal de quien promueve, y necesariamente deben ofrecerse en toda demanda inicial.e) El poder con el que se acredite la personalidad del apoderado"
DERECHO PROCESAL CIVIL,3,Está a cargo del actor expresar y aportar estos elementos como forma de probar posteriormente los hechos que relata en su demanda.d) El nombre de los testigos que los presenciaron
DERECHO PROCESAL CIVIL,4,Este medio probatorio puede ofrecerse desde la demanda inicial.h) La confesional
DERECHO PROCESAL CIVIL,5,"Son los elementos materiales que, sin tener una finalidad probatoria, deben acompañarse a la demanda.a) Copias simples de la demanda y documentos anexos para correr traslado al demandado"
DERECHO PROCESAL CIVIL,6,Es el nombre con el que se identifica la omisión o incumplimiento de alguno o algunos requisitos que la ley exige para formular la demanda.b) Defecto de la demanda
DERECHO PROCESAL CIVIL,7,Son los defectos que permiten su enmienda ya que no modifican la esencia de la demanda.i) Subsanables
DERECHO PROCESAL CIVIL,8,"Son los defectos que no permiten su enmienda, ya que de hacerlo se modificaría la esencia de la demanda pues cambiaría su sentido.g) Insubsanables"
DERECHO PROCESAL CIVIL,9,"Es el tipo de documentos que por excepción, en vía de prueba se pueden ofrecer después del periodo de ofrecimiento de pruebas.j) Supervenientes"
DERECHO PROCESAL CIVIL,10,Es un ejemplo de elemento esencial.f) Firma del actor
DERECHO PROCESAL CIVIL,1,Este tipo de emplazamiento debe realizarse directamente con el interesado.9) Personal
DERECHO PROCESAL CIVIL,2,Esta forma de emplazamiento debe realizarse por medio de publicaciones en periódicos y en el Boletín Judicial.5) Edictos
DERECHO PROCESAL CIVIL,3,"Para realizar este tipo de emplazamiento, se requiere entenderlo con una persona que viva en el domicilio del interesado.4) Cédula"
DERECHO PROCESAL CIVIL,4,Estamos en presencia de este emplazamiento cuando fue realizado cumpliendo todos los requisitos exigibles.8) Legal
DERECHO PROCESAL CIVIL,5,Se le denomina al emplazamiento que no cumplió con uno o algunos de los requisitos establecidos en la ley.6) Ilegal
DERECHO PROCESAL CIVIL,6,Es el documento que debe levantar el actuario al realizar el emplazamiento.2) Acta
DERECHO PROCESAL CIVIL,7,Es la vía para reclamar la nulidad de un emplazamiento ilegal antes de la sentencia.7) Incidental
DERECHO PROCESAL CIVIL,8,Este emplazamiento se realiza fijando los documentos en la puerta del domicilio donde vive el demandado.3) Adhesión
DERECHO PROCESAL CIVIL,9,Es el artículo constitucional con el que se vincula directamente el emplazamiento.1) 14
DERECHO PROCESAL CIVIL,10,"Tratándose de personas morales, es con quien debe entenderse el emplazamiento.10) Representante"
DERECHO PROCESAL CIVIL,1,El emplazamiento por cédula puede entenderse con cualquier persona que viva en el domicilio señalado.Verdadero
DERECHO PROCESAL CIVIL,2,Es opcional para el tribunal hacer saber al demandado el emplazamiento por medio de cédula o verbalmente.Falso
DERECHO PROCESAL CIVIL,3,"Para que un emplazamiento sea legal, es suficiente con que en la cédula se incluya el nombre de las partes y el nombre de la persona a quien se le entrega.Falso"
DERECHO PROCESAL CIVIL,4,"En el caso del emplazamiento por cédula, es ilegal si se entiende con los parientes del interesado.Falso"
DERECHO PROCESAL CIVIL,5,"Al realizarse el emplazamiento, el actuario debe entregar al interesado la cédula de notificación, así como una copia de la demanda sellada y cotejada y otra copia de los documentos que se hubieran acompañado.Verdadero"
DERECHO PROCESAL CIVIL,6,"Tratándose de embargos, el ejecutor puede practicar la diligencia aun cuando no se encuentre el interesado.Falso"
DERECHO PROCESAL CIVIL,7,"Es legal el emplazamiento realizado por edictos cuando el actor manifestó al juez, bajo protesta de decir verdad, que desconocía el domicilio del demandado.Verdadero"
DERECHO PROCESAL CIVIL,8,"Al realizar la diligencia de emplazamiento, es optativo para el actuario asentar en el acta que levante los medios por los cuales se cercioró de que en el domicilio en que se constituyó es el domicilio del demandado.Falso"
DERECHO PROCESAL CIVIL,9,Es ilegal el emplazamiento por adhesión cuando se practica sin la presencia de testigos.Falso
DERECHO PROCESAL CIVIL,10,"Tratándose de personas morales, el emplazamiento puede entenderse con su representante legal.Verdadero"
DERECHO PROCESAL CIVIL,1,La prevención del juicio a favor de quien emplaza consiste en que cuando haya dos juicios iguales seguidos ante jueces diferentes debe prevalecer:b) El juez que primero haya emplazado.
DERECHO PROCESAL CIVIL,2,"Una vez emplazado, el demandado debe seguir el juicio ante:c) El juez que lo emplazó."
DERECHO PROCESAL CIVIL,3,"Con motivo del emplazamiento, el demandado debe ante el juez que lo emplazó.a) Contestar la demanda."
DERECHO PROCESAL CIVIL,4,La nulidad del emplazamiento se puede reclamar antes de que se dicte la sentencia por medio de un:d) Incidente de nulidad.
DERECHO PROCESAL CIVIL,5,Es un efecto del emplazamiento aplicable a las obligaciones pecuniarias y sin causa de réditos.e) Originar el interés legal.
DERECHO PROCESAL CIVIL,1,El allanamiento es una forma de concluir el juicio.Verdadero
DERECHO PROCESAL CIVIL,2,Las excepciones por su naturaleza se clasifican en procesales y de fondo.Verdadero
DERECHO PROCESAL CIVIL,3,La cosa juzgada es un ejemplo de excepción de fondo.Falso (Es una excepción procesal).
DERECHO PROCESAL CIVIL,4,La defensa es un ejemplo de excepción procesal.Falso (La defensa es una simple negación).
DERECHO PROCESAL CIVIL,5,Por medio de la reconvención el demandado puede reclamar al actor principal prestaciones que deriven de la misma causa por la que fue demandado.Verdadero
DERECHO PROCESAL CIVIL,1,El allanamiento a la demanda puede sujetarse al cumplimiento de las condiciones que fije el demandado.Falso
DERECHO PROCESAL CIVIL,2,El término para contestar la demanda es de 9 días.Falso
DERECHO PROCESAL CIVIL,3,El término para proponer reconvención es de 15 días.Verdadero
DERECHO PROCESAL CIVIL,4,Todas las excepciones procesales deben tramitarse en la vía incidental.Verdadero
DERECHO PROCESAL CIVIL,5,"Los hechos de la demanda que dejen de contestarse, se deben de presumir confesados.Verdadero"
DERECHO PROCESAL CIVIL,6,"El llamamiento a juicio a un tercero, debe hacerse al contestar la demanda.Verdadero"
DERECHO PROCESAL CIVIL,7,"La reconvención que se proponga debe notificarse personalmente, en el domicilio del demandado reconvencional.Falso"
DERECHO PROCESAL CIVIL,8,El allanamiento solo puede proceder respecto de la demanda principal.Falso
DERECHO PROCESAL CIVIL,9,"Por regla general, las excepciones procesales deben resolverse en la audiencia previa y de conciliación.Verdadero"
DERECHO PROCESAL CIVIL,10,Las excepciones de fondo deben resolverse en la sentencia definitiva.Verdadero
DERECHO PROCESAL CIVIL,1,La rebeldía implica una inacción o abstención de las partes en la realización de los actos procesales que les corresponden.Verdadero
DERECHO PROCESAL CIVIL,2,La rebeldía siempre es total.Falso (Puede haber rebeldía parcial).
DERECHO PROCESAL CIVIL,3,Un litigante rebelde ya no puede comparecer en juicio.Falso (Puede insertarse en el proceso cuando lo decida).
DERECHO PROCESAL CIVIL,4,Un litigante rebelde que comparece a juicio tiene derecho a que se repongan las etapas procesales que se realizaron sin su comparecencia.Falso (Puede comparecer en el estado en que se encuentre el juicio sin reposición del procedimiento).
DERECHO PROCESAL CIVIL,5,"En todos los casos en que haya declaración de rebeldía por no contestar la demanda, se tendrán por confesados los hechos en sentido afirmativo.Falso (Tratándose de asuntos que afecten relaciones familiares o de menores, se tendrán por confesados en sentido negativo)."
DERECHO PROCESAL CIVIL,1,En la audiencia previa de conciliación y de excepciones procesales la primera fase que se desahoga es la relativa a la resolución de excepciones procesales.Falso (Inicia con el análisis de la legitimación de las partes).
DERECHO PROCESAL CIVIL,2,La excepción de incompetencia es susceptible de no resolverse en la audiencia previa de conciliación de conciliación y de excepciones procesales.Verdadero
DERECHO PROCESAL CIVIL,3,La audiencia previa de conciliación y de excepciones procesales está a cargo del Secretario de Acuerdos.Falso (Está a cargo del Secretario Conciliador).
DERECHO PROCESAL CIVIL,4,"En caso de que las partes lleguen a un acuerdo en la fase de conciliación el expediente debe turnarse para dictar la sentencia definitiva.Falso (Debe concluirse en el acto de la audiencia, mediante la celebración de un convenio)."
DERECHO PROCESAL CIVIL,5,Las resoluciones que se dicten en la audiencia previa de conciliación y de excepciones procesales son irrecurribles.Falso (Procede el recurso de apelación).
DERECHO PROCESAL CIVIL,6,En la audiencia previa de conciliación y de excepciones procesales corresponde al Juzgado por conducto del Secretario Conciliador estudiar el asunto y plantear alternativas de solución a las partes.Verdadero
DERECHO PROCESAL CIVIL,7,Los convenios que celebren las partes en la audiencia previa de conciliación y de excepciones procesales tendrán fuerza de cosa juzgada.Verdadero
DERECHO PROCESAL CIVIL,8,La audiencia previa de conciliación y de excepciones procesales debe llevarse a cabo dentro de los diez días siguientes al auto en que se tenga por contestada la demanda.Verdadero
DERECHO PROCESAL CIVIL,9,Las cuestiones relativas a la legitimación procesal deben resolverse una vez concluida la conciliación.Falso (Es la primera fase que se desarrolla).
DERECHO PROCESAL CIVIL,10,El Convenio al que lleguen las partes en la fase de conciliación debe ser aprobado por el juez.Verdadero
DERECHO PROCESAL CIVIL,1,En atención al principio de _____________ las pruebas se deben practicar en audiencia pública.e) Publicidad
DERECHO PROCESAL CIVIL,2,"La ________________ de la prueba, consiste en que cada prueba se debe de realizar, otorgando a las partes la oportunidad de intervenir su ofrecimiento, preparación y desahogo.d) Contradicción"
DERECHO PROCESAL CIVIL,3,"De acuerdo con el principio de _______________ de la prueba, la actividad probatoria no pertenece a quien la realiza, sino que se considera propia del proceso.c) Adquisición"
DERECHO PROCESAL CIVIL,4,"A través de la _________________ es posible la demostración de un hecho falso o verdadero, relevante para el derecho procesal y con consecuencias perjudiciales para las partes.b) Prueba procesal"
DERECHO PROCESAL CIVIL,5,"Para el derecho procesal, la ___________ es un medio determinado por una hipótesis o un hecho, así como por un fin que es verificar la hipótesis o acreditar el hecho.a) Prueba"
DERECHO PROCESAL CIVIL,1,"Por regla general, quien afirma está obligado a probar, de lo que se infiere que quien _____________ no está obligado a probar.Niega"
DERECHO PROCESAL CIVIL,2,La carga de la prueba se invierte en los casos en que quien ___________ también está obligado a probar.Niega
DERECHO PROCESAL CIVIL,3,El ___________ que implica la afirmación de otro hecho debe ser probado.Hecho negativo
DERECHO PROCESAL CIVIL,4,Las diligencias probatorias que ordene el juez tienen como finalidad principal ______________ de los hechos controvertidos.Conocer la verdad
DERECHO PROCESAL CIVIL,5,El sistema de la sana crítica está basado en la _________ y la ____________________.Lógica y experiencia
DERECHO PROCESAL CIVIL,6,El juez tiene la facultad de decretar en cualquier momento la ___________ de cualquier diligencia probatoria.Práctica y ampliación
DERECHO PROCESAL CIVIL,7,La carga de la prueba se distribuye entre _____________.Las partes
DERECHO PROCESAL CIVIL,8,En atención al principio de ____________ las pruebas se deben practicar en audiencia pública.Publicidad
DERECHO PROCESAL CIVIL,9,"La ________________ de la prueba, consiste en que cada prueba se debe de realizar, otorgando a las partes la oportunidad de intervenir su ofrecimiento, preparación y desahogo.Contradicción"
DERECHO PROCESAL CIVIL,10,"De acuerdo con el principio de _______________ de la prueba, la actividad probatoria no pertenece a quien la realiza, sino que se considera propia del proceso.Adquisición"
DERECHO PROCESAL CIVIL,1,Es el imperativo o gravamen que recae sobre las partes para acreditar sus hechos de acuerdo a su propio interés.b) Carga de la prueba
DERECHO PROCESAL CIVIL,2,En un juicio la carga de la prueba se distribuye entre estos sujetos.a) Actor y demandado
DERECHO PROCESAL CIVIL,3,"De acuerdo con el doctor Carrasco Soule, son las razones que justifican la distribución de la carga de la prueba entre las partes.e) Oportunidad e igualdad"
DERECHO PROCESAL CIVIL,4,La regla general en materia probatoria considera que solo los hechos de esta naturaleza deben ser probados.f) Positivos
DERECHO PROCESAL CIVIL,5,La inversión de la carga de la prueba consiste en que este tipo de hechos también deben ser probados.d) Negativos
DERECHO PROCESAL CIVIL,6,Es un ejemplo de inversión de la carga de la prueba.c) Desconocimiento de la capacidad
DERECHO PROCESAL CIVIL,7,"Este principio procesal implica que el juez debe ser quien dirija, sin mediación de nadie, la producción de la prueba.g) Inmediatez"
DERECHO PROCESAL CIVIL,8,Es el nombre que recibe la disciplina que estudia las normas que regulan la actividad demostrativa en el proceso.h) Derecho probatorio
DERECHO PROCESAL CIVIL,9,Este sentido de la carga de la prueba las partes asumen la carga de probar los hechos constitutivos de sus pretensiones.j) Subjetivo
DERECHO PROCESAL CIVIL,10,"Este sentido de la carga de la prueba, implica que, por regla general, solo el que afirma tiene la carga de probar.i) Objetivo"
DERECHO PROCESAL CIVIL,1,Los hechos confesados deben ser ratificados mediante la prueba respectiva.Falso (Los hechos admitidos o confesados por las partes no requieren ser probados).
DERECHO PROCESAL CIVIL,2,"En todos los casos, solo los hechos afirmativos son los que deben ser probados.Falso (Por regla general, los hechos positivos son objeto de prueba no obstante, en la ley se regulan supuestos de excepción a esta regla general, por lo que habrá casos en que los hechos negativos también deban ser probados)."
DERECHO PROCESAL CIVIL,3,Aun los hechos que no tienen relación con la litis deben ser probados para un mejor conocimiento de la verdad.Falso (Solo los hechos materia de prueba litigiosos pueden ser).
DERECHO PROCESAL CIVIL,4,"Cuando se invoca derecho extranjero, corresponde a las partes acreditar al juez el texto, su vigencia, sentido y alcance legal.Falso (Las partes fueron relevadas de probar el derecho extranjero a partir de 1988 corresponde al juez informarse de la existencia del derecho extranjero sin perjuicio de que las partes puedan alegar su existencia y contenido)."
DERECHO PROCESAL CIVIL,5,"La jurisprudencia no está sujeta a prueba.Verdadero (Dadas sus características, la jurisprudencia es obligatoria para todos los tribunales y por tanto están obligados a conocerla sin requerir que las partes demuestren su existencia)."
DERECHO PROCESAL CIVIL,1,"En cualquier proceso, el conflicto o litigio puede recaer sobre estos aspectos.d) Hechos o derecho"
DERECHO PROCESAL CIVIL,2,"De acuerdo con la doctrina, los hechos que las partes argumentan en sus respectivos escritos de demanda y de contestación se clasifican en esta forma.a) Afirmaciones y negaciones"
DERECHO PROCESAL CIVIL,3,"Este tipo de hechos derivan de la existencia, modificación o extinción de una voluntad concreta de la ley.f) Jurídicos"
DERECHO PROCESAL CIVIL,4,Estos hechos sirven de puente para acreditar la existencia de un hecho jurídico.j) Simples
DERECHO PROCESAL CIVIL,5,"Cuando una de las partes se conforma con el hecho argumentado por su contraparte, se configura este tipo de hechos que no requieren ser probados.b) Confesados"
DERECHO PROCESAL CIVIL,6,"Cuando las partes no coinciden en la forma de existencia de un determinado hecho, se originan hechos de esta naturaleza.c) Controvertidos"
DERECHO PROCESAL CIVIL,7,"De acuerdo con el doctor Cipriano Gómez Lara, el objeto de la prueba recae sobre estos elementos, lo que permite hablar de hechos positivos y negativos.h) Jurídicos y simples"
DERECHO PROCESAL CIVIL,8,"El acreditamiento de estos hechos permiten acreditar la acción o, en su caso, la excepción.g) Jurídicos y controvertidos"
DERECHO PROCESAL CIVIL,9,"De acuerdo con el artículo 286 del Código de Procedimientos Civiles para el Distrito Federal, estos hechos no requieren ser probados.i) Notorios"
DERECHO PROCESAL CIVIL,10,"De acuerdo con el artículo 298 del Código de Procedimientos Civiles para el Distrito Federal, respecto de este tipo de hechos no es admisible la prueba.e) Imposibles"
DERECHO PROCESAL CIVIL,1,"En el procedimiento probatorio los plazos para realizar los actos procesales que corresponden a las partes, son determinados por las propias partes.Falso (Los plazos están regulados: el de ofrecimiento de pruebas el de citación para la audiencia de desahogo y el extraordinario para el desahogo de pruebas fuera del Distrito Federal)."
DERECHO PROCESAL CIVIL,2,Las pruebas supervenientes son las que se desconocían al momento de presentación de los escritos de demanda y contestación de esta.Verdadero (También tienen ese carácter las pruebas sobre hechos no sucedidos hasta entonces).
DERECHO PROCESAL CIVIL,3,"Si la parte a quien se concedió la ampliación del término extraordinario de desahogo de pruebas no rinde las pruebas respectivas, se le deberá sancionar.Verdadero (Se le impondrá una sanción pecuniaria y se dejara de recibir las pruebas no rendidas)."
DERECHO PROCESAL CIVIL,4,"Al ofrecerse pruebas se debe expresar el nombre de los testigos a quienes constan los hechos que se relatan.Verdadero (Si no se expresan los nombres de los testigos y posteriormente se ofrece la testimonial, esta no será admitida)."
DERECHO PROCESAL CIVIL,5,"El juez debe desechar las pruebas que se ofrezcan sin cumplir las reglas generales de ofrecimiento, así como las particulares de cada medio probatorio.Verdadero (Si las pruebas se ofrecen cumpliendo dichas reglas, siempre serán admitidas porque se consideran ofrecidas conforme a derecho)."
DERECHO PROCESAL CIVIL,6,"La etapa probatoria se desenvuelve en dos momentos: ofrecimiento y admisión de pruebas.Falso (La etapa probatoria se desarrolla en cuatro momentos, ofrecimiento, admisión, preparación y desahogo de pruebas)."
DERECHO PROCESAL CIVIL,7,"Es requisito para la admisibilidad de las pruebas, que ofrecen las partes, ser ofrecidas conforme a derecho.Verdadero (Al ser ofrecidas conforme a derecho, cumpliendo todos los requisitos previstos en el código procesal, se les considere ofrecidas legalmente y por tanto, admisibles)."
DERECHO PROCESAL CIVIL,8,"Al admitir las pruebas ofrecidas, el juez debe considerar su pertinencia.Verdadero (El Juez sólo debe admitir las pruebas que se relacionan con el objeto de la prueba, con los hechos discutidos y discutibles, así como su idoneidad para probar esos hechos)."
DERECHO PROCESAL CIVIL,9,"La citación a las partes y a los testigos son medidas para preparar las pruebas correspondientes.Verdadero (Con estas medidas pueden prepararse las pruebas de confesión y la testimonial, los actos de preparación dependen de la prueba de que se trate)."
DERECHO PROCESAL CIVIL,10,"Sólo las pruebas documental y de confesión pueden ofrecerse fuera del término probatorio.Verdadero (De acuerdo con los artículos 296 y 308 del Código de Procedimientos Civiles para el Distrito Federal, la prueba documental debe exhibirse en los escritos de demanda y contestación, respectivamente, y la de confesión puede ofrecerse hasta 10 días antes de la audiencia de ley)."
DERECHO PROCESAL CIVIL,1,Es causa para que una prueba no sea admitida:d) Por su ofrecimiento extemporáneo.
DERECHO PROCESAL CIVIL,2,"De acuerdo con el artículo 298 del Código de Procedimientos Civiles para el Distrito Federal, es el recurso procedente para combatir la no admisión de una prueba que fue ofrecida conforme a derecho.b) Apelación."
DERECHO PROCESAL CIVIL,3,Es una regla que el juez debe observar en la audiencia de desahogo de pruebas:c) La continuación del procedimiento.
DERECHO PROCESAL CIVIL,4,"De acuerdo con el artículo 291 del Código de Procedimientos Civiles para el Distrito Federal, es una regla general que debe ser observada en el ofrecimiento de pruebas:b) Relacionar las pruebas con los hechos que se pretendan acreditar."
DERECHO PROCESAL CIVIL,5,Este tipo de pruebas pueden ser ofrecidas fuera del plazo legal establecido:d) Supervenientes.
DERECHO PROCESAL CIVIL,6,Es el acto en el que se desahogan las pruebas admitidas a las partes:a) Audiencia de pruebas y alegatos.
DERECHO PROCESAL CIVIL,7,Es requisito de una prueba documental de carácter superveniente:b) Ser de fecha posterior a los escritos de demanda y contestación.
DERECHO PROCESAL CIVIL,8,Es el acto a cargo del tribunal en el que se determinan las pruebas que se admiten y las que no se admiten:c) Auto sobre admisión de pruebas.
DERECHO PROCESAL CIVIL,9,Es una facultad discrecional del juez al admitir la prueba testimonial.d) Limitar el número de testigos.
DERECHO PROCESAL CIVIL,10,Es el acto que ordena el juez respecto de las pruebas que han sido admitidas:d) Ordenar su preparación.
DERECHO PROCESAL CIVIL,1,"La confesión es el medio probatorio por medio del cual las personas que tengan conocimiento de los hechos controvertidos declaren ante el juez.Falso (La confesión únicamente está a cargo de las partes sobre hechos que les son propios, la declaración de personas diferentes a las partes corresponde a la testimonial)."
DERECHO PROCESAL CIVIL,2,A través de la confesión se busca que el absolvente reconozca los hechos propios que se le atribuyen.Verdadero (La confesión debe recaer sobre hechos propios del absolvente en los que intervino para su existencia).
DERECHO PROCESAL CIVIL,3,"De acuerdo con el artículo 308 del Código de Procedimientos Civiles para el Distrito Federal, la prueba de confesión puede ofrecerse fuera del periodo ordinario de ofrecimiento.Verdadero (La prueba de confesión puede ofrecerse desde los escritos de demanda y contestación hasta 10 días antes de la celebración de la audiencia de ley)."
DERECHO PROCESAL CIVIL,4,"En la confesión por posiciones, estas siempre deben formularse a través del pliego correspondiente.Falso (De acuerdo al artículo 317 del Código de Procedimientos Civiles para el Distrito Federal, en la audiencia de ley pueden formularse posiciones en forma oral o directa)."
DERECHO PROCESAL CIVIL,5,"La confesión únicamente puede obtenerse a través de la formulación de posiciones.Falso (La confesión también puede actualizarse fictamente o bien, en forma extrajudicial)."
DERECHO PROCESAL CIVIL,6,La forma de preparar la prueba confesional es a través de la citación personal al que absolverá posiciones.Verdadero (De acuerdo al artículo 309 del código de Procedimientos Civiles para el Distrito Federal la notificación personal correspondientes deberá practicarse cuando menos con dos días de anticipación a la fecha señalada para la audiencia de ley).
DERECHO PROCESAL CIVIL,7,"Las posiciones que se formulen al absolvente, en todos los casos deberán expresarse en sentido positivo.Falso (De acuerdo al artículo 311 del Código de Procedimientos Civiles para el Distrito Federal, es posible articular posiciones relativas a hechos negativos, siempre que por la íntima relación entre ello, no pueda afirmarse o negarse uno sin negar o afirmar el otro)."
DERECHO PROCESAL CIVIL,8,"En el momento de desahogo de la prueba de confesión, el absolvente debe estar asistido por su abogado patrono.Falso (De acuerdo al artículo 315 del Código de Procedimientos Civiles para el Distrito Federal, no se permite asistencia de ningún tipo para el absolvente)."
DERECHO PROCESAL CIVIL,9,"Por regla general, las posiciones no deben abarcar más de 3 hechos.Falso (Por regla general, las posiciones no deben referirse a más de un hecho)."
DERECHO PROCESAL CIVIL,10,"La citación para el desahogo de la prueba confesional, debe realizarse por lo menos 5 días antes de la fecha señalada para el desahogo de la prueba.Falso (Deberá realizarse por lo menos con dos días de anticipación)."
DERECHO PROCESAL CIVIL,1,Este tipo de impugnación de documento procede cuando se considera que este ha sido alterado voluntariamente en su contenido o firma.B. De falsedad
DERECHO PROCESAL CIVIL,2,Es la forma de otorgar credibilidad a los documentos provenientes del extranjero.C. Legalización
DERECHO PROCESAL CIVIL,3,De esta manera se perfecciona un documento privado para que surta efectos probatorios.E. Reconocimiento
DERECHO PROCESAL CIVIL,4,Esta prueba debe rendirse en todos los casos en que se redarguye de falso un documento.D. Pericial
DERECHO PROCESAL CIVIL,5,Se considera un documento indubitado para el cotejo.A. Actuación judicial
DERECHO PROCESAL CIVIL,1,La prueba electrónica se regula en el artículo 374 del Código de Procedimientos Civiles para el Distrito Federal.Verdadero
DERECHO PROCESAL CIVIL,2,La prueba electrónica solo puede ser documental.Falso (También pueden consistir en imágenes).
DERECHO PROCESAL CIVIL,3,La prueba electrónica puede ser ofrecida mediante hardware o software.Verdadero
DERECHO PROCESAL CIVIL,4,El correo electrónico es un ejemplo de prueba electrónica.Verdadero
DERECHO PROCESAL CIVIL,5,"Por analogía, a las pruebas electrónicas se les deben aplicar las disposiciones relativas a la prueba documental.Falso (Las pruebas electrónicas no solo consisten en documentos)."
DERECHO PROCESAL CIVIL,1,Este requisito es particular del ofrecimiento de la prueba pericial:a) Exhibir el cuestionario que va a resolver el experto con las preguntas necesarias y posteriores adiciones de la contraparte.
DERECHO PROCESAL CIVIL,2,Este requisito es exigible para determinar la admisión de la prueba pericial:c) Que el juez requiera la presencia del perito para ratificar su designación.
DERECHO PROCESAL CIVIL,3,Este requisito debe ser cumplido por el juez previo a admitir la prueba pericial:d) Dar vista a la contraria para que pueda manifestarse respecto a la pertinencia de la prueba.
DERECHO PROCESAL CIVIL,4,"Es la sanción que corresponde en caso de que el perito único, por conformidad de las partes, no rinda su dictamen:a) Deserción de la prueba."
DERECHO PROCESAL CIVIL,5,El nombramiento de este perito tiene lugar cuando los dictámenes rendidos por los peritos de las partes son contradictorios:d) Designación de un perito tercero en discordia.
DERECHO PROCESAL CIVIL,1,"Para la prueba de inspección judicial se requiere que el juez siempre esté auxiliado por un perito.Falso (Únicamente se requiere que el juez vea determinados lugares, cosas o personas a través de los sentidos)."
DERECHO PROCESAL CIVIL,2,"La inspección judicial sólo debe recaer sobre actuaciones judiciales.Falso (Esta prueba puede recaer sobre cosas, lugares, personas)."
DERECHO PROCESAL CIVIL,3,"En determinados casos, cuando es necesario que el juez cuente con conocimientos para apreciar correctamente lo que reconocerá, puede auxiliarse con una prueba pericial.Verdadero (Únicamente cuando el conocimiento de los peritos es fundamental para guiar al juez en su reconocimiento)."
DERECHO PROCESAL CIVIL,4,La prueba de inspección debe ofrecerse llevando al juez al lugar que se pretende reconocer.Falso (Esta prueba debe ofrecerse cumpliendo todos los requisitos aplicables para el ofrecimiento de los demás medios probatorios y los particulares que le apliquen).
DERECHO PROCESAL CIVIL,5,"Cuando se trate del reconocimiento de una persona para conocer sus condiciones físicas o mentales, si la persona se opone a que el juez la inspeccione, debe ofrecerse un medio probatorio diferente.Falso (En caso de oposición al reconocimiento judicial, se tendrán por ciertas las afirmaciones de la contraparte)."
DERECHO PROCESAL CIVIL,1,Los testigos de oídas son los que producen mayor convicción en el juzgador.Falso (Los que producen mayor convicción son los testigos de vista o presenciales).
DERECHO PROCESAL CIVIL,2,Siempre debe ofrecerse un interrogatorio escrito para los testigos.Falso (Es opcional para las partes presentar un interrogatorio escrito o formularlo verbalmente).
DERECHO PROCESAL CIVIL,3,Tanto el oferente como su contraparte pueden repreguntar al testigo.Falso (El oferente formula preguntas directas y la contraparte formula repreguntas a lo declarado por el testigo).
DERECHO PROCESAL CIVIL,4,"A través del incidente de nulidad de actuaciones, las partes pueden atacar el dicho de un testigo.Falso (La vía es incidente de tacha de testigos)."
DERECHO PROCESAL CIVIL,5,"Si un testigo ha sido debidamente citado y no comparece en la fecha y hora señalada a rendir su testimonio, debe ser citado nuevamente.Falso (La prueba se declarará desierta si agotados los medios de apremio no se logra su comparecencia)."
DERECHO PROCESAL CIVIL,1,Es el tipo de testigo que da noticias sobre hechos que confirmen una acusación.e) De cargo
DERECHO PROCESAL CIVIL,2,Este tipo de testigo declara sobre la buena conducta de un procesado.d) De abono
DERECHO PROCESAL CIVIL,3,Este tipo de testigo ha tenido conocimiento de los hechos sobre los que declara de una forma directa por haberlos presenciado.f) De vista
DERECHO PROCESAL CIVIL,4,"Son los testigos cuyas declaraciones son en forma concordante, en cuanto a las circunstancias de tiempo, modo y lugar en que ocurrieron los hechos que presenciaron.b) Contestes"
DERECHO PROCESAL CIVIL,5,Son los testigos discordantes en la parte esencial de su testimonio.c) Contradictorios
DERECHO PROCESAL CIVIL,6,Estas personas están excluidas de la obligación de declarar como testigos.a) Ascendientes
DERECHO PROCESAL CIVIL,7,"De acuerdo con el artículo 291 del Código de Procedimientos Civiles para el Distrito Federal, por regla general, este requisito debe incluirse al ofrecer la prueba testimonial.h) Domicilio de los testigos"
DERECHO PROCESAL CIVIL,8,"De acuerdo con los artículos 255 y 260 del Código de Procedimientos Civiles para el Distrito Federal, los testigos que se pretendan ofrecer como prueba deben ser anunciados en estos actos procesales.g) Demanda y contestación a la demanda"
DERECHO PROCESAL CIVIL,9,Este requisito debe cumplirse en las preguntas que se formulen al testigo.i) No implicar la respuesta
DERECHO PROCESAL CIVIL,10,Es el medio para interrogar a los secretarios de Estado.j) Por oficio
DERECHO PROCESAL CIVIL,1,En el ___________________________ se busca que el juez investigue la verdad respecto a los puntos controvertidos.Interrogatorio judicial
DERECHO PROCESAL CIVIL,2,"En el _____________________, se persigue que estas acrediten los hechos de sus pretensiones.Interrogatorio de las partes"
DERECHO PROCESAL CIVIL,3,"De acuerdo con el artículo 361 del Código de Procedimientos Civiles para el Distrito Federal, el testigo debe ser interrogado primeramente por:El oferente de la prueba"
DERECHO PROCESAL CIVIL,4,"De acuerdo con el artículo 360 del Código de Procedimientos Civiles para el Distrito Federal, los testigos pueden ser interrogados a través de un:Interrogatorio escrito"
DERECHO PROCESAL CIVIL,5,"Previo a rendir su testimonio, el testigo debe ser ___________, para que se conduzca con verdad en su declaración.Protestado"
DERECHO PROCESAL CIVIL,6,"Una vez que el testigo ha sido interrogado por la parte que lo presente, la contraparte tiene el derecho de:Repreguntar"
DERECHO PROCESAL CIVIL,7,Las preguntas que se formulen al testigo deben tener relación directa con los:Hechos controvertidos
DERECHO PROCESAL CIVIL,8,"La prueba _______________________ , no es admisible para tachar a los testigos.Testimonial"
DERECHO PROCESAL CIVIL,9,A través de la _________________ se busca nulificar el valor de la declaración de un testigo.Tacha de testigos
DERECHO PROCESAL CIVIL,10,"Cuando se requiera la declaración de dos testigos, estos deben ser interrogados en esta forma:Separada"
DERECHO PROCESAL CIVIL,1,La presunción legal se caracteriza porque la consecuencia nace inmediata y directamente de la ley.Verdadero
DERECHO PROCESAL CIVIL,2,"Las presunciones no son medios probatorios.Verdadero (Es el consenso que se advierte en la doctrina, ya que se les considera que su naturaleza se determina por la función que están llamadas a cumplir)."
DERECHO PROCESAL CIVIL,3,El indicio es el hecho conocido de que se parte para establecer la presunción y conjetura.Verdadero
DERECHO PROCESAL CIVIL,4,La presunción humana está a cargo del juez.Verdadero (A diferencia de la presunción legal que se establece en la ley).
DERECHO PROCESAL CIVIL,5,El objetivo de la ficción legal es crear una situación jurídica que substituye a la realidad.Verdadero
DERECHO PROCESAL CIVIL,1,Son los razonamientos expresados verbalmente al juez en torno a su actuación durante el proceso.A) Alegatos
DERECHO PROCESAL CIVIL,2,"Son las reflexiones que las partes presentan por escrito al juez, proponiéndole el pronunciamiento que debe recaer en la controversia.E) Conclusiones"
DERECHO PROCESAL CIVIL,3,Es el tiempo del que disponen las partes para formular sus alegatos en forma verbal.B) 15 minutos
DERECHO PROCESAL CIVIL,4,A través de esta resolución se divide la instrucción del juicio.D) Citación para sentencia
DERECHO PROCESAL CIVIL,5,Esta etapa tiene lugar al finalizar el desahogo de pruebas.F) Conclusiva
DERECHO PROCESAL CIVIL,6,Es el momento procesal en el que se expresan los alegatos.C) Audiencia de pruebas
DERECHO PROCESAL CIVIL,1,Es el procedimiento mediante el cual el tribunal interno reconoce eficacia a las sentencias extranjeras que cumplan determinados requisitos formales.C) Exequatur
DERECHO PROCESAL CIVIL,2,"La sentencia que se pretende sea reconocida en el territorio nacional, para proceder a su ejecución, debe gozar de esta autoridad.A) Cosa juzgada"
DERECHO PROCESAL CIVIL,3,Esta es la vía para tramitar el procedimiento de reconocimiento u homologación.E) Incidental del
DERECHO PROCESAL CIVIL,4,Es el tipo de sentencia que resuelve el fondo del asunto planteado.B) Definitiva
DERECHO PROCESAL CIVIL,5,Es un requisito sustancial de la sentencia que obliga al juzgador a resolver todos y cada uno de los puntos sometidos a su conocimiento.D) Exhaustividad
DERECHO PROCESAL CIVIL,1,"En este apartado de la sentencia se expresa el lugar y fecha en el cual se dicta dicha resolución, así como los nombres de las partes y la identificación del juicio que se está sentenciando.q) Preámbulo"
DERECHO PROCESAL CIVIL,2,"En este apartado de la sentencia se detallan los antecedentes del asunto, haciendo alusión a la posición de las partes, sus afirmaciones y los argumentos expuestos por las mismas durante el juicio, incluyendo las pruebas que rindieron.d) Considerandos"
DERECHO PROCESAL CIVIL,3,"Esta es la parte más importante de la sentencia, ya que se constituye con las conclusiones y opiniones del tribunal, derivadas de la confrontación entre los intereses de las partes en el juicio.n) Motivación"
DERECHO PROCESAL CIVIL,4,"Esta es la parte en la que se expresa el sentido de la sentencia, si absuelve o condena al demandado así como los plazos para su cumplimiento.r) Resolutivos"
DERECHO PROCESAL CIVIL,5,"Con base en este requisito, la sentencia debe contener una correspondencia lógica entre lo aducido por las partes y lo que está resolviendo el tribunal.c) Congruencia"
DERECHO PROCESAL CIVIL,6,"Este es un requisito sustancial, en virtud del cual el tribunal está obligado a expresar los argumentos y las razones que fundamentan su resolución.n) Motivación"
DERECHO PROCESAL CIVIL,7,"Con base en este requisito, el tribunal está obligado a agotar en la sentencia todos y cada una de los puntos planteados por las partes en el juicio, refiriéndose puntualmente a cada uno de ellos.j) Exhaustividad"
DERECHO PROCESAL CIVIL,8,"Esta autoridad de cosa juzgada la adquieren las sentencias definitivas inimpugnables, que han resuelto el fondo del asunto, y cuyo resultado puede ser oponible en cualquier otro juicio.l) Material"
DERECHO PROCESAL CIVIL,9,Esta es la fuerza de cosa juzgada que adquieren determinadas resoluciones judiciales limitada al proceso mismo en el cual se han dictado.m) Formal
DERECHO PROCESAL CIVIL,10,Es la finalidad que ha perseguido el legislador con la institución de cosa juzgada material.h) Definitividad
DERECHO PROCESAL CIVIL,11,Son los límites de la cosa juzgada material se refieren a los objetos y cuestiones que se decidieron y definieron en la sentencia.o) Objetivos
DERECHO PROCESAL CIVIL,12,Este campo de limitación de la cosa juzgada se refiere a las personas que fueron afectadas por la sentencia dictada.t) Subjetivo
DERECHO PROCESAL CIVIL,13,"Por regla general, sólo estos sujetos pueden ser afectados por la sentencia que se dicte.p) Partes"
DERECHO PROCESAL CIVIL,14,"Son las cantidades que la parte perdedora debe pagar a su contraparte por la tramitación del juicio, si procedió con temeridad o mala fe.g) Costas procesales"
DERECHO PROCESAL CIVIL,15,Es otra de las causas por las que el juez puede condenar a la parte perdedora a pagar costas procesales a la parte vencedora.i) Disposición legal
DERECHO PROCESAL CIVIL,16,Es la vía procedente para que la parte vencedora reclame el pago de los gastos y costas generados en el juicio.k) Incidental
DERECHO PROCESAL CIVIL,17,"Para que la parte vencedora tenga derecho a que se le paguen los honorarios de abogados, debe acreditar que durante el juicio fue asesorada por un profesionista que cuente con este requisito.b) Cédula profesional"
DERECHO PROCESAL CIVIL,18,"Es la fuerza adquirida por una sentencia definitiva que ya no puede ser discutida, y menos modificada en una resolución ulterior.f) Cosa juzgada"
DERECHO PROCESAL CIVIL,19,Es la consecuencia inmediata verificada en los casos en que la sentencia definitiva no es recurrida a través de los recursos ordinarios contemplados en la ley adjetiva secundaria.a) Causa ejecutoria
DERECHO PROCESAL CIVIL,20,"Este tipo de sentencia crea, modifica o extingue una relación jurídica.e) Constitutiva"
DERECHO CONSTITUCIONAL,Definición de DERECHO CONSTITUCIONAL,"El derecho constitucional regula la estructura de la administración pública, el funcionamiento de los órganos políticos supremos, define la posición del individuo frente al Estado y señala la forma de gobierno del país. Es decir estudio lo que tenga que ver con la organización del Estado señalándole sus facultades y su relación."
DERECHO CONSTITUCIONAL,Cuales son los métodos de interpretación en los que se apoya el Derecho Constitucional y en que consiste cada uno de ellos.,"El método lógico que sirve para desentrañar el sentido de la norma - El Método histórico consiste en analizar las distintas constituciones que han existido para señalar sus cambios y evolución - El Método crítico valorativo en donde se critica los valores que rodearon a cierta constitución, para saber porque se hizo de tal manera un precepto."
DERECHO CONSTITUCIONAL,Cual es la razón por la que el derecho constitucional adquirió esa denominación,Hasta el siglo XIX una vez que se estableció la costumbre de reunir las normas jurídicas concernientes a las instituciones políticas en un texto especial de carácter solemne llamado constitución.
DERECHO CONSTITUCIONAL,Porque los juristas de principios del siglo XX destacaban la importancia del Estado de Derecho.,Para mantener a los gobernantes sometidos a las normas jurídicas.
DERECHO CONSTITUCIONAL,Concepto de Derecho Constitucional según Karl Smitch:,"El Derecho Constitucional Estudia la Constitución de un Estado u organización de este. Desde el punto de vista del documento por el cual es regulado, este documento llamado Constitución debe contener las características de ser absoluto, relativo, e ideal."
DERECHO CONSTITUCIONAL,Concepto de Derecho Constitucional según Karl Lowestein:,"El Derecho Constitucional analiza la teoría de la constitución, dice que se encuentra bajo un orden sistemático y unitario, y nos explica, el orden constitucional en la dinámica del proceso político."
DERECHO CONSTITUCIONAL,Concepto de Derecho Constitucional según Ignacio Burgoa Origuela:,"Define el derecho constitucional como el que estudia la constitución pero no la constitución en abstracto sino como un conjunto de principios como libertad e igualdad y hace la diferencia entre derecho constitucional y teoría de la constitución. El derecho es un orden jurídico constituido y establecido, a la teoría es en concreto una rama, es decir se dedica a una constitución específica."
DERECHO CONSTITUCIONAL,Concepto de Derecho Constitucional según Felipe Tena Ramírez:,"Define el derecho constitucional como la doctrina individual y especifica, de determinado régimen del Estado. No podemos cimentar, un derecho constitucional contrario a la Libertad. El derecho constitucional es del Estado, cuando el Estado es de Derecho."
DERECHO CONSTITUCIONAL,Concepto de Derecho Constitucional según Daniel Moreno Días:,"El derecho constitucional es una rama del derecho público, y su finalidad, es la constitución política y social del Estado."
DERECHO CONSTITUCIONAL,Concepto de Derecho Constitucional según Andre Hariou:,"Define al derecho constitucional, como el encuadramiento jurídico, de los fenómenos políticos encuadramiento que se realiza, dentro del marco de una constitución."
DERECHO CONSTITUCIONAL,Concepto de Derecho Constitucional según Maurice Louberger:,El derecho constitucional es la parte del derecho que regula las instituciones políticas del Estado estudiar el derecho constitucional es estudiar las instituciones políticas en sus aspectos jurídicos.
DERECHO CONSTITUCIONAL,Definición de CONSTITUCION,Hasta el siglo XIX una vez que se estableció la costumbre de reunir las normas jurídicas concernientes a las instituciones políticas en un texto especial de carácter solemne llamado constitución.
DERECHO CONSTITUCIONAL,Qué documento surgió en Inglaterra a principios del siglo XIII y que es origen de la Constitución y cual es su finalidad.,"LA CARTA MAGNA y su finalidad fue conseguir que esta sirviera como limitación de poder por parte de los gobernantes. Entre otras cosas exigidas, se pedía el favor de no violentar el derecho y se formó, en otras palabras, el derecho al debido proceso también se separó la iglesia del estado."
DERECHO CONSTITUCIONAL,Explica brevemente cual es el contenido de la Carta Magna de 1215.,"En ella se aseguran las propiedades y derechos feudales frente al poder del rey, se solicita que se establezca un senado, se establece que ninguna persona sea enjuiciada sin proceso por parte del monarca, se amplia la seguridad a campesinos, comerciantes etc."
DERECHO CONSTITUCIONAL,Qué documento surgió en Francia a finales del siglo XVIII y cual es su finalidad.,"La declaración de los derechos del hombre y del ciudadano, en donde se estableció principalmente los derechos fundamentales del hombre o las garantías individuales."
DERECHO CONSTITUCIONAL,Explica brevemente cual es el contenido de La Declaración de los Derechos del Hombre y del Ciudadano de 1789 en Francia.,"El artículo 2 enumera los derechos naturales e imprescriptibles del hombre, que son anteriores a los poderes establecidos y son considerados como aplicables en cualquier lugar y cualquier época: la libertad la propiedad la seguridad la resistencia a la opresión. Muchos artículos son dedicados a la libertad: Artículo 1: Los hombres nacen y permanecen libres e iguales en derechos Los artículos 4 y 5 intentan definir y circunscribir la libertad. Es definida como lo que no perjudica a nadie y sólo la ley le puede poner límites Los artículos 7, 8 y 9 precisan las características de la libertad individual: presunción de inocencia e irretroactividad de la ley Los artículos 10 y 11 se refieren a la libertad de opinión, de prensa y de conciencia."
DERECHO CONSTITUCIONAL,En que partes se divide la Constitución y cual es el contenido de cada una de ellas.,"PARTE DOGMATICA: Contiene los derechos y libertades fundamentales de los gobernados, es decir Las garantías individuales. PARTE ORGANICA: Se refiere a la organización, funciones, facultades y relaciones de los órganos del poder público, la integración del territorio nacional, la forma de gobierno, el concepto de soberanía, entre otros."
DERECHO CONSTITUCIONAL,Cual es el concepto de Constitución desde el punto de vista material y formal.,"Concepto material: Es el conjunto de normas que designan, a los órganos supremos, del Estado, los modos de su creación, sus relaciones mutuas, fijan el círculo de su acción y por ultimo la situación de cada uno de ellos respecto al Poder del Estado. Desde este punto de vista material, Las Constituciones del mundo occidental, han organizado al poder público con la mira de impedir el abuso del mismo, de ahí que se sustenten, en dos principios capitales: 1) Las garantías individuales 2) La separación de poderes. Concepto formal: Es cierto documento solemne, un conjunto de normas jurídicas, que solo pueden ser modificadas, mediante la observancia, de prescripciones especiales. cuyo objeto es dificultar la modificación de tales normas."
DERECHO CONSTITUCIONAL,Concepto de Constitución según Karl Smitch:,"Hay que limitar la palabra constitución, a constitución del Estado, es decir la unidad política de un pueblo, entonces significa, la situación total de la unidad y ordenación política. Por otro lado, también puede significar, un sistema cerrado de normas entonces designa igualdad. El concepto de constitución es un todo, porque designa un todo."
DERECHO CONSTITUCIONAL,Concepto de Constitución según Fernindam LaSalle:,"La constitución es la ley fundamental, proclamada en el país, en la que se hecha los cimientos, para la organización del derecho público de ese país. La constitución, puede ser real y efectiva cuando la constitución de un país es la suma de los factores reales del poder. Que rigen en ese país. También puede ser escrita cuando se toman esos factores reales del poder, se extienden en una hoja de papel, se les da expresión escrita y a partir de ese momento, ya se han elegido como derecho en instituciones jurídicas y quien atente contra ellas atenta contra la ley y es castigado."
DERECHO CONSTITUCIONAL,Concepto de Constitución según Herman Heller:,"Una constitución política solo puede concebirse como un ser, al que dan forma las normas. Y la analiza desde tres puntos de vista: a. La realidad – el constitucionalismo es la ciencia de la realidad, estudia los aspectos políticos y sociales. b. Jurídico – Se refiere a la forma de ser del Estado, en cuanto a su estructura y su funcionamiento. c. Escrita – Es un documento formal, que contiene a las reglas, y se hizo con el propósito de que si se ocasionaban, cambios bruscos, en el poder, no se alterara el contenido de la constitución."
DERECHO CONSTITUCIONAL,Define el principio de SUPREMACIA CONSTITUCIONAL,Consiste en que a partir de las normas constitucionales se derivan todas las demás leyes dentro del Estado. Ninguna ley esta por encima de las normas constitucionales.
DERECHO CONSTITUCIONAL,Menciona y explica 3 de las consecuencias de La Supremacía Constitucional.,"a) Surge el subprincipio de unidad a través del cual se asegura la compatibilidad vertical y horizontal de las normas dentro del ordenamiento las normas inferiores deben adecuarse a las superiores y las normas de igual nivel no pueden contradecirse pues la norma superior decide el conflicto. b) Surge el subprincipio de control, de la supremacía constitucional, pues si no se efectiviza el mismo, no existirá relación de supra y subordinación normativa dentro del ordenamiento. La constitución va a controlar todas las leyes. c) Surge el subprincipio de razonabilidad, según el cual, las leyes deben ser instrumentos o medios adecuados a los fines establecidos por la constitución. Deben estar de acuerdo con la constitución. Ejemplo. La ley federal del trabajo es un instrumento o medio para que se aplique el ART 123 CONST."
DERECHO CONSTITUCIONAL,Definición del principio de legalidad.,"Consiste en que todos los servidores públicos, solo pueden hacer lo que les esté formal y expresamente permitido."
DERECHO CONSTITUCIONAL,Explica brevemente en que consiste el principio de inviolabilidad Constitucional según ART 136 Const.,Que la constitución no perderá su fuerza o vigor aun cuando su observancia sea interrumpida por rebelión.
DERECHO CONSTITUCIONAL,Explica brevemente en que consiste el principio de reformabilidad constitucional.,Consiste en que esta puede ser reformada por un procedimiento especial establecido en la misma constitución.
DERECHO CONSTITUCIONAL,De acuerdo al ART 135 Const. En que consiste el procedimiento para adicionar o reformar la constitución vigente.,"Se requiere que el Congreso de la Unión, por el voto de las dos terceras partes de los individuos presentes, acuerden las reformas o adiciones, y que estas sean aprobadas por la mayoría de las legislaturas de los Estados."
DERECHO CONSTITUCIONAL,En que consiste el medio de control de la constitucionalidad a cargo de un órgano político.,"Control de la constitucionalidad por medio de un organismo político este sistema, es el confía la función del control de la constitucionalidad a un organismo especial, a un verdadero poder al lado de los poderes clásicos. (ejecutivo, legislativo y judicial) El sistema de control constitucional por órgano político generalmente, revela la existencia de un 4o poder distinto de los otros tres al cual esta encomendada, la protección del orden establecido por la constitución se caracteriza, en que la petición o solicitud de declaración de inconstitucionalidad de un acto o de una ley la hacen las mismas autoridades, contra aquella responsable de la violación. El procedimiento observado para hacer la declaración mencionada no es contencioso, sino que estriba, en un mero estudio hecho por el poder controlador, acerca de la ley o acto reclamado, con el fin de concluir si son constitucionales o no la resolución pronunciada no reviste el carácter de una sentencia ya que esta recae únicamente en los procedimientos contenciosos."
DERECHO CONSTITUCIONAL,Cuales son los inconvenientes de que el control de la constitucionalidad lo ejerza el órgano político.,"El sistema de control constitucional por órgano político generalmente, revela la existencia de un 4o poder distinto de los otros tres al cual esta encomendada, la protección del orden establecido por la constitución se caracteriza, en que la petición o solicitud de declaración de inconstitucionalidad de un acto o de una ley la hacen las mismas autoridades, contra aquella responsable de la violación. El procedimiento observado para hacer la declaración mencionada no es contencioso, sino que estriba, en un mero estudio hecho por el poder controlador, acerca de la ley o acto reclamado, con el fin de concluir si son constitucionales o no la resolución pronunciada no reviste el carácter de una sentencia ya que esta recae únicamente en los procedimientos contenciosos."
DERECHO CONSTITUCIONAL,En que consiste el medio de control de la constitucionalidad ejercido por el órgano jurisdiccional.,Recae en un juez el determinar la constitucionalidad de un acto o una ley.
DERECHO CONSTITUCIONAL,Cual es la conveniencia de que el control de la constitucionalidad este a cargo del órgano jurisdiccional.,"La controversia judicial que se suscita en el juicio o proceso del procedimiento seguido ante un órgano jurisdiccional de control, tiene como opositores al individuo agraviado y a la autoridad responsable del acto o ley violatoria, teniendo las resoluciones o sentencias solo efectos relativos de cosa juzgada en el sistema que nos ocupa, se elude la peligrosa interpretación o conceptuación absoluta de inconstitucionalidad hecha por un órgano político sustenta la autoridad en el sentido de considerar aquella como un menoscabo a su actividad y reputación se deduce que nuestro juicio de amparo es evidentemente, un medio de control de constitucionalidad ejercido por un órgano jurisdiccional."
DERECHO CONSTITUCIONAL,De que manera el orden jurídico regula la actuación humana:,"De manera autoritaria, con un tono absolutamente obligatorio."
DERECHO CONSTITUCIONAL,Cuando el Estado interviene organizando las relaciones del hombre con sus semejantes.,"Interviene organizando las relaciones del hombre con sus semejantes en cuanto estas afectan, la consecución plena del bien común la justicia la seguridad jurídica y la convivencia armónica de los derechos subjetivos."
DERECHO CONSTITUCIONAL,"De que manera el Estado garantiza el bien común, la justicia, la seguridad jurídica y la armonía social.","Mediante un orden coactivo, aplicado por una institución jurídico política."
DERECHO CONSTITUCIONAL,Que es lo que da lugar a la institución denominada Estado y a su autoridad.,"La exigencia de la naturaleza libre y social del hombre que requiere de un orden, ha de estar legalmente fundado por una ley y adecuadamente motivado por la realidad por ello que el poder originario que se haya en el pueblo se deriva dando lugar a la institución denominada Estado."
DERECHO CONSTITUCIONAL,Definicion de Estado:,Es una población unida orgánicamente bajo una suprema autoridad y agrupada en un determinado territorio.
DERECHO CONSTITUCIONAL,Cuales son los elemento materiales del Estado y como se define cada uno de ellos.,"La Población : Es un grupo de personas que habita en un determinado territorio en un momento determinado - Gobierno: Es el grupo de poder o autoridad encargado de proteger a la población y al territorio creando leyes o instrumentos para ello - El territorio: Es el ámbito geográfico donde se asienta el Estado, es el espacio aéreo terrestre y marítimo donde un Estado ejerce su soberanía."
DERECHO CONSTITUCIONAL,Concepto de soberanía:,Es la facultad de autodeterminación que es la capacidad de un Estado para autogobernarse de manera política.
DERECHO CONSTITUCIONAL,Cuales son las tres formas fundamentales como históricamente se han formado los Estados:,a) Constituye el desarrollo orgánico desde una asociación familiar primitiva - b) La reunión voluntaria bajo un jefe electo por los subordinados - c) Sometimiento por un conquistador seguido por el reconocimiento del pueblo.
DERECHO CONSTITUCIONAL,Definicion de Estado de derecho:,Es aquel que se organiza y funciona de acuerdo con los principios emanados de la constitución.
DERECHO CONSTITUCIONAL,Cuales son los fines del Estado de derecho y como se define cada uno de ellos:,a) El bien común - Es el equilibrio o armonía que todo Estado de derecho debe procurar entre los intereses sociales o colectivos y los intereses individuales o particulares - b) La justicia - Es dar a cada quien lo que legalmente le pertenece - c) La seguridad jurídica - Es la certeza o certidumbre que todo individuo debe tener del régimen jurídico bajo el cual somos regulados como gobernados.
DERECHO CONSTITUCIONAL,Que requiere el Estado de derecho:,a) Un sistema de poderes - b) Sistema de normas - c) Los fines.
DERECHO CONSTITUCIONAL,Cuales son los presupuestos el Estado de derecho:,"1) La libertad como creación de la ley - 2) las razones de la ley - 3) los derechos del hombre - 4) La identidad entre coacción legítima, libertad y derecho - 5) La organización del Estado y la posición del ciudadano."
DERECHO CONSTITUCIONAL,Que relaciones se establecen entre el Estado de derecho.,"1) Actuar, que es el poder debe ejercerse respetando y de acuerdo a las normas jurídicas, el hombre tiene libertad para hacer todo lo que la ley no le prohíba - 2) Garantiza los derechos de los demás - 3) La obligación de respetar los derechos fundamentales del hombre - 4) El poder se legitima mediante normas, la legalidad es el ejercicio del poder conforme a las normas, que el poder limite al poder para esto se da el 5o presupuesto - 5) La división de poderes."
DERECHO CONSTITUCIONAL,Definicion de nacionalidad?,Es la situación de interdependencia que guarda una comunidad respecto de la soberanía de un país o estado.
DERECHO CONSTITUCIONAL,Diferencia entre nacionalidad jurídica propia e impropia?,La nacionalidad jurídica propia se atribuye a las personas y la nacionalidad jurídica impropia se atribuye a los objetos.
DERECHO CONSTITUCIONAL,Diferencia entre nacionalidad jurídica propia esencial y accidental?,Esencial se atribuye a las personas físicas y la nacionalidad jurídica propia accidental se atribuye a las personas morales o colectivas.
DERECHO CONSTITUCIONAL,Diferencia entre la nacionalidad jurídica propia o impuesta y otorgada?,"Propia es impuesta cuando el estado que la impone lo hace sin pedir el consentimiento al individuo, otorgada por el contrario se requiere la manifestación de la voluntad de la persona."
DERECHO CONSTITUCIONAL,Diferencia entre el IUS SOLI y IUS SANGUINIS?,"El IUS SOLI se atribuye la nacionalidad al individuo por el lugar en que nace, independientemente la nacionalidad de sus padres, y el IUS SANGUINIS se atribuye la nacionalidad al individuo cuando nace de padre o madre nacionales de un estado o ambos padres son nacionales de ese mismo estado."
DERECHO CONSTITUCIONAL,En que consiste el IUS DOMICILI?,Se atribuye la nacionalidad a las personas dependiendo del lugar en el que fijen permanentemente su domicilio independientemente del lugar de su origen o la nacionalidad de sus padres.
DERECHO CONSTITUCIONAL,En que consiste el IUS CONUBI?,Es del criterio por medio del cual la nacionalidad se obtiene dependiendo de la nacionalidad de la persona con quien ese individuo contraiga matrimonio.
DERECHO CONSTITUCIONAL,Según el ART 33 de la constitución quienes se consideran extranjeros?,Los que no posean las calidades determinadas en el artículo 30 constitucional.
DERECHO CONSTITUCIONAL,De acuerdo al ART 33 CONST de que derechos gozan los EXTRANJEROS?,"Tienen derecho a las garantías que otorga el Capítulo I, Título Primero, constitucional."
DERECHO CONSTITUCIONAL,SEGÚN EL ART.33 DE LA CONSTITUCION QUE FACULTADES TIENE EL PRESIDENTE DE LA REPUBLICA?,"Tendrá la facultad exclusiva de hacer abandonar el territorio nacional, inmediatamente y sin necesidad de juicio previo, a todo extranjero cuya permanencia juzgue inconveniente."
DERECHO CONSTITUCIONAL,SEGÚN EL ART.33 DE LA CONSTITUCION QUE RESTRICCIONES TIENEN LOS EXTRANJEROS?,Los extranjeros no podrán de ninguna manera inmiscuirse en los asuntos políticos del país.
DERECHO CONSTITUCIONAL,DE Acuerdo al ART 3o de la constitucion en que consiste la democracia:,"Será democrático, considerando a la democracia no solamente como una estructura jurídica y un régimen político, sino como un sistema de vida fundado en el constante mejoramiento económico, social y cultural del pueblo."
DERECHO CONSTITUCIONAL,Cual es la forma de gobierno de Mexico.,"Se CONSTITUYE EN UNA REPUBLICA REPRESENTATIVA, DEMOCRATICA, FEDERAL, COMPUESTA DE ESTADOS LIBRES Y SOBERANOS."
DERECHO CONSTITUCIONAL,Segun el numero de personas que ejercen el poder y a la forma en que lo hacen que se determina:,"En Mexico, la forma de gobierno se determina de acuerdo al principio de la división de poderes integrados por los tres poderes según lo establece el ART 49 CONST: Artículo 49.- El Supremo Poder de la Federación se divide para su ejercicio en Legislativo, Ejecutivo y Judicial."
DERECHO CONSTITUCIONAL,Bajo que principio de determina la forma de gobierno en Mexico.,"Artículo 40.- Es voluntad del pueblo mexicano constituirse en una República representativa, democrática, federal de acuerdo a lo anterior, la republica mexicana es una republica democrática y representativa ya que el pueblo decide a través de sus representantes directos por votación o indirectos que son designados por el senado a propuesta del ejecutivo federal, la forma en que habrá de llevarse la administración de la REPUBLICA."
DERECHO CONSTITUCIONAL,Cuales son las partes del gobierno y cual es la funcion de cada una de ellas:,a) Del poder legislativo es legislativa - b) Del poder ejecutivo su función es administrativa - c) Del poder judicial su función es Jurisdiccional.
DERECHO CONSTITUCIONAL,En que consiste: La funcion legislativa administrativa y jurisdiccional:,"FUNCION LEGISLATIVA. Es aquella tendiente a la elaboración y creación modificación o extinción de situaciones jurídicas generales cuyas características son la abstracción, la permanencia, la coercitividad, la bilateralidad y la impersonalidad de la norma. FUNCION ADMINISTRATIVA. El Estado realiza bajo un orden jurídico, consistente en la ejecución, de actos materiales o de actos que determinan situaciones jurídicas concretas, mediante la ejecución de ley. FUNCION JURISDICCIONAL. Es aquella realizada por un órgano de Estado consistente en la aplicación de casos concretos con la finalidad de resolver un conflicto o una cuestión de derecho entre dos partes la cual es resuelta por un tercero imparcial mediante la aplicación e interpretación de la ley, teniendo dicha resolución carácter de obligatoriedad."
DERECHO CONSTITUCIONAL,CONCEPTO DE DERECHO CONSTITUCIONAL.,Es la rama del Derecho encargada de analizar y controlar las leyes fundamentales que rigen al Estado.
DERECHO CONSTITUCIONAL,OBJETO DEL DERECHO CONSTITUCIONAL.,"Estudiar la forma de gobierno y la regulación de los poderes públicos, tanto en su relación con los ciudadanos como entre sus distintos órganos."
DERECHO CONSTITUCIONAL,EXPLIQUE LAS FUENTES DEL DERECHO CONSTITUCIONAL.,"CONSTITUCION. Expedida el 5 de feb. y puesta en vigor el 1 de mayo 1917.- esta fuente es de carácter: MEDIATO.- Mov. Social q inicio con la rebelión de madero en contra de Porfirio diaz con el fin de la no reelección, es el porque, la causa y la justificación de la creación INMEDIATO .- Es quien hace la constitución, congreso constituyente JURISPRUDENCIA. interpretación correcta y valida de la ley en latín jurisprudentia ius derecho prudentis sabiduría, conocimiento, sentido etimológico= sabiduría del derecho COSTUMBRE. Es la repetición constante de un acto que con el paso del tiempo se vuelve obligatoria y con apoyo del poder político llega a convertirse en ley, es fuente x q se convierte en norma constitucional a través de un proceso reflexivo del legislador LEY: Leyes que reglamentan procesos constitucionales. (Ley de Amparo que reglamenta la garantía constitucional mas importante). Leyes que precisan los órganos creados en la propia Constitución. (Código Federal de Instituciones y Procedimiento Electorales, que reglamenta lo relativo a los partidos políticos nacionales) DOCTRINA: Aunque esta no es obligatoria es de suma importancia en la realización de legislaciones y jurisprudencias. REGLAS DEL JUEGO DEL SISTEMA POLÍTICO: No son de carácter jurídico, pero conforman y modifican a las instituciones que están establecidas en la ley fundamental. (Presidente de la república elige a su candidato del mismo partido para que sea su sucesor)."
DERECHO CONSTITUCIONAL,DÉ UNA DEFINICIÓN DE CONSTITUCIÓN.,"Tiene el carácter de norma suprema, prevalecerá sobre cualquier otra que fuese posterior y contraria a ella (jerarquía constitucional). Es un texto de carácter jurídico-político fruto del poder constituyente que fundamenta todo el ordenamiento, situándose en él como norma que recoge, define y crea los poderes constituidos limitándolos al servicio de las personas."
DERECHO CONSTITUCIONAL,¿CUÁNTOS DOCUMENTOS CONSTITUCIONALES ANTECEDEN A NUESTRA CARTA MAGNA EN VIGOR?,"Constitución de 1824. Establecía una forma de gobierno republicana, representativa y popular, dividiendo el poder en Legislativo, Ejecutivo y Judicial y además señalando a la religión católica como la oficial y Única. El poder ejecutivo se ponía en manos de una sola persona y exista la vicepresidencia. Las Siete Leyes Constitucionales, de 1835-1836. La inestabilidad política de las primeras décadas del México independiente provocaron un enfrentamiento entre dos grupos: federalistas y centralistas. Hacia 1835 los Centralistas se impusieron, eliminaron la anterior constitución y crearon una nueva conocida como las Siete Leyes, en la cual el país fue dividido en departamentos --en vez de estados-- y se establecía el supremo poder Conservador que podía anular una ley o un decreto y declarar la incapacidad física o moral del presidente del Congreso. Bases orgánicas de 1843. También de corte centralista. Se instaura la pena de muerte y se restringía la libertad de imprenta. Acta constitutiva y de Reformas de 1847. Debido a la inestabilidad política del país y a la guerra contra Estados Unidos (1846-1848), el país volvía a adoptar el sistema federal establecido en la Constitución de 1824. El acta establecía las garantías individuales, suprimía el cargo de vicepresidente que tantos problemas había causado en los años anteriores y establecía el derecho de amparo. Constitución de 1857. Estuvo en vigor de 1857 a 1917 y durante el caos de la guerra de Reforma, la intervención y el Imperio (1857-1867) fue la bandera que defendieron los liberales y republicanos encabezados por Juárez. Era de corte liberal, establecía el federalismo, la abolición de la esclavitud, la defensa de las ideas y la libertad de imprenta. En dicha ley ya no se establecía la religión católica como la oficial, lo cual provocó un malestar entre los conservadores. Constitución de 1917. Fue promulgada en la ciudad de Querétaro y se tomó como base la Constitución de 1857, pero se añadieron todas las demandas que dieron origen a la revolución mexicana, como la cuestión agraria (Art. 27), la cuestión obrera (Art. 123) la educación obligatoria y gratuita (Art. 3o). Por su amplio contenido social, en su momento fue considerada como una de las Constituciones más avanzadas del mundo. Actualmente está en vigor y desde su promulgación el 5 de febrero de 1917 ha sido reformada más de 400 veces."
DERECHO CONSTITUCIONAL,¿CÓMO SE DIVIDE NUESTRA CONSTITUCIÓN Y DE CUANTOS ARTÍCULOS SE CONFORMA?,"La que actualmente nos rige fue promulgada el 5 de febrero de 1917, contiene 136 artículos y 19 transitorios. a) Parte dogmática: en esta parte se comprende los primeros 29 artículos, y en esta se encuentran expresados los derechos fundamentales del hombre en la declaración de garantías individuales (donde se reconocen derechos y libertades sociales). En esta parte de la constitución se hace referencia a las garantías individuales, a la declaración universal de los derechos humanos y a las garantías de seguridad jurídica. Algunos de los derechos que se establecen en la parte dogmática son: el derecho a la libertad, derecho a la libre expresión, asociación y tránsito, derecho a la educación laica y gratuita, derecho a la posesión de armas de fuego para seguridad y legítima defensa, derecho de huelga, derecho a la libre profesión, jornadas de trabajo máxima de 8 horas, derecho al trabajo. b) Parte Orgánica. En esta parte están los artículos que regulan el capítulo geográfico del país, la forma y órganos de gobierno, la división y organización de los poderes de la unión, la distribución de facultades entre los órganos e instituciones federales y locales, la supremacía de la Constitución y finalmente su inviolabilidad. Su contenido abarca entre los artículos 30-136, y así se complementan las garantías individuales, expresadas en la parte dogmática."
DERECHO CONSTITUCIONAL,¿QUÉ ES LA SUPREMACÍA CONSTITUCIONAL Y FUNDAMENTO?,"Significa que la Constitución es la norma que denominamos fundamental, que está en la cúspide o por encima de las demás normas jurídicas. Y SE FUNDAMENTA EN EL: ARTICULO 133. Esta Constitución, las leyes del Congreso de la Unión que emanen de ella y todos los tratados que estén de acuerdo con la misma, celebrados y que se celebren por el Presidente de la República, con aprobación del senado, serán la ley suprema de toda la Unión. Los jueces de cada estado se arreglaran a dicha constitución, leyes y tratados, a pesar de las disposiciones en contrario que pueda haber en las constituciones o leyes de los estados."
DERECHO CONSTITUCIONAL,DESCRIBA LOS PRINCIPIOS DOCTRINALES QUE RIGEN AL DERECHO CONSTITUCIONAL.,"Entre los principios doctrinales del derecho constitucional, aparece la división de poderes (Poder Legislativo, Poder Ejecutivo y Poder Judicial) y la protección del Estado de derecho (el poder estatal sometido a un orden jurídico), la soberanía nacional y los derechos fundamentales (estabilidad y control de la constitucionalidad, que es el mecanismo jurídico que garantiza el cumplimiento de las normas constitucionales)."
DERECHO CONSTITUCIONAL,¿QUÉ SON LAS GARANTÍAS CONSTITUCIONALES Y CÓMO SE DIVIDEN?,"Son el conjunto de instrumentos procesales, establecidos por la norma fundamental, con objeto de restablecer el orden constitucional cuando el mismo sea transgredido por un órgano de autoridad política. Se dividen en: Garantías Individuales: La Constitución comienza con la declaración de garantías individuales, y así se intitula el capítulo I del título primero. Podemos decir que esta es la parte axiológica de la ley fundamental y la causa base de toda la organización política. El artículo 1° de la Constitución manifiesta: En los Estados Unidos Mexicanos todo individuo gozará de las garantías que otorga esta Constitución, las cuales no podrán restringirse ni suspenderse, sino en los casos y con las condiciones que ella misma establece. La declaración de garantías individuales se divide en tres grandes partes: Los derechos de igualdad, Libertad y Seguridad jurídica. Garantías Sociales: La declaración de garantías sociales está contenida primordialmente en los artículos 3, 27, 28 y 123 de la Constitución, que se refieren a la educación al agro, al régimen de propiedad y al aspecto laboral. Las garantías sociales protegen al hombre como integrante de un grupo social y le aseguran un mínimo educativo y económico. Las garantías sociales implican un hacer por parte del Estado, en cambio las garantías individuales representan primordialmente una abstención por parte del propio Estado. A través de las garantías sociales se protege a los grupos sociales más débiles. Para ello nacieron estas garantías y en parte así subsisten, solo que actualmente se han extendido para otorgar protección en general tal es el caso de la educación y de la seguridad social. Disposiciones constitucionales que establecen y regulan los derechos y prerrogativas de los grupos humanos o de la nación en su conjunto, conforme a criterios de justicia y bienestar colectivos."
DERECHO CONSTITUCIONAL,¿QUÉ ES FUERO?,"Garantía de que gozan determinados servidores públicos en virtud del cargo que ostentan, que les da la posibilidad de ser juzgados por funcionarios y a través de procedimientos especiales. La doctrina jurídica clásica concibe al fuero como aquella prerrogativa de senadores y diputados -así como de otros servidores públicos contemplados en la Constitución- que los exime de ser detenidos o presos, excepto en los casos que determinan las leyes, o procesados y juzgados sin previa autorización del órgano legislativo al que pertenecen: Parlamento, Congreso o Asamblea. El término es de uso coloquial o común y suele utilizarse como sinónimo de inmunidad parlamentaria. El fuero o la inmunidad se entiende también como un privilegio conferido a determinados servidores públicos, para mantener el equilibrio entre los poderes del Estado en los regímenes democráticos, y salvaguardarlos de eventuales acusaciones sin fundamento. En el caso de la responsabilidad civil de los legisladores no se requiere del procedimiento de declaración de procedencia, ya que en cuanto particulares, se les podrá demandar por la realización u omisión de actos o el incumplimiento de obligaciones señaladas en el Código Civil, los cuales siempre tienen una obligación reparadora o bien el otorgamiento de una indemnización."
DERECHO CONSTITUCIONAL,¿QUÉ ES EL JUICIO POLÍTICO Y CUÁL ES SU FUNDAMENTO?,"Es procedente el juicio político cuando los actos u omisiones de los servidores públicos señalados por el artículo 110 de la Constitución redunden en perjuicio de los intereses públicos fundamentales o de su buen despacho (Art. 6 de la Ley Federal de Responsabilidad de los Servidores Públicos). Es oportuno dejar claro que no procede el juicio político por la mera expresión de ideas (Art. 7 LFRSP). Los actos que puede motivar el ejercicio del juicio político son aquellos que redundan en perjuicio de los intereses públicos fundamentales y de su buen despacho y que la Ley Federal de Responsabilidad de los Servidores Públicos enumera de la siguiente manera: El ataque a las instituciones democráticas El ataque a la forma de gobierno republicano, representativo, federal Las violaciones graves y sistemáticas a las garantías individuales o sociales El ataque a la libertad de sufragio La usurpación de atribuciones Cualquier infracción a la Constitución o a las leyes federales cuando cause perjuicios graves a la Federación, a uno o varios estados de la misma o de la sociedad, o motive algún trastorno en el funcionamiento normal de las instituciones Las omisiones de carácter grave, en los términos de la fracción anterior y Las violaciones sistemáticas o graves a los planes, programas y presupuestos de la administración pública federal o del Distrito Federal y a las leyes que determinan el manejo de los recursos económicos federales y del Distrito Federal. (Art. 7 LFRSP). Asimismo, los gobernadores de los estados, los diputados de las legislaturas locales y los magistrados de los tribunales superiores de justicia locales podrán ser sujetos de juicio político por violaciones graves a la Constitución General de la República, a las leyes federales que de ella emanen, así como por el manejo indebido de fondos y recursos federales (Art. 5 LFRSP). Corresponde al Congreso de la Unión valorar la existencia y gravedad de los actos u omisiones. Cuando estos tengan carácter delictuoso se formulará la declaración de procedencia y se estará a lo dispuesto por la legislación penal."
DERECHO CONSTITUCIONAL,"¿QUÉ ES UN FUNCIONARIO PÚBLICO, SERVIDOR PÚBLICO Y EMPLEADO PÚBLICO?","Empleados.- Es quien presta sus servicios para algún órgano del Estado, en virtud de un nombramiento y que se desempeña normalmente en actividades de apoyo al funcionario su labor no implica un poder de decisión, disposición de la fuerza pública o representación estatal alguna Funcionarios.- Estos disponen de un poder jerárquico con respecto de los empleados y los demás funcionarios inferiores, poder que deriva en capacidad de mando, de decisión y de disciplina nos referimos a todos los llamados mandos medios y a parte de los denominados mandos superiores desde jefe de unidad departamental hasta subsecretario, y Altos Funcionarios.- Es aquel que desempeña en el ámbito federal, un cargo de elección popular, vg: Presidente de la República, diputado o senador el que se encuentra en el máximo nivel dentro del poder judicial como un ministro de la Suprema Corte de Justicia de la Nación o que es titular de cualquier dependencia del poder ejecutivo como es un Secretario de Estado. Conforme a la constitución federal aquí quedan incluidos todos los servidores públicos a quienes para serles exigida responsabilidad, requieren declaratoria de procedencia del órgano legislativo. Por su parte, la legislación mexicana clasifica a los funcionarios según ejercen la función pública, esto es, los divide en: a) Empleados de confianza y b) Empleados de base."
DERECHO CONSTITUCIONAL,¿CÓMO SE CLASIFICAN LAS CONSTITUCIONES?,"CODIFICADA / NO CODIFICADA / DISPERSA. La Constitución Codificada es aquella formulada sistemática y ordenadamente conformando todo un sistema a través de la ley escrita. Por ejemplo Constitución política de Francia. La Constitución No Codificada no tiene un orden sistemático, sino ha sido recogido conforme han sido dictadas o aplicadas las normas. La Constitución Dispersa es aquella formulada sin unidad de sistema. Por ejemplo Reino Unido, Israel. CONSTITUCIÓN POLÍTICA ESCRITA / NO ESCRITA O CONSUETUDINARIA La Constitución Escrita es aquella formulada en un documento por una autoridad competente. Por ejemplo Constitución política de Italia, de Bolivia. Constitución No escrita o Consuetudinaria es aquella que no está ordenada en un solo texto, diríamos que no están uni-codificadas. Ejemplo de Constitución no escrita o consuetudinaria es la Constitución política de Nueva Zelanda, del Reino Unido. CONSTITUCIÓN POLÍTICA GENÉRICA O SUMARIA / ANALÍTICA O DESARROLLADA La Constitución genérica o sumaria solo expone las líneas generales de organización del Estado. Por ejemplo Constitución política EE.UU., Francia 1875. La Constitución Analítica o desarrollada incluye Regímenes especiales (económicas, sociales, etc.) que llevan a modificarlo constantemente. Por ejemplo la Constitución española de 1931, la alemana de 1919 (Rep. De Weimar). CONSTITUCIÓN POLÍTICA IDEOLÓGICA / UTILITARIA O PRAGMÁTICA La Constitución ideológica establece un sistema político determinado sobre la base de una ideología. Por ejemplo EE.UU., China, Cuba, las constituciones latinoamericanas. La Constitución utilitaria o pragmática es neutral en ideología, regula sólo la forma de gobierno, no los derechos de los ciudadanos. Por ejemplo la Constitución alemana de 1871 (Rep. De Weimar), la constitución de la III República francesa (1875). CONSTITUCIÓN POLÍTICA FORMAL / MATERIAL O REAL La Constitución formal es aquella elaborada de acuerdo a un procedimiento. La Constitución material es aquella que integra la normatividad jurídica y la normalidad reflejando la realidad. CONSTITUCIÓN POLÍTICA NORMATIVA / NOMINAL / SEMÁNTICA Es Constitución Normativa si se cumple en la realidad. La Constitución Nominal es aquella que no se cumple lo que establece. Por ejemplo todas las constituciones de Sudamérica. La Constitución Semántica, solo esta en el texto, siempre hay avasallamiento de los derechos del individuo y desborde de los límites del poder del Estado. CONSTITUCIÓN POLÍTICA RÍGIDA/ FLEXIBLE/ PÉTREA La Constitución Flexible es aquella que puede ser reformada a través de una ley ordinaria. Permite adaptarla a la realidad aunque lleva al caos jurídico. Constitución del Reino Unido. La Constitución Rígida es aquella que no puede modificarse mediante procesos ordinarios o incorporan procesos que dificultan su modificación. Asegura la supremacía aunque no permite adaptarla a los cambios, creando con esto tensiones sociales u jurídicas. La Constitución Pétrea es aquella que no se puede reformar. Por ejemplo la Constitución italiana es una de ellas. Así, no puede cambiar la forma de gobierno republicano. CONSTITUCIÓN POLÍTICA ORIGINARIA / DERIVADA La Constitución Originaria nace de una realidad nacional histórica de una nación. Ej. EE.UU. La Constitución Derivada se basa en otra Constitución y por lo tanto toman una realidad ajena. Ej. Constituciones de Sudamérica. CONSTITUCIÓN POLÍTICA OTORGADA / PACTADA / PROMULGADA Por las formas de otorgar una Constitución política del Estado estas se clasifican en: Cartas Otorgadas, Constituciones Impuestas, Pactos Constitucionales, Acuerdos Constitucionales."
DERECHO CONSTITUCIONAL,¿QUÉ SON LOS TRATADOS INTERNACIONALES?,"Cualquier acuerdo internacional celebrado por escrito entre Estados y regido por el derecho internacional, ya conste en un instrumento único o en dos o más instrumentos conexos y cualquiera que sea su denominación particular (artículo 2, inciso a), de la Convención de Viena sobre el Derecho de los Tratados de 1969), así como aquellos celebrados entre México y organizaciones internacionales."
DERECHO CONSTITUCIONAL,¿EN QUÉ CONSISTE EL CONTROL DE CONSTITUCIONALIDAD?,"El control constitucional, concebido lato sensu, estriba en aquellos medios jurídicos que previenen, reparan, nulifican o sancionan, la violación de las disposiciones constitucionales. Dentro de esta concepción podríamos incluir, además de los medios tradicionalmente reconocidos en México como instrumentos de control de la constitucionalidad stricto sensu (juicio de amparo, etcétera), otros procedimientos como por ejemplo: el derecho de veto del presidente de la república establecido en el artículo 72, inciso c), constitucional, el cual faculta al titular del Ejecutivo a retornar a la cámara de origen todo proyecto de ley o decreto, lo cual podría efectuarse por los vicios de inconstitucionalidad de que adolecieren la ley o decreto en cuestión."
DERECHO CONSTITUCIONAL,¿QUÉ ES CIUDADANÍA?,"Significa el conjunto de derechos y deberes por los cuales el ciudadano, el individuo está sujeto en su relación con la sociedad en que vive. El término ciudadanía proviene del latín civitas, que significa ciudad. Por tanto, ciudadanía es la condición que se otorga al ciudadano de ser miembro de una comunidad organizada."
DERECHO CONSTITUCIONAL,¿QUÉ ES NACIONALIDAD?,La nacionalidad es el estado al que pertenece una persona que ha nacido en una nación determinada o ha sido naturalizada. Es también la condición y carácter peculiar de los pueblos y ciudadanos de una nación.
DERECHO CONSTITUCIONAL,Mencione el concepto de Garantía Individual,"Entendemos por Garantías individuales al conjunto de diversos derechos consignados por los ordenamientos jurídicos vigentes, que son otorgados a favor de todo sujeto considerado titular de los mismos y facultado jurídicamente para exigirlos frente a las autoridades del Estado."
DERECHO CONSTITUCIONAL,Fuentes jurídicas de las Garantías Individuales,"Son fuentes de las garantías individuales la constitución, las leyes secundarias, los tratados internacionales y las constituciones locales."
DERECHO CONSTITUCIONAL,Elementos de las Garantías Individuales,"Los elementos están dados por la relación que se establece entre el sujeto titular de las garantías individuales y el sujeto obligado a respetar las garantías individuales, cuyo amparo de dichos derechos fundamentales es el objeto de las garantías individuales. Sujeto titular de las garantías individuales - Sujeto obligado por las garantías individuales - Objeto de las garantías individuales."
DERECHO CONSTITUCIONAL,Principios constitucionales de las Garantía Individuales,De supremacía constitucional de legalidad y de rigidez constitucional.
DERECHO CONSTITUCIONAL,Características de las Garantías Individuales,Unilaterales - Irrenunciables - Supremas - Inalienables - Imprescriptibles - Permanentes - Generales.
DERECHO CONSTITUCIONAL,¿En qué casos procede la suspensión de las Garantías Individuales?,"La suspensión de las garantías individuales se encuentra prevista en el Artículo 29. En los casos de invasión, perturbación grave de la paz pública, o de cualquier otro que ponga a la sociedad en grave peligro o conflicto."
DERECHO CONSTITUCIONAL,¿Quién puede decretar la suspensión de las Garantías Individuales?,Artículo 29. Solamente el Presidente de los Estados Unidos Mexicanos.
DERECHO CONSTITUCIONAL,¿Quiénes intervienen en la suspensión de las Garantías Individuales?,"En el Artículo 29 se establece que además del Presidente deberá acordar con: Los secretarios de Estado, Jefes de departamento, y el Procurador General de la República."
DERECHO CONSTITUCIONAL,Clasificación de las Garantías Individuales,Las garantías de igualdad - Las garantías de libertad - Las garantías de propiedad - Las garantías de seguridad jurídica.
DERECHO CONSTITUCIONAL,Requisitos del derecho de petición,El peticionario debe formular su solicitud ante la autoridad estatal por escrito - La petición debe hacerse de manera pacífica - La petición debe formularse de manera respetuosa al servidor público en funciones.
DERECHO CONSTITUCIONAL,Obligaciones de la autoridad para contestar el derecho de petición,"La autoridad estatal debe proporcionar la respuesta por escrito a la solicitud que haga el peticionario - La respuesta de la autoridad pública debe ser congruente con lo pedido - La autoridad estatal debe dar contestación al peticionario en breve término - La autoridad pública está obligada a cerciorarse de que la respuesta al peticionario sea notificada del contenido del acuerdo que determinó sobre la solicitud que se le formule, circunstancia que debe demostrarse en caso de que se promueva un juicio de amparo indirecto - La respuesta a la solicitud del gobernado que impone a la autoridad estatal el art. 8o. Constitucional, no obliga a que la autoridad pública tenga que dar respuesta favorable al peticionario, sino tan sólo que dé contestación a su petición."
DERECHO CONSTITUCIONAL,Restricciones al derecho de petición.,"Se restringe su ejercicio cuando se trata de materia política, debido a que sólo podrán hacer uso de dicho derecho los ciudadanos de la República. Esta restricción se relaciona con el Art 34 constitucional."
DERECHO CONSTITUCIONAL,Mencione las Garantías Individuales que contiene al artículo 11 constitucional,"Artículo 11. Todo hombre tiene derecho para entrar en la República, salir de ella, viajar por su territorio y mudar de residencia, sin necesidad de carta de seguridad, pasaporte, salvo-conducto u otros requisitos semejantes. El ejercicio de este derecho estará subordinado a las facultades de la autoridad judicial, en los casos de responsabilidad criminal o civil, y a las de la autoridad administrativa, por lo que toca a las limitaciones que impongan las leyes sobre emigración, inmigración y salubridad general de la República, o sobre extranjeros perniciosos residentes en el país. Consigna cuatro garantías de libertad: La de entrar al territorio de la república - La de salir del territorio de la República - La de viajar dentro del territorio mexicano - La de cambiar de residencia o domicilio."
DERECHO CONSTITUCIONAL,Mencione las Garantías Individuales que contiene el artículo 14 constitucional,Consigna cuatro: La garantía de irretroactividad legal - La garantía de Audiencia - La garantía de legalidad en materia judicial penal - La garantía de legalidad en materia judicial civil.
DERECHO CONSTITUCIONAL,Irretroactividad de la ley,"Prohíbe aplicar retroactivamente una ley dictada con posterioridad a una persona cuando cause perjuicio a una persona, en tanto puede darse efectos retroactivos cuando no provoque un perjuicio a la esfera jurídica del individuo."
DERECHO CONSTITUCIONAL,Garantía de Audiencia,"El sujeto titular.- la garantía de audiencia se otorga a toda persona, sea física o moral, pública o privada. El acto de privación de los bienes.- se comprende como la afectación que se provoca al patrimonio del sujeto titular de la garantía de audiencia, con lo que se produce una pérdida de sus bienes o derechos del que goza jurídicamente. El juicio seguido ante tribunales previamente establecidos.- Se refiere a que la autoridad estatal debe llevar a efecto la substanciación de anterioridad en la ley, previamente que se prive a una persona de alguno de sus bienes jurídicamente protegidos por la garantía de audiencia. Las formalidades esenciales del procedimiento.- se le permita a la persona titular de la garantía de audiencia, defenderse en el juicio y ser vencido en él."
DERECHO CONSTITUCIONAL,Exacta aplicación de la Ley,De aquí nace el principio en derecho penal de No hay pena sin delito. Toda conducta debe estar tipificada por el ordenamiento jurídico.
DERECHO CONSTITUCIONAL,Legalidad en materia Civil,"Se dará cuando en la resolución judicial que deba atender la controversia planteada, según sea el caso de las materias antes aludidas, que debe ser fundada en la ley y no se pueda decidir por el texto de dicho ordenamiento jurídico, porque este es obscuro, deficiente, incompleto o confuso, ante ello el juzgador se encuentra obligado a recurrir a interpretar la ley, a través de diversos sistemas de interpretación, a fin de fijar su sentido y alcance."
DERECHO CONSTITUCIONAL,Mencione las Garantías Individuales que contiene al artículo 16,Éste consagra las diversas garantías de seguridad jurídica: La garantía de legalidad - La garantía de que la orden de aprehensión provenga de la autoridad judicial - La garantía de poner al inculpado a disposición del juez competente al ejecutar la orden de aprehensión - Excepciones a la garantía de la orden de aprehensión - La garantía para que se lleve a cabo la orden de cateo - La garantía a las comunidades privadas - La garantía a la visita domiciliaria - La garantía de la privacidad del domicilio ante los miembros de las fuerzas armadas.
DERECHO CONSTITUCIONAL,Garantía de legalidad,"Prevista en el primer párrafo del Art 16 establece que ningún individuo sea afectado por la autoridad estatal por un acto de molestia, comprendido este, como la modificación o la inflexión que se causa a la integridad personal (sea física, psíquica o moral), a los derechos que ejerce en su familia (estado civil, tutela, patria potestad, etc), al domicilio, a sus papeles, o sus posesiones."
DERECHO CONSTITUCIONAL,Excepciones a la orden de aprehensión,"Se dan en los supuestos: La detención del indiciado por cualquier persona cuando se trate de delito flagrante, se entiende cuando al indiciado se detiene en el momento en que está cometiendo la conducta delictiva y, Cuando el MP, bajo su responsabilidad, ordene su detención por que se trate de un caso urgente sea delito grave calificado existe el riesgo fundado de que el indiciado pueda sustraerse de la acción de la justicia y siempre y cuando no se pueda ocurrir ante la autoridad judicial por razón de la hora, lugar o circunstancia."
DERECHO CONSTITUCIONAL,Orden de aprehensión provenga de autoridad judicial,"Consiste en que se emita la orden de aprehensión se haga constar con firma del servidor público que lo expide, y se funde y motive la causa legal del procedimiento además: Que la orden proceda de denuncia o querella - Que la denuncia o querella se refiera a una conducta tipificada - Que el delito sea sancionado con pena privativa de la libertad - Que existan datos que acrediten los elementos del cuerpo del delito - Que consten datos sobre la probable responsabilidad del indiciado."
DERECHO CONSTITUCIONAL,Garantía de poner al inculpado a disposición del juez competente al ejecutar la orden de aprehensión,"La autoridad facultada para ejecutar la orden judicial de aprehensión decretada por la autoridad judicial será policial judicial que esta bajo la autoridad del MP, el cual conoce de la orden de aprehensión que ejecute la referida orden de aprehensión."
DERECHO CONSTITUCIONAL,DIFERENCIA ENTRE INDIVIDUO Y CIUDADANO.,"El individuo como sujeto ético y legal, beneficiario de todos los derechos inherentes a su condición humana (derechos humanos), y El ciudadano como beneficiario de los derechos políticos y civiles reconocidos por la constitución nacional de cada país."
DERECHO PENAL,¿Cómo se inicia el Derecho Penal?,"El hombre ve reflejados sus primarios instintos, que lo llevan a proteger con violencia sus intereses particulares y la búsqueda del orden social a través de normas de conducta, castigando actos que ofendían a la comunidad."
DERECHO PENAL,¿En qué etapas se divide la evolución del Derecho Penal?,Venganza privada - Venganza divina - Venganza familiar - Venganza pública - Humanística - Científica.
DERECHO PENAL,¿Cuáles son las características de cada una de ellas?,"Venganza privada: El hombre, ante una agresión recibida obtiene satisfacción mediante otro acto violento. El ofendido realizaba su venganza por propia mano, de manera desproporcional. Venganza divina: El delito era causa de descontento de los dioses los jueces y tribunales juzgaban en nombre de la divinidad ofendida, pronunciando sentencias e imponiendo penas para satisfacer su ira. Venganza familiar: Aparece la ley del Talión, haciendo un esfuerzo para evitar la desproporción de la fuerza del ofendido el grupo familiar del afectado realiza el acto de justicia causando igual daño al ofensor. Venganza pública: Imposición por parte del representante de la autoridad de la comunidad, se caracteriza por aplicarse con severidad. Humanística: Movimiento humanitario de las penas y de los sistemas penales benevolencia en el tratamiento de los delincuentes, formas más humanas en la investigación de los delitos, castigos menos excesivos y mejores diseños de prisiones. Científica: Surge la orientación científica en la prevención, investigación de los delitos, personalidad del delincuente, peligrosidad y ocupación para su rehabilitación."
DERECHO PENAL,¿Cuáles son las escuelas jurídico penales?,"Clásica, positiva, sociológica, técnico jurídica y crítica."
DERECHO PENAL,Establece las características de la escuela clásica:,Establece que todos los hombres nacimos con la capacidad para actuar - Niega el determinismo o la predisposición hacia el delito - La ley debe aplicarse de la misma manera a todos los hombres por igual - El hombre tiene una responsabilidad de tipo moral por su libre albedrío - Utiliza el método deductivo en la investigación - La pena debe ser en proporción al delito cometido.
DERECHO PENAL,Establece las características de la escuela positiva:,"Niega el libre albedrío - Afirma que el hombre no escoge libremente y de manera consciente sobre el bien y el mal - El punto de mira de la justicia penal es el delincuente, pues el delito no es otra cosa que un sistema revelador de un estado peligroso - La sanción penal, para que derive del principio de la defensa social, debe estar proporcionada y ajustada al estado peligroso y no a la gravedad objetiva de la infracción - El método es el inductivo, experimental - Todo infractor de la ley penal, responsable moralmente o no, tiene responsabilidad legal - La pena tiene una eficacia muy restringida importa más la prevención que la represión de los delitos y, por tanto, las medidas de seguridad importan más que las penas mismas - El juez tiene facultad para determinar la naturaleza delictuosa del acto y para establecer la sanción, imponiéndola con duración indefinida para que pueda adecuarse a las necesidades del caso - La pena, como medida de defensa, tiene por objeto la reforma de los infractores readaptables a la vida social, y la segregación de los incorregibles."
DERECHO PENAL,Establece las características de la escuela sociológica:,"La pena tiene como fin conservar el orden jurídico - Concibe al delito como fenómeno jurídico natural - Afirma que la pena es una necesidad - Los factores criminológicos son individuales, físicos, sociales y económicos - Estima la peligrosidad e inimputabilidad del delincuente - La pena funciona para prevenir y readaptar al delincuente."
DERECHO PENAL,Establece las características de la escuela técnico jurídica:,"El delincuente es el objeto de la máxima preocupación científica de la justicia - El delito es una manifestación de la personalidad del delincuente y hay que readaptar a este a la sociedad corrigiendo sus inclinaciones viciosas - La corrección es el pivote sobre el cual gira este nuevo período - La pena como sufrimiento carece de sentido lo que importa es su eficacia, dado aquel fin."
DERECHO PENAL,Establece las características de la escuela ecléctica:,Niega el libre albedrío - Afirma que el delito es un hecho individual y social - Considera la responsabilidad moral - Distingue entre imputables e inimputables.
DERECHO PENAL,¿Cuáles eran los delitos más comunes en la época precortesiana y cómo se castigaban?,"Delitos Principales: Alcahuetería, Peculado, Cohecho de jueces, Traición en guerra, Deserción, Adulterio, Homicidio, Espionaje, etc. Penas más Aplicadas: La de muerte: (ahorcadura, hoguera, degüello, descuartizamiento, desollamiento), Esclavitud, Castigos Infamantes, Penas Corporales, Destierro, Encarcelamiento."
DERECHO PENAL,¿Dónde surge el primer Código Penal y cuándo lo promulgaron?,"Código Penal para el estado de Veracruz (1869) - Código Penal de 1871, conocido como Código de Martínez Castro Vigente hasta 1929 y con influencia de la escuela Clásica."
DERECHO PENAL,"¿Cuáles son las principales características del derecho precortesiano, colonial e independiente?","Precortesiano: el derecho de los indígenas tenía figuras igual o más adelantadas que la de los colonizadores. Antes de la Conquista, debido a la religiosidad y severa educación de los habitantes del territorio de lo que hoy es México, el crimen era un fenómeno poco común, ya que el castigo resultaba Muy Severo. Colonial: Las manifestaciones de la cultura indígena fueron abolidas y se impusieron las del pueblo conquistador las leyes de las Indias fueron el principal cuerpo legal de la colonia. Independiente: Después de la independencia, empiezan a promulgarse leyes con influencia de la legislación colonial, las cuales eran aplicables a falta de ley nueva."
DERECHO PENAL,¿Cuáles son las fuentes del derecho en general?,"Reales: Causa que hace necesaria la creación de la norma factores y elementos que determinan el contenido de tales normas. Formales: Procesos de creación de las normas jurídicas ley jurisprudencia, costumbre, doctrina y principios generales de derecho. Históricas: Medios objetivos en los cuales se contienen las normas jurídicas códices en que se encuentran antiguas normas derogadas."
DERECHO PENAL,¿Cuál es la fuente del Derecho Penal?,"La constitución, el apego a la ley penal códigos penales de cada estado, tratados internacionales, leyes especiales locales y federales y jurisprudencia."
DERECHO PENAL,¿Cuáles son las fuentes de producción y las fuentes de conocimiento?,"Fuentes de producción: Órgano que produce la norma jurídica, mediante su ficción legislativa. Fuentes de conocimiento: Instrumentos legislativos en que esta plasmada la ley penal, mientras que deben ser objeto de interpretación y aplicación en el ejercicio de la función jurisdiccional."
DERECHO PENAL,¿Qué dispone el artículo 14 Constitucional?,"En los juicios del orden criminal queda prohibido imponer, por simple analogía y aun por mayoría de razón, pena alguna que no este decretada por una ley exactamente aplicable al delito de que se trata."
DERECHO PENAL,¿Qué significa interpretar?,"Interpretar la ley significa precisar su sentido, la necesidad de interpretación deriva de la naturaleza misma de las características de abstracción, generalidad e impersonalidad que observa."
DERECHO PENAL,¿Cómo se clasifica la interpretación de la ley?,Por su origen (los sujetos que la realizan) - Atendiendo a los diversos medios y métodos empleados - Según sus resultados.
DERECHO PENAL,En razón al método la interpretación de la ley puede ser:,"Histórica: La norma debe entenderse en relación con el momento que se creó considerando las circunstancias y el porque y para que se creó. Gramatical: Esclarece la norma según el sentido estrictamente literal de la disposición. Lógica: Consiste en revisar las circunstancias imperantes en el momento en que se creó la norma, conocer la exposición de motivos respectiva y saber que factores influían en la sociedad en aquel momento. Sistemática: Implica conocer y comprender todo el cuerpo legal a que pertenece la norma por interpretar para no considerarla aisladamente. Analógica: Consiste en interpretar la norma de manera que se recurra a normas o casos similares entre sí, a fin de desentrañar su sentido."
DERECHO PENAL,¿Cuál es la interpretación de la ley por sus resultados y explique cada una de ellas?,Declarativa: coincide la voluntad de la ley con la letra de esta. Extensiva: la intención de la ley es mayor que la expresada en texto. Restrictiva: el texto legal expresa más de lo que pretendió el legislador. Progresiva: adecua el texto de la ley a las necesidades imperantes.
DERECHO PENAL,¿Cómo puede ser la interpretación en razón de su origen?,Doctrinal o privada: Es la que realizan los particulares. Auténtica o legislativa: Es la que realiza el legislador para precisar o aclarar el significado de la norma jurídica. Judicial o jurisdiccional: Es la que realizan los juzgadores con el fin de aplicar la norma jurídica a los casos concretos.
DERECHO PENAL,¿En qué consiste la analogía de la ley?,En extender una norma jurídica que regula un determinado hecho a otro no previsto en ella.
DERECHO PENAL,¿Cuáles son los ámbitos de validez de la Ley Penal?,"Material, temporal, personal y espacial."
DERECHO PENAL,¿Cuál es el reparto de la competencia en órdenes legislativos?,Federal y común.
DERECHO PENAL,¿Principios para resolver los problemas sobre la aplicabilidad de las leyes penales?,"Territorial, personal, real y universal."
DERECHO PENAL,¿En qué casos se aplica la extraterritorialidad?,"Delitos que se preparen o hagan fuera de México pero que produzca efectos en México - Delitos cometidos en embajadas o en contra de funcionarios que en ellas laboran - Delitos cometidos en contra de las embarcaciones y aeronaves, mercantiles u oficiales del Estado."
DERECHO PENAL,¿Cómo se define la territorialidad?,Aplicación de la ley en el territorio donde esta misma fue creada emana en virtud de la soberanía de cada estado por lo que debe tener aplicabilidad en su propio territorio y no en otro.
DERECHO PENAL,¿Qué es la extradición y cuáles son sus formas?,"Es la entrega que hace un estado a otro de un condenado o acusado que se ha refugiado en aquel. Activa: Hace referencia al que solicita la entrega del delincuente. Pasiva: Entrega del delincuente por parte del país donde se refugió. Espontánea: El país donde se encuentra el delincuente lo entrega al país donde es perseguido y donde corresponde ser juzgado por algún delito sin existir requerimiento del país receptor. Voluntaria: El propio delincuente se entrega a su estado de origen. De paso o de tránsito: Es el permiso que otorga un Estado por el hecho de que el delincuente pase por su territorio, al dirigirse al Estado donde cometió el delito en virtud de la extradición."
DERECHO PENAL,¿Cuáles son los requisitos para la extradición de un delincuente?,Que el hecho imputado este expresamente previsto dentro del catalogo de delitos que puedan ser materia de extradición - Que el hecho tenga sea delito en los países que suscriben el Tratado - Que se encuentre viva la acción penal para perseguirlo - Que la pena que corresponde al mismo no sea menor de un año de prisión - Sólo por delitos perseguibles de oficio.
DERECHO PENAL,¿Cómo se define la expulsión?,"Hacer abandonar el territorio nacional, inmediatamente y sin necesidad de juicio previo, a todo extranjero cuya permanencia juzgue inconveniente, facultad discrecional otorgada al ejecutivo de la unión."
DERECHO PENAL,¿Qué es el Derecho Penal?,Conjunto de reglas jurídicas establecidas por el Estado que asocian el crimen como hecho a la pena como legítima consecuencia indican las medidas de seguridad y señalan las formas para su aplicación.
DERECHO PENAL,¿Cuáles son las características del Derecho Penal?,"Es una función pública. El Estado, en uso de su soberanía, es el único que puede determinar cuáles son las conductas punibles y fijarles una pena - Castiga las conductas externas. Es regulador de conductas externas. Nunca será delito el mero hecho de pensar - Es un derecho normativo. Establece prohibiciones, normas y mandatos que deben ser observados estrictamente por los destinatarios - Es un derecho valorativo. Para sancionar, elige aquellas conductas que tengan un significado importante para el ordenamiento jurídico. Se evalúan las conductas importantes. No toda actuación es infracción penal, solamente aquellas que lesionen o puedan lesionar bienes jurídicos importantes para la comunidad - Es finalista. Tiene como fin velar por el respeto de la norma. Para el bienestar común y por ser finalista es un derecho destinado a corregir aquellas conductas peligrosas para la comunidad - Es un sistema discontinuo de ilicitudes. No castiga todas las conductas ilícitas, sino que solamente aquellas que tiene relevancia social, que ponen en peligro o atentan contra la convivencia - Es un derecho sancionatorio o punitivo. Castiga los actos delictivos - Es un derecho personalísimo. Las penas y sanciones se aplican exclusivamente a la persona que cometió el delito."
DERECHO PENAL,¿Cuál es el fin del Derecho Penal?,"La misión primordial del Derecho Penal es fomentar el respeto a los bienes jurídicos, es decir, su función es de carácter ético – social. El derecho no puede prohibir la causación de un resultado. Lo que hace es prohibir la realización de conductas dirigidas a lesionar o que lleven consigo la posibilidad poner en peligro, un bien jurídico y esta función la cumple mandando o prohibiendo determinadas acciones y no tratando de evitar la causación de determinados resultados."
DERECHO PENAL,¿En qué consiste el Derecho Penal subjetivo?,Es la facultad que tiene el Estado de fijar penas (perspectiva abstracta). Cuando se hace efectivo el derecho punitivo es exclusivamente en virtud de una ley.
DERECHO PENAL,¿En qué consiste el Derecho Penal objetivo?,Es el conjunto de leyes y normas que definen los delitos y las penas (derecho concreto).
DERECHO PENAL,Para su estudio el Derecho Penal se divide en:,"Parte General: Estudia las leyes penales en general, a los delincuentes, las penas y las medidas de seguridad. Parte Especial: Estudia a los delitos en particular."
DERECHO PENAL,¿Con qué ciencias del Derecho Penal se relaciona y por qué?,"Derecho Constitucional: Este contempla las necesidades propias de una sociedad en un tiempo determinado y su satisfacción y el penal protege que estas necesidades sean satisfechas. Derecho Civil: Este contempló en Derecho Romano delitos de tipo penal que hoy reciben influencia de la legislación común en su conceptualización. Derecho Internacional: Mediante los principios y pautas del este se celebran tratados internacionales para la investigación, persecución y sanción de los delitos en el ámbito internacional. Derecho Penitenciario: Este se encarga de la aplicación de sanciones."
DERECHO PENAL,¿Cuáles son algunas de las Ciencias Auxiliares del Derecho Penal?,"Antropología criminal, sociología criminal, psicología criminal, criminología, medicina legal y penología."
DERECHO PENAL,¿En qué consiste la criminología?,"Ciencia empírica e interdisciplinaria que se ocupa del crimen, del delincuente, de la víctima y del control social del comportamiento desviado."
DERECHO PENAL,¿Cómo se define la criminalística?,Ciencia que se encarga de la aplicación de la evidencia material para demostrar lo que realmente sucedió en la reconstrucción de los hechos.
DERECHO PENAL,Concepto de delito:,"Acto u omisión que concuerda exactamente con la conducta que, como tal, se menciona expresamente en tipificada en las normas penales."
DERECHO PENAL,¿Cuáles son los elementos esenciales del delito?,"Esenciadísimos: Antijuricidad, tipo, conducta, culpabilidad. Esenciales: Tipicidad, punibilidad, imputabilidad."
DERECHO PENAL,Defina en forma somera cada uno de los elementos esenciales del delito:,"Antijuricidad: Conducta contraria a derecho - Tipo: Descripción legal de la conducta sancionada por la ley - Conducta: Comportamiento humano, voluntario, positivo o negativo encaminado a un propósito - Culpabilidad: Relación directa entre voluntad y conocimiento del hecho con la conducta realizado - Imputabilidad: Capacidad de entender y querer en el campo del derecho penal, capacidad de ejercicio que implica salud mental en el momento en que se comete el delito - Punibilidad: Amenaza de una pena contemplada en la ley, cuando se ha violado una norma penal - Tipicidad: Adecuación de la conducta al tipo penal."
DERECHO PENAL,Mencione cuáles son las corrientes doctrinarias que han definido al delito:,"Teoría finalista, causalista y sociologista."
DERECHO PENAL,¿Cuáles son los objetos del delito y defina cada uno de ellos?,Material: Entidad corpórea sobre la que recae el delito - Jurídico: Bien jurídico lesionado o puesto en peligro.
DERECHO PENAL,"Concepto de delito instantáneo, continuado y permanente:","Instantáneo: Se consuman en el momento en que se realizan todos sus elementos se agotan en el instante en que la conducta produce el delito - Continuado: Se producen varias acciones dañinas y un solo resultado jurídico relevante encaminado a un objetivo determinado - Permanente: La conducta se consuma al momento de realizarse, pero la secuela de esta permanece durante algún tiempo."
DERECHO PENAL,¿Cómo se clasifican los delitos de acuerdo a su forma de persecución?,De oficio y de querella de parte.
DERECHO PENAL,Diferencia entre objeto material y objeto jurídico del delito:,El material se refiere a la persona física o moral sobre al que recae el delito el jurídico hace referencia al daño del bien jurídico tutelado por la norma.
DERECHO PENAL,Menciona como se clasifica el delito en función de su materia:,"Del fuero común, del fuero federal y del fuero militar."
DERECHO PENAL,¿En qué consiste la inmunidad política y la inmunidad diplomática?,Prerrogativa que se les concede a los diplomáticos de otros países que se encuentran en el territorio nacional en el desempeño de sus funciones consiste en dejarlo exento de la jurisdicción ordinaria.
DERECHO PENAL,Concepto de conducta:,"La conducta es entendida como el comportamiento humano voluntario, positivo o negativo encaminado a un propósito."
DERECHO PENAL,¿Qué es la acción?,"La acción consiste en actuar o hacer, es un hecho positivo, el cual implica que el agente lleve a cabo uno o varios movimientos corporales y comete la infracción a la ley el que por sí mismo o por medio de instrumentos, animales, mecanismos e incluso mediante personas (autoría mediata)."
DERECHO PENAL,Mencione y explique los elementos de la acción:,"VOLUNTAD: es el querer, por parte del activo, de cometer el delito. Es la intención del sujeto activo. ACTIVIDAD: consiste en hacer o actuar. Es el hecho positivo o movimiento corporal humano encaminado a producir el ilícito. RESULTADO: es la consecuencia de la conducta el fin deseado por el agente y previsto en la ley penal. NEXO DE CAUSALIDAD: es el ligamento que une a la conducta con el resultado, el cual debe ser material."
DERECHO PENAL,Defina qué es la omisión y cuáles son sus elementos:,"La omisión consiste en no realizar la conducta típica con abstención de actuar, esto es, no hacer o dejar de hacer. Elementos: la voluntad, la inactividad, el resultado y el nexo causal."
DERECHO PENAL,¿En qué consiste la omisión simple y la comisión por omisión?,"OMISIÓN SIMPLE: llamada también omisión propia, la cual consiste en no hacer lo que se debe hacer, ya sea voluntaria o culposamente. Lo que produce un delito, aunque no haya un resultado, de modo que se infringe una norma preceptiva como en el caso de portación de arma prohibida. COMISIÓN POR OMISIÓN: llamada también omisión impropia, consistente en un no hacer voluntario culposo, cuya abstención produce un resultado material, y se infringe una norma preceptiva y otra prohibitiva como el abandono de la obligación de alimentar a los hijos, con lo que se puede causar su muerte."
DERECHO PENAL,¿Qué es la acción para la teoría causalista?,Se trata de un comportamiento humano dependiente de la voluntad que produce una determinada consecuencia en el mundo exterior.
DERECHO PENAL,¿Cómo define a la acción la teoría finalista?,"La acción no es un proceso causalmente dependiente de la voluntad, sino por su propia esencia, es el ejercicio de la actividad final."
DERECHO PENAL,¿Qué es la ausencia de conducta?,"Esto quiere decir que la conducta (acción u omisión) no existe y, por tanto, da lugar a la inexistencia de delito. Es un impeditivo de la formación de la figura delictiva."
DERECHO PENAL,¿Cómo se define la vis mayor y la vis absoluta?,"Vis Absoluta: consiste en que una fuerza humana exterior e irresistible se ejerce contra la voluntad de alguien, quien en apariencia comete la conducta delictiva. Vis Maior: es la fuerza mayor que a diferencia de la vis absoluta, proviene de la naturaleza. Se presenta el aspecto negativo de la conducta, es decir, ausencia de conducta, pues no existe la voluntad por parte del supuesto."
DERECHO PENAL,¿En qué consiste la actione liberae in causa y cuáles son sus efectos en el derecho penal?,Ocurre cuando se comete una conducta típica en estado de incapacidad psíquica provocada.
DERECHO PENAL,Explica el concepto de tipo penal:,Descripciones precisas de las acciones u omisiones que son consideradas como delito y a los que se les asigna una pena o sanción.
DERECHO PENAL,¿Cuáles son los elementos esenciales del tipo penal y cómo se define cada uno de ellos?,Subjetivos: Aluden a la finalidad del sujeto activo del delito - Objetivos: Pueden ser captados por medio de los sentidos - Normativos: Es necesario realizar una valoración jurídica o cultural.
DERECHO PENAL,¿Qué es la ausencia de tipo?,"Se presenta cuando el legislador, deliberada o inadvertidamente, no describe una conducta que, según el sentir general debería ser incluida en el catálogo de los delitos."
DERECHO PENAL,Explicar el concepto de tipicidad:,Cualidad que se le atribuye a un comportamiento que se adecua al tipo penal.
DERECHO PENAL,Defina qué se entiende por atipicidad:,Ausencia de adecuación de la conducta al tipo.
DERECHO PENAL,Diferencia entre la tipicidad y el tipo penal:,"La tipicidad es la cualidad que se le atribuye a un comportamiento que se adecua al tipo penal, el tipo es la descripción de la conducta prohibida."
DERECHO PENAL,Explique la función de la tipicidad y mencione en qué precepto legal se encuentra la tipicidad:,"Su función es una secuela del principio legalista y garantía de libertas tiene una función delimitadora, motivadora y garantizadora de legalidad, se encuentra tutelada en el artículo 14 constitucional."
DERECHO PENAL,¿Cómo se clasifican los tipos penales de acuerdo por su conducta y en qué consisten?,Acción: Requieren del movimiento corporal del agente en la realización del hecho punible - Omisión: El agente realiza una conducta diversa a la jurídicamente ordenada por la norma.
DERECHO PENAL,¿Cómo se clasifican y se definen los tipos penales conforme a su ordenación metódica?,"Delito especial privilegiado: Se forma de manera independiente, agregando al tipo fundamental otro requisito que implica disminución o atenuación de la pena - Delito especial cualificado: Se forma autónomamente, añadiendo al tipo fundamental o básico otra exigencia, que implica aumento o agravación de la pena, como el homicidio en razón de parentesco - Ilícito penal complementado: Se estructura mediante un tipo básico, al cual se le agregan otros aspectos o referencias que modifican su gravedad o atenuación, sin que adquiera vida propia como el especial homicidio calificado."
DERECHO PENAL,Explique cómo se dividen los delitos y en qué consiste cada uno de ellos de acuerdo al daño que causan:,"De daño o lesión: Infaliblemente se afecta el objeto jurídico. (robo, homicidio) - De peligro: Cuando no se afecta el bien jurídico tutelado, sino solo se pone en riesgo la ley castiga la alarma en que se situó el bien jurídicamente tutelado."
DERECHO PENAL,Concepto de antijuricidad:,Conducta externa del individuo que es puramente objetiva y que viola el valor o bien protegido por las normas penales (contrario a derecho).
DERECHO PENAL,Diferencia entre la antijuricidad formal y material:,"La formal es aquella que viola lo señalado por la ley y la material existe cuando habiendo trasgredido una norma positiva, lesiona o pone en peligro un bien jurídico que el derecho quería proteger, represente una contradicción a los intereses de la colectividad o signifiquen un daño o perjuicio social por la rebeldía a la norma."
DERECHO PENAL,¿En qué casos se da la ausencia de antijuricidad?,Cuando medie alguna causa de justificación.
DERECHO PENAL,¿Cuáles son las causas de justificación de la antijuricidad?,Legítima defensa - Estado de necesidad - Cumplimiento de un deber - Ejercicio de un derecho - Consentimiento del titular del bien jurídico afectado.
DERECHO PENAL,Concepto de legítima defensa:,"Repulsa de una agresión antijurídica, actual e inminente y sin derecho por el atacado o tercera persona contra el agredir, sin traspasar la necesidad de la defensa dentro de la racional proporcionalidad de los medios."
DERECHO PENAL,¿En qué casos se da la ausencia de antijuricidad por el ejercicio de un derecho?,"Cuando obrando legítimamente en ejercicio de un deber o de un derecho que la norma preceptúa, se causa un daño a otro bien jurídico tutelado, siempre que este se realice en provecho de quien lo ejerza y nunca en perjuicio de persona alguna por el abuso de atribuciones."
DERECHO PENAL,¿Qué entiendes por estado de necesidad?,"Estado de peligro actual o inmediato para bienes jurídicamente protegidos, que solo puede evitarse mediante la lesión de bienes también jurídicamente tutelados, pertenecientes a otra persona, siempre en razón del interés preponderante."
DERECHO PENAL,¿En qué casos el robo está excluido de responsabilidad?,En el caso de robo famélico.
DERECHO PENAL,Defina el ejercicio de un derecho según el Código Penal Federal:,Cuando la acción o la omisión se realicen en cumplimiento de un deber jurídico o en ejercicio de un derecho siempre que exista necesidad racional del medio empleado para cumplir el deber o ejercer el derecho y que este ultimo no se realice con el solo propósito de perjudicar a otro.
DERECHO PENAL,¿Qué es la retroactividad de la ley y cuándo se aplica?,"Aplicación de una norma, respecto de un hecho ocurrido antes del surgimiento de esta sólo se puede aplicar en beneficio de las personas mas nunca en perjuicio de estas."
DERECHO PENAL,¿Cuáles son las ramas de la criminalística?,"Dactiloscopía, grafoscopía, retrato hablado, balística, etc."
DERECHO PENAL,¿Cuál es y a qué atiende la clasificación legal del los tipos penales?,"Atiende al bien jurídico tutelado y se clasifica en: Elementos tipo: objetivos, subjetivos y normativos - Culpabilidad: dolosos y culposos - Materialización: permanentes, instantáneos y continuados - Conducta: acción y omisión - Perseguibilidad: de querella y oficio."
DERECHO PENAL,"Explica brevemente las principales diferencias entre la teoría finalista de la acción, la teoría causalista, y sociologista respecto del delito:","Causalista: La acción se trata de un comportamiento humano dependiente de la voluntad que produce una determinada consecuencia en el mundo exterior - Finalista: La acción no es solo un proceso causalmente dependiente de la voluntad, sino por su propia esencia es el ejercicio de la actividad final - Sociologista: Las define tomando en cuenta la influencia de la sociedad en su comisión."
DERECHO PENAL,Defina quién es el sujeto activo y el sujeto pasivo de la conducta:,"Activo: Persona física que comete el delito (delincuente, agente, criminal) - Pasivo: Persona física o moral sobre quien recae el daño o el peligro causado por la conducta realizada por el delincuente."
TEORIA LEY PENAL,Cuáles son las fases de la evolución de la teoría del delito,"c) Teorías, clásica, neoclásica, finalista y lógico matemática"
TEORIA LEY PENAL,"Se configura cuando el sujeto activo del delito obra por la necesidad de salvaguardar un bien jurídico propio o ajeno, de un peligro real, actual o inminente, no ocasionado dolosamente por el sujeto, lesionando otro bien de igual valor que el salvaguardado, siempre que el peligro no sea evitable por otros medios y el agente no tuviere el deber jurídico de afrontarlo",b) Estado de necesidad exculpante
TEORIA LEY PENAL,Máximo exponente de la doctrina penal italiana y representante de la Escuela Clásica,a) Francisco Carrara
TEORIA LEY PENAL,Individuo que se encuentra impedido de comprender el carácter ilícito del hecho que cometió,c) Error de tipo
TEORIA LEY PENAL,Extingue la acción penal por el simple transcurso del tiempo señalado por el Código Penal,d) Prescripción
TEORIA LEY PENAL,"Quien produce el resultado típico que no previó, siendo previsible o previó confiando en que no se produciría, en virtud de la violación de un deber de cuidado que objetivamente era necesario observar",b) Acción culposa
TEORIA LEY PENAL,Es el elemento del delito que consiste en el encuadramiento de la conducta al tipo penal,b) Tipicidad
TEORIA LEY PENAL,Contradicción entre la conducta humana y la prohibición o mandato contenido en la ley penal,d) Antijuricidad
TEORIA LEY PENAL,La interpretación histórica se refiere a que debe entenderse con base en,"a) El momento en que se originó, el por qué y para que se creó"
TEORIA LEY PENAL,"La culpabilidad surge como un proceso o nexo psicológico que une al sujeto activo con el hecho y sus especies eran el dolo y la culpa, esto está establecido en cuál de teoría",b) Teoría Clásica
TEORIA LEY PENAL,"Situación de conflicto entre dos tipos penales que prevén el mismo supuesto de hecho, el juzgador estará en posibilidades de aplicar cualquier de ellas, inclinándose por la de mayor entidad punitiva, de que principio se trata",c) Principio de alternatividad
TEORIA LEY PENAL,"Son aquellas circunstancias materiales, humanas o anímicas, que son necesarias para que el hecho delictivo sea punible, y por lo mismo, que pueden traer o no como consecuencia directa un perjuicio o daño",b) Condiciones Objetivas para la existencia de la Punibilidad
TEORIA LEY PENAL,En los delitos en general cual es el aspecto que diferencia a los de acción y a los de omisión,a) La voluntad activa
TEORIA LEY PENAL,"El agente realiza una conducta diversa a la jurídicamente ordenada por la norma, con independencia del resultado material que se produzca, que delito es",d) Omisión simple
TEORIA LEY PENAL,"Modelo lógico: Nivel del lenguaje en el que se sitúan las normas penales generales y abstractas creadas por el legislador, integradas con un tipo penal y una punibilidad, si se trata de sujetos imputables o de un tipo de descripción legal de medidas de seguridad, si se trata de inimputables",d) Nivel normativo general y abstracto
TEORIA LEY PENAL,En nuestra legislación actual es sancionado el delito imposible,a) No
TEORIA LEY PENAL,"En la tentativa cuando la resolución de cometer un delito se exterioriza realizando, en parte o totalmente, los actos ejecutivos que deberían producir el resultado, u omitiendo los que deberían evitarlo, si por causas ajenas a la voluntad del sujeto activo no se llega a la consumación, pero se pone en peligro el bien jurídico tutelado.",c) Es punible
TEORIA LEY PENAL,"En los delitos de autoría y participación, cuales son aquellos que acuerdan o preparan la realización del delito",c) Intelectual
TEORIA LEY PENAL,Como se adquiere la capacidad jurídica de las personas físicas y como se pierde,c) Se adquiere por nacimiento y se pierde con la muerte
TEORIA LEY PENAL,"Franz von Lizt señala mal que el juez inflige al delincuente a causa de su delito, para expresar la reprobación social con respecto al actor y autor se le considera como",a) penas
SISTEMA PENAL ACUSATORIO,¿Qué es el Sistema Penal Acusatorio?,"Es un sistema adversarial, donde las partes (Fiscalía y defensa) se enfrentan en igualdad de oportunidades ante un juez imparcial, quien, con base en las pruebas y argumentos, decide si condena o absuelve. También pueden intervenir la víctima para que se le garanticen la verdad, la justicia y la reparación. Las pruebas se reciben directamente por el juez, son sometidas a debate y confrontación por las partes, lo que asegura la calidad y veracidad de la información."
SISTEMA PENAL ACUSATORIO,¿Qué es el proceso penal?,"Es el mecanismo por medio del cual se investigan los delitos, y se acusa y se juzga a los presuntos responsables, cuando a ello hubiere lugar."
SISTEMA PENAL ACUSATORIO,¿Cómo se inicia un proceso penal?,En el momento en que la Fiscalía tiene conocimiento de una conducta que se advierte delictiva y acusa por la misma. Ese conocimiento puede ser por denuncia o querella.
SISTEMA PENAL ACUSATORIO,¿Quiénes pueden denunciar?,Cualquier persona puede denunciar a la autoridad los delitos de cuya comisión tenga conocimiento y que deban investigarse de oficio.
SISTEMA PENAL ACUSATORIO,¿Quiénes deben denunciar?,"Estarán obligados a denunciar dentro de las veinticuatro horas siguientes al momento en que tomaren conocimiento del hecho criminal: I. Los miembros de la policía, todos los delitos que presenciaren o llegaren a su noticia II. Los miembros de las Fuerzas Armadas deberán denunciar todos los delitos de que tomaren conocimiento en el ejercicio o en ocasión de sus funciones III. Los fiscales investigadores y demás servidores públicos, los delitos de que tomaren conocimiento en el ejercicio o en ocasión de sus funciones y, especialmente, en su caso, los que notaren en la conducta de sus subalternos IV. Los jefes de puertos, aeropuertos, estaciones de trenes, autobuses o de otros medios de transporte o de carga, los capitanes de naves o de aeronaves comerciales que naveguen en el mar territorial o en el espacio territorial, respectivamente, y los conductores de los trenes, autobuses u otros medios de transporte o carga, los delitos que se cometieren durante el viaje, en el recinto de una estación, puerto o aeropuerto o a bordo del buque o aeronave V. Los jefes de establecimientos hospitalarios o de clínicas particulares y, en general, los profesionales en medicina, odontología, química, farmacia y de otras ramas relacionadas con la conservación o el restablecimiento de la salud, y los que ejercieren prestaciones auxiliares de ellas, que notaren en una persona o en un cadáver señales de envenenamiento o de otro delito, y VI. Los directores, inspectores y profesores de establecimientos educacionales de todo nivel, los delitos que afectaren a los alumnos o que hubieren tenido lugar en el establecimiento. Las personas señaladas en este artículo que omitieren hacer la denuncia incurrirán en las responsabilidades específicas conforme las leyes, aunque la denuncia realizada por alguno de los obligados eximirá al resto."
SISTEMA PENAL ACUSATORIO,¿En qué casos estas persona no están obligadas a denunciar?,"En todos estos casos, la denuncia deja de ser obligatoria si razonablemente las personas comprendidas en este artículo arriesgan la persecución penal propia, del cónyuge, concubina, concubinario o pariente dentro del tercer grado de consanguinidad o por adopción, o segundo de afinidad, o cuando los hechos fueron conocidos bajo secreto profesional."
SISTEMA PENAL ACUSATORIO,¿Cuáles son los principios del proceso penal?,"El respeto de la dignidad humana, de la igualdad, de la imparcialidad, de la legalidad, de la presunción de inocencia, del derecho de defensa, del debido proceso, de los derechos de las víctimas y de la sociedad. Los principios de concentración, continuidad, inmediación, oralidad, lealtad, contradicción, publicidad, del juez natural y de cosa juzgada, entre otros, caracterizan al sistema acusatorio."
SISTEMA PENAL ACUSATORIO,¿Qué es el principio de la dignidad humana?,"Significa que todos los intervinientes en el proceso penal deben ser tratados como seres humanos y no como objetos, respetando su dignidad personal y su integridad física, psíquica y moral."
SISTEMA PENAL ACUSATORIO,¿Qué es el principio de igualdad?,"Es el derecho de las personas que intervienen en el proceso penal a recibir el mismo trato y las mismas oportunidades, sin discriminación por origen étnico, religión, opinión política o filosófica."
SISTEMA PENAL ACUSATORIO,¿Qué es el principio de imparcialidad?,"Es la obligación de los jueces, en el ejercicio de sus funciones de control, preclusión y juzgamiento, de orientarse por el imperativo de establecer con objetividad la verdad y la justicia. En la práctica, que los jueces mantengan un rol imparcial sobre la investigación, acusación y presentación de pruebas."
SISTEMA PENAL ACUSATORIO,¿Qué es el principio de legalidad?,"Significa que nadie puede ser investigado ni juzgado sino conforme con la ley procesal vigente al momento de los hechos, observando las formalidades propias de cada juicio."
SISTEMA PENAL ACUSATORIO,¿Qué es la presunción de inocencia?,Toda persona se presume inocente y debe ser tratada como tal mientras no quede en firme una decisión judicial definitiva sobre su responsabilidad.
SISTEMA PENAL ACUSATORIO,¿Qué es el principio de in dubio pro reo?,"Corresponde a la Fiscalía la carga de la prueba acerca de la responsabilidad penal. Si después de valorar en conjunto y racionalmente las pruebas aportadas por las partes, el juez tiene duda sobre la conducta delictiva o la responsabilidad del acusado, deberá resolver a favor del procesado."
SISTEMA PENAL ACUSATORIO,¿Cuáles son los derechos de las víctimas?,"Tener acceso a la justicia recibir un trato humano y digno protección de su intimidad garantía de seguridad, de sus familiares y sus testigos a que se haga justicia en el caso a conocer la verdad de lo ocurrido a la reparación de los daños sufridos a recibir información a intervenir directamente en algunas decisiones y recibir asistencia integral. Además, a recibir información sobre organizaciones que pueden ayudarla y el tipo de ayuda, el lugar y el modo de presentar una denuncia o querella, las actuaciones subsiguientes a su denuncia, modo y condiciones de protección, mecanismos de defensa que puede utilizar, información sobre el proceso penal y sentencia, reparación integral, derecho de intervenir en el proceso y tener un profesional del derecho que lo represente legalmente."
SISTEMA PENAL ACUSATORIO,¿Qué es el principio de contradicción?,"Es el acto mediante el cual las partes (Fiscalía y defensa) tienen derecho a conocer, controvertir o confrontar las pruebas, así como a intervenir en su formación y a oponerse a las alegaciones de la otra parte o interviniente."
SISTEMA PENAL ACUSATORIO,¿Qué es el principio de inmediación?,"Solamente se considera prueba aquella que ha sido practicada y producida por las partes ante el juez de juicio oral, en un juicio público, oral y contradictorio, con el fin de que el juez observe directamente el comportamiento de los testigos al declarar y que pueda valorar más objetivamente esas declaraciones."
SISTEMA PENAL ACUSATORIO,¿Qué es el principio de concentración?,"Las pruebas y diligencias deben practicarse en una audiencia continua, preferiblemente el mismo día."
SISTEMA PENAL ACUSATORIO,¿Qué es el principio de publicidad?,"Significa que la actuación procesal y las audiencias deben ser abiertas, con el fin de que a ellas accedan no solo las partes e intervinientes, sino también los medios de comunicación y la comunidad. Excepto en los casos en los que la Constitución y las Leyes así lo señalen."
SISTEMA PENAL ACUSATORIO,¿Quiénes tienen acceso a la actuación?,"Además de los intervinientes, la comunidad en general, que incluye a los medios de comunicación."
SISTEMA PENAL ACUSATORIO,¿Existen excepciones a la publicidad de las actuaciones?,"Sí. La actuación no será pública cuando el juez considere que la publicidad de los procedimientos pone en peligro a las víctimas, testigos, peritos, intervinientes se afecte la seguridad pública se exponga a un daño psicológico a los menores de edad o se comprometa seriamente el éxito de la investigación."
SISTEMA PENAL ACUSATORIO,¿Qué es el principio de oralidad?,"Las partes, intervinientes y testigos deben manifestarse verbalmente y en audiencia ante el juez. Generalmente, está prohibida la lectura o la entrega de memoriales."
SISTEMA PENAL ACUSATORIO,¿Cómo operaba esa situación en el anterior sistema?,Se caracterizaba por la escritura. Era un sistema de actas y de constancias.
SISTEMA PENAL ACUSATORIO,¿Qué ventajas tiene la oralidad?,"El juez percibe directamente las manifestaciones de los testigos e intervinientes. Esto supone un proceso mucho más ágil, directo, eficaz y eficiente."
SISTEMA PENAL ACUSATORIO,¿Qué es el principio del juez natural?,Garantizar que nadie podrá ser juzgado por un juez o tribunal instituido o creado con posterioridad a la comisión de un delito por fuera de la justicia ordinaria.
SISTEMA PENAL ACUSATORIO,¿Qué es el principio de cosa juzgada?,"Establece que una persona, después de que haya sido definida su situación mediante sentencia en firme, no puede ser investigada ni juzgada por los mismos hechos."
SISTEMA PENAL ACUSATORIO,¿Cuál es la función esencial de la Fiscalía?,"Los fiscales investigadores ejercerán la acción penal pública en la forma establecida por la ley, dirigirán la investigación y practicarán las diligencias pertinentes y útiles para determinar la existencia del hecho punible, sin embargo, requerirá de autorización judicial cuando la naturaleza de los actos de investigación implique la restricción de los derechos fundamentales. En el cumplimiento de sus funciones, los fiscales investigadores vigilarán que la policía cumpla con los requisitos de legalidad de los actos de investigación que se lleven a cabo."
SISTEMA PENAL ACUSATORIO,¿Cuál es la función esencial de los jueces del tribunal de juicio oral?,Un juzgador imparcial que escucha la evidencia presentada y confrontada en un juicio oral para decidir sobre la responsabilidad penal de los acusados. Absolver o condenar a los acusados. El Tribunal de juicio oral es el órgano jurisdiccional competente para conocer del juzgamiento.
SISTEMA PENAL ACUSATORIO,¿Cuál es la función de los jueces de control?,"Un juez imparcial que garantiza los derechos del investigado, imputado, víctima y la sociedad durante las audiencias preliminares antes del juicio. Tienen dos funciones esenciales. Son los llamados a dictar medidas cautelares y, como su nombre lo indica, controlan la legalidad de las actuaciones de la Fiscalía y de la policía judicial. Quien haya actuado como juez de control no puede ser juez del Tribunal de juicio oral."
SISTEMA PENAL ACUSATORIO,¿Cuándo se puede detener a una persona?,"Cuando sea sorprendida en flagrancia, en caso urgente, por orden del Ministerio Público y cuando exista orden emitida por un juez de control."
SISTEMA PENAL ACUSATORIO,¿Cuándo existe flagrancia?,Cuando una persona es detenida en el momento de cometer una conducta delictiva o bien cuando es perseguido ininterrumpida e inmediatamente después de ejecutarlo.
SISTEMA PENAL ACUSATORIO,¿Es necesario ser autoridad para detener en flagrancia?,"No. En situaciones de flagrancia, inclusive un particular está facultado para capturar."
SISTEMA PENAL ACUSATORIO,¿Cuándo un juez puede ordenar una detención?,Cuando la Fiscalía solicita y presenta elementos materiales o información que fundamenta la razón para la captura.
SISTEMA PENAL ACUSATORIO,¿La Fiscalía puede ordenar una captura?,"La Fiscalía podrá ordenar excepcionalmente capturas en casos de urgencia cuando I. Exista sospecha fundada de que el imputado ha participado en alguno de los delitos calificados como graves en el Código Penal del Estado II. Exista riesgo fundado de que el imputado pueda sustraerse a la acción de la justicia, y III. Por razón de la hora, lugar o cualquier otra circunstancia, no pueda el Ministerio Público ocurrir ante autoridad judicial para solicitar la orden de aprehensión."
SISTEMA PENAL ACUSATORIO,¿Cuáles son los derechos del detenido?,"A toda persona capturada se le debe informar, de manera inmediata, del hecho que se le atribuye y qué motivó su detención del funcionario que la ordenó exhibiéndole, en su caso, la orden emitida del derecho a indicar la persona a quien se deba comunicar su aprehensión del derecho que tiene a guardar silencio y del derecho que tiene a designar y a entrevistarse con un abogado."
SISTEMA PENAL ACUSATORIO,¿Cuál es el procedimiento cuando se detiene a una persona?,"Cuando sea una autoridad la que realice la captura deberá conducirla inmediatamente ante la Fiscalía. Si es un particular, se debe conducir al aprehendido en el término de la distancia ante cualquier autoridad de policía o al Ministerio Público."
SISTEMA PENAL ACUSATORIO,"¿Y, seguidamente, qué debe hacer el Fiscal?","Si el delito no tiene prisión preventiva, debe dejarlo en libertad y si procede la detención debe legalizar la captura ante un Juez de Control dentro de un plazo máximo de 48 horas y solicitar a este, en caso de ser procedente, la prisión preventiva."
SISTEMA PENAL ACUSATORIO,¿Qué es una medida cautelar?,"Es una decisión adoptada por un Juez de Control, a petición de la Fiscalía, por medio de la cual afecta derechos fundamentales de un procesado, cuando advierte que, de los antecedentes y de la información con que se cuenta, se pueda inferir que el imputado puede ser autor o partícipe de la conducta delictiva que se investiga. La medida se impone siempre y cuando se cumpla alguno de los siguientes requisitos: Que sea necesaria para evitar que el procesado obstruya la justicia que el imputado constituya un peligro para la sociedad o para la víctima o que resulte probable que el imputado no comparecerá al proceso."
SISTEMA PENAL ACUSATORIO,¿Cuáles son las medidas cautelares privativas de la libertad?,La prisión preventiva en establecimiento de reclusión y el arresto domiciliario.
SISTEMA PENAL ACUSATORIO,¿Cuáles son las medidas de aseguramiento no privativas de la libertad?,"La obligación de someterse a un mecanismo de vigilancia electrónica o de una persona o institución determinada la obligación de presentarse o cuando sea requerido la prohibición de salir del país o de un determinado ámbito territorial, y la prohibición de concurrir a ciertos lugares o de comunicarse con determinadas personas, en especial con las víctimas."
SISTEMA PENAL ACUSATORIO,¿La Fiscalía puede practicar pruebas?,"No. Las pruebas, salvo la anticipada, se practican ante el Tribunal de juicio oral, en el escenario de un juicio público, oral y concentrado, donde la Fiscalía presenta sus elementos materiales y evidencia física contra el acusado al juez, pidiéndole que las acepte como prueba."
SISTEMA PENAL ACUSATORIO,"Si la Fiscalía no puede practicar pruebas, ¿cómo realiza la investigación?",La Fiscalía se dedica a la búsqueda de evidencias o datos de prueba y a obtener información sobre el delito y sus posibles responsables y para ello cuenta con los actos de investigación.
SISTEMA PENAL ACUSATORIO,¿Cuáles son los datos de prueba?,"Huellas, rastros, manchas, residuos, vestigios, armas, instrumentos u objetos utilizados para su ejecución dinero, bienes y otros efectos provenientes de la actividad criminal documentos, fotografías, videos, mensajes de datos, correo electrónico y fax, entre otros."
SISTEMA PENAL ACUSATORIO,¿En qué consiste el principio de oportunidad?,"Es la facultad que tiene la Fiscalía para suspender, interrumpir o renunciar a la persecución penal en casos particulares. En un sistema acusatorio, el fiscal tiene la responsabilidad de acusar y puede declinar esta responsabilidad en nombre de la justicia, suspendiendo, interrumpiendo o renunciando a la acción penal."
SISTEMA PENAL ACUSATORIO,¿En el anterior sistema existía el principio de oportunidad?,No. La Fiscalía tenía la obligación de ejercer la acción penal ante las conductas que advertía como delictivas y no podía renunciar a su ejercicio.
SISTEMA PENAL ACUSATORIO,¿Qué ventajas tiene el principio de oportunidad?,"El Estado, a través de la Fiscalía, dedica sus esfuerzos a investigar los delitos de mayor impacto social. Se ocupa de lo más importante en una valoración de costo-beneficio, sin dejar de procurar que el daño se repare."
SISTEMA PENAL ACUSATORIO,¿En qué casos procede la aplicación del principio de oportunidad?,"En los delitos con penas menores cuando exista una escasa afectación a bienes jurídicos como beneficio por colaboración con la justicia, entre otros."
SISTEMA PENAL ACUSATORIO,¿Qué impugnaciones existen cuando la Fiscalía ejerce el principio de oportunidad?,"Impugnación ante el superior jerárquico del fiscal investigador y control judicial en el cual los Jueces de Control, en audiencia donde intervienen las víctimas y el Ministerio Público, realizan una audiencia para verificar la legalidad en la aplicación del Principio de Oportunidad."
SISTEMA PENAL ACUSATORIO,¿Cuáles son las audiencias en el Sistema Penal Acusatorio?,"La de control de detención, la audiencia de formulación de imputación, la de vinculación a proceso y lectura de sentencia."
SISTEMA PENAL ACUSATORIO,¿Qué es la audiencia de formulación de imputación?,"Se realiza ante un Juez de Control y en ella la Fiscalía le comunica a la persona que se le está adelantando una investigación sobre definidos hechos punibles, para que esta ejerza el derecho de defensa."
SISTEMA PENAL ACUSATORIO,¿En qué consiste el escrito de acusación?,"Es un escrito por medio del cual la Fiscalía formaliza, ante el Juez de control, una acusación en relación con una o varias personas, cuando estima que la investigación proporciona fundamento para someter a juicio público al imputado."
SISTEMA PENAL ACUSATORIO,¿En qué consiste la audiencia intermedia?,Prepara la realización de la audiencia del juicio oral. Las partes enuncian las pruebas que van a hacer valer en el juicio y el juez admite o excluye las que pueden practicarse.
SISTEMA PENAL ACUSATORIO,¿En qué consiste la audiencia de juicio oral?,"Es el escenario más importante del sistema acusatorio. Allí, ante el Tribunal de Juicio oral, en un juicio público, oral y concentrado, las partes (Fiscalía y defensa) ofrecen las pruebas, las cuales se practican, controvierten y argumentan ante el Tribunal. Concluido el debate probatorio, el Tribunal delibera y posteriormente anuncia el sentido del fallo (absolutorio o condenatorio)."
SISTEMA PENAL ACUSATORIO,¿Qué es una audiencia de individualización de pena o medida de seguridad y la reparación del daño?,Si el fallo es condenatorio se hace una valoración de las condiciones del sentenciado para establecer la pena o medida de seguridad que le corresponde y la reparación del daño.
SISTEMA PENAL ACUSATORIO,¿Qué son los delitos perseguibles a petición de parte?,"Son aquellos delitos que solo revisten interés individual o para un grupo reducido y por lo tanto, sólo se activan por la querella o denuncia del interesado."
SISTEMA PENAL ACUSATORIO,¿Qué son los Mecanismos alternativos de solución de conflictos?,Buscan el arreglo o solución al conflicto surgido entre las personas sin intervención de los órganos jurisdiccionales.
SISTEMA PENAL ACUSATORIO,¿Qué es un defensor Público?,"Abogado designado por la autoridad judicial o por el Ministerio Público, cuando el sindicado no ha nombrado defensor para que lo asista."
SISTEMA PENAL ACUSATORIO,¿Pueden los jueces en el nuevo sistema decretar la práctica de pruebas de oficio como ocurría en el anterior sistema?,"El juez no puede ordenar pruebas de oficio, pues perdería su imparcialidad. Las pruebas son de iniciativa de las partes. El juez puede hacer preguntas aclaratorias a los testigos."
SISTEMA PENAL ACUSATORIO,¿En qué consiste la prueba anticipada?,"Cuando hay peligro de perder evidencias antes del juicio o es imposible aducir una prueba en el juicio oral, se admite la posibilidad de practicarla en forma anticipada ante el Juez de Control. Por ejemplo, cuando un testigo tiene una enfermedad terminal y se considera que no va a sobrevivir para el momento del juicio oral. La prueba anticipada es practicada como si fuera durante un juicio oral, es decir, con la participación de las partes, contradicción y ante un juez imparcial, que es el de control."
SISTEMA PENAL ACUSATORIO,¿Cuál es el papel del Tribunal de Juicio oral en la audiencia del juicio oral?,"Decidir la controversia –si la evidencia muestra o no más allá de una duda razonable la responsabilidad penal del acusado–. Escuchar de manera imparcial el testimonio, la presentación y la contradicción de pruebas por las partes. Dirigir y coordinar toda la audiencia. Es el destinatario de las pruebas. Vela por que las intervenciones de las partes y testigos se hagan de conformidad con la ley. Decide sobre las objeciones u oposiciones a las preguntas y cuando termina la audiencia anuncia el sentido del fallo."
SISTEMA PENAL ACUSATORIO,¿Los testigos deben ser preparados por las partes antes de que rindan su testimonio en el juicio oral?,"Sí. Los deben preparar, pero no en el sentido de crear su testimonio o dirigir lo que debe testificar o para que falten a la verdad, sino para ilustrarlos sobre el procedimiento y las reglas que han de seguirse los efectos jurídicos de su declaración cuál va a ser el papel del interrogador, del contrainterrogador, del juez y del Ministerio Público sus derechos y deberes resaltar que la verdad está por encima de cualquier otra consideración advertirle que no debe emitir opiniones y prever preguntas de la otra parte, entre otros aspectos."
SISTEMA PENAL ACUSATORIO,¿Cómo se desarrolla la declaración del testigo en el juicio oral?,"Se le recibe el juramento de no faltar a la verdad. Seguidamente, la parte que ofreció la prueba lo interroga y después la otra parte, si lo desea, lo contrainterroga. Todos los testigos se someten a preguntas y contrapreguntas, investigativa y testimonial contra otros delincuentes y propiciar la reparación efectiva de los daños y perjuicios causados."
SISTEMA PENAL ACUSATORIO,¿Cuál ha sido el mayor impacto del Sistema Penal Acusatorio en la sociedad?,"La agilidad y rapidez son los mayores impactos con los que cuenta el nuevo sistema para administrar justicia. Sin duda, el desenvolvimiento por medio de audiencias permite que los medios de comunicación pongan en conocimiento de la comunidad los casos, como una manera de controlar colectivamente la calidad del trabajo de los jueces, fiscales, abogados y procuradores. Este sistema promueve a los buenos funcionarios y abogados, pero también pone en evidencia a los actores que no se preparan para hacer su trabajo en audiencia."
SISTEMA PENAL ACUSATORIO,¿Cómo han sido los resultados del Sistema Penal Acusatorio en materia de eficacia y garantía?,"Casos que en el sistema mixto se resolvían en años ahora se resuelven en meses. A pesar de las dificultades que entraña esta nueva forma de proceder, ya se han logrado éxitos en casos por homicidio, terrorismo y narcotráfico. Por otra parte, las personas tienen mayor confianza en la administración de justicia penal, pues aunque se sientan perseguidas por la Policía y la Fiscalía, al final confían en los controles posteriores de los jueces."
DERECHO PROCESAL PENAL,En el concepto de derecho procesal penal:,"B) Se comprende como una institución jurídica de carácter público, cuya finalidad es que se apliquen las normas penales sustantivas en los casos concretos."
DERECHO PROCESAL PENAL,El proceso se define como:,A) La serie de actos ordenados y encaminados hacia un objetivo.
DERECHO PROCESAL PENAL,"El artículo 19 constitucional, a partir de la reforma del 2008, establece que el proceso penal será acusatorio y oral.",Falso
DERECHO PROCESAL PENAL,"El principio de contradicción establece que las partes podrán conocer, controvertir o confrontar todos los medios de prueba.",Verdadero
DERECHO PROCESAL PENAL,Son doce principios rectores del procedimiento procesal penal reconocidos en el Código Nacional de Procedimientos Penales.,Falso
DERECHO PROCESAL PENAL,En el ejercicio de la acción penal por particulares se hace la presentación de la querella y se sustenta en audiencia ante el juez de control. Siempre y cuando se cuenten con los datos necesarios que establezcan que el hecho ejecutado sea señalado por la ley como delito y que el imputado lo haya cometido.,Verdadero
DERECHO PROCESAL PENAL,El ejercicio de la acción penal corresponde a la autoridad judicial.,Falso
DERECHO PROCESAL PENAL,"Como titular de la acción penal, corresponde al Ministerio Público:",B) Pedir la libertad de los procesados en la forma y términos que previene la ley.
DERECHO PROCESAL PENAL,Al le incumbe constatar que se cumplan los requisitos formales y materiales para el ejercicio de la acción penal particular:,B) Juez de control.
DERECHO PROCESAL PENAL,Se entiende que la acción penal:,"A) Se integra por un conjunto de actuaciones que revestidas de legalidad concluyen en algunos casos con la plena acreditación de cuerpo del delito, asimismo, le concierne la responsabilidad de determinar la acusación ante el órgano jurisdiccional competente."
DERECHO PROCESAL PENAL,La etapa de investigación en el proceso penal se divide en investigación inicial e investigación general.,Falso
DERECHO PROCESAL PENAL,Una de las finalidades del proceso penal es el esclarecimiento de los hechos.,Verdadero
DERECHO PROCESAL PENAL,La investigación de los delitos corresponde exclusivamente al Ministerio Público.,Falso
DERECHO PROCESAL PENAL,La etapa de investigación comienza con la denuncia o querella.,Verdadero
DERECHO PROCESAL PENAL,El proceso penal esta contenido dentro del procedimiento penal acusatorio.,Verdadero
DERECHO PROCESAL PENAL,El asesor jurídico es parte en el procedimiento penal.,Verdadero
DERECHO PROCESAL PENAL,"La función del asesor jurídico será el de orientar, asesorar e intervenir en la representación de la víctima u ofendido.",Verdadero
DERECHO PROCESAL PENAL,La reforma constitucional que implementó el sistema acusatorio penal en México fue publicada el 11 mayo 2008.,Falso
DERECHO PROCESAL PENAL,Etapa de investigación,Acusado
DERECHO PROCESAL PENAL,Etapa intermedia,Sentenciado
DERECHO PROCESAL PENAL,Etapa de juicio,Imputado
DERECHO PROCESAL PENAL,El sistema procesal penal mixto es similar al sistema acusatorio adversarial.,Falso
DERECHO PROCESAL PENAL,"En el sistema procesal penal mixto, la defensa tenía la misma intervención que en el sistema acusatorio adversarial.",Falso
DERECHO PROCESAL PENAL,En el sistema acusatorio es necesaria la participación del acusado en el proceso penal.,Verdadero
DERECHO PROCESAL PENAL,"_____________ son aquellas personas que intervienen en el procedimiento cuando se requiere de un conocimiento de la ciencia, arte o técnica, sin que se consideren como parte del procedimiento.",Consultor técnico
DERECHO PROCESAL PENAL,En qué sistema no participa la víctima en el proceso penal:,C) Sistema inquisitivo
DERECHO PROCESAL PENAL,"Se librará orden de aprehensión precedida por una denuncia o querella los hechos que la ley señale como delitos, en caso de que:",A) Sean sancionados con pena privativa de libertad y los datos establezcan que el cometido es un hecho delictuoso y que exista la probabilidad de que el indiciado cometió o participó en su comisión.
DERECHO PROCESAL PENAL,Cualquier persona podrá detener al indiciado en el momento que:,C) Esté cometiendo un delito o inmediatamente después de haberlo cometido.
DERECHO PROCESAL PENAL,Después de qué acto procesal se le ofrece la oportunidad de declarar al imputado ante el juez de control:,A) Formulación de imputación.
DERECHO PROCESAL PENAL,"Tratándose de delitos de delincuencia organizada, a petición del Ministerio Público la autoridad judicial podrá decretar:","C) Arraigo de una persona, con modalidades de lugar y tiempo que la ley señale."
DERECHO PROCESAL PENAL,El imputado y su defensor tendrán acceso a los registros de la investigación cuando:,A) El juez lo autorice y cuando pretenda recibir su declaración o entrevistarlo.
DERECHO PROCESAL PENAL,¿Cuándo inicia y cuándo concluye la fase de investigación inicial?,A) Comienza con la presentación de la denuncia o querella y concluye cuando el imputado queda a disposición del juez de control para que se le formule imputación.
DERECHO PROCESAL PENAL,¿Cuáles son las formas de conducción del imputado al proceso?,"C) Mediante citatorio, orden de comparecencia u orden de aprehensión."
DERECHO PROCESAL PENAL,Según el artículo 16 constitucional ¿cuál es el término por el que el agente del Ministerio Público en una carpeta de investigación con detenido puede retener al indiciado durante la fase de investigación inicial?,"B) 48 horas o 96, si se trata de delincuencia organizada."
DERECHO PROCESAL PENAL,"Que el indiciado haya intervenido en la comisión de alguno de los delitos considerados como graves, es uno de los requisitos legales para que el Ministerio Público pueda ordenar la detención de una persona por:",B) Orden de detención por caso urgente.
DERECHO PROCESAL PENAL,La noticia criminal puede darse a través de:,"B) Denuncia, querella, excitativa, autorización, declaratoria de perjuicio y declaratoria de procedencia."
DERECHO PROCESAL PENAL,"Inmediatamente después que el imputado es puesto a disposición del juez de control con motivo de la ejecución de una orden de aprehensión, la audiencia inicial comenzará con el control de la detención y luego la formulación de la imputación.",Falso
DERECHO PROCESAL PENAL,"La formulación de la imputación es la comunicación que el Ministerio Público efectúa al imputado, en presencia del juez de control, de que desarrolla una investigación en su contra respecto de uno o más hechos que la ley señala como delito.",Verdadero
DERECHO PROCESAL PENAL,"Si formulada la imputación, el imputado decide libremente declarar, el Ministerio Público, el asesor jurídico de la víctima u ofendido, el acusador privado en su caso y la defensa podrán dirigirle preguntas sobre lo que declaró, en este caso el imputado estará obligado a responder todas las preguntas que se le formulen.",Falso
DERECHO PROCESAL PENAL,"Formulada la imputación, el imputado o su defensor sólo podrán solicitar al juez de control las aclaraciones o precisiones que consideren necesarias respecto a la imputación formulada por el Ministerio Público.",Verdadero
DERECHO PROCESAL PENAL,"Las providencias precautorias son aquellas que podrán ser solicitas por la víctima, ofendido o el Ministerio Público, para garantizar la reparación del daño.",Verdadero
DERECHO PROCESAL PENAL,"Ni la Constitución Política de los Estados Unidos Mexicanos, ni el Código Nacional de Procedimientos Penales establecen el derecho de la víctima u ofendido para impugnar la determinación del no ejercicio de la acción penal.",Falso
DERECHO PROCESAL PENAL,"Entre las formas de conducción del imputado al proceso se encuentra la orden de aprehensión, pero esta procede cuando se advierte necesidad de cautela.",Verdadero
DERECHO PROCESAL PENAL,"Cuando se detenga a una persona por un hecho delictivo que requiera de querella, la presentación de esta en ningún caso podrá ser mayor de diez horas o veinticuatro horas a partir de la detención del imputado.",Falso
DERECHO PROCESAL PENAL,"Que obren datos que establezcan que se ha cometido un hecho que la ley señale como delito y la probabilidad de que el indiciado lo cometió o participó en su comisión, son requisitos para librar una orden de aprehensión, según lo dispone el artículo 16 constitucional.",Verdadero
DERECHO PROCESAL PENAL,"Según el artículo 16 constitucional, la duración total del arraigo no podrá exceder de sesenta días.",Falso
DERECHO PROCESAL PENAL,Es la pérdida o menoscabo sufrido en el patrimonio por la falta de cumplimiento de una obligación:,B) Daño.
DERECHO PROCESAL PENAL,Corresponde a la privación de cualquier ganancia lícita que deba haberse obtenido con el cumplimiento de la obligación:,B) Perjuicio.
DERECHO PROCESAL PENAL,En materia penal el daño es entendido como:,"C) Las lesiones, físicas o mentales, o la pérdida patrimonial de cualquier naturaleza, como consecuencia de un delito."
DERECHO PROCESAL PENAL,El daño moral se caracteriza por:,"C) Afectación que sufre la persona en sus sentimientos, vida privada, honor."
DERECHO PROCESAL PENAL,¿Cuál es el fundamento constitucional que protege el derecho de la víctima u ofendido para reclamar la reparación del daño?,"C) Artículo 20, apartado C, fracción IV."
DERECHO PROCESAL PENAL,¿Quiénes pueden solicitar la reparación del daño?,C) El Ministerio Público y la víctima u ofendido.
DERECHO PROCESAL PENAL,"De acuerdo con el artículo 30 del Código Penal para el Distrito Federal, la reparación del daño comprende cuando menos:","A) La restitución del resultado obtenido por el delito y si no fuera posible, el pago el precio del mismo, a su valor actualizado."
DERECHO PROCESAL PENAL,"Según el artículo 45 del Código Penal para el Distrito Federal, ¿quiénes tienen derecho a la reparación del daño?","C) La víctima, el ofendido y a falta de estos, sus dependientes económicos herederos o derechohabientes, en la proporción que señala el derecho su y demás disposiciones aplicables."
DERECHO PROCESAL PENAL,"Es aquella que deriva del incumplimiento de un contrato y que puede generar al acreedor la obligación, y por tanto, la responsabilidad del daño en materia responsabilidad civil:",C) Responsabilidad civil contractual.
DERECHO PROCESAL PENAL,La reparación del daño proveniente del delito que deba ser hecha por el delincuente tiene el carácter de:,A) Resarcimiento de daños y perjuicios.
DERECHO PROCESAL PENAL,"El objeto del proceso penal acusatorio, entre otros, es la reparación del daño.",Verdadero
DERECHO PROCESAL PENAL,En el proceso penal acusatorio es una potestad del Ministerio Público solicitar la reparación del daño.,Falso
DERECHO PROCESAL PENAL,Es deber jurídico del juzgador no absolver al sentenciado de la reparación del daño si ha emitido una sentencia condenatoria.,Verdadero
DERECHO PROCESAL PENAL,La ley fijará procedimientos ágiles para ejecutar las sentencias en materia de reparación del daño.,Verdadero
DERECHO PROCESAL PENAL,"El Código Nacional de Procedimientos Penales reconoce el derecho de la víctima u ofendido a que se le repare el daño causado por el delito, siempre por conducto del Ministerio Público.",Falso
DERECHO PROCESAL PENAL,"El Código Nacional de Procedimientos Penales condiciona la procedencia de los mecanismos alternativos de solución de controversias y el procedimiento abreviado, al pago o a la garantía, de la reparación del daño.",Verdadero
DERECHO PROCESAL PENAL,"Sólo cuando la acción de reparación del daño queda enmarcada en la acción penal del Ministerio Público o de la propia víctima u del ofendido, asume la forma de pena pública.",Falso
DERECHO PROCESAL PENAL,"La acción civil para reparar el daño, puede afirmarse que es exclusiva del ofendido por el delito o de su representante legal, no es subsidiaria y puede promoverse sin consultarlo con el Ministerio Público.",Verdadero
DERECHO PROCESAL PENAL,"La acción civil de reparación de daños surgida con motivo de un delito puede ser ejercida por el ofendido o la víctima, sólo si se dicta sentencia condenatoria al acusado.",Falso
DERECHO PROCESAL PENAL,La reparación del daño en ningún caso puede reclamarse a personas distintas del inculpado.,Falso
DERECHO PROCESAL PENAL,Citación,E) Es el acto de informar a alguna persona un mandato del juez o tribunal.
DERECHO PROCESAL PENAL,Notificación,"D) Es el acto por el cual se hace saber a una persona, con efectos jurídicos, una resolución judicial."
DERECHO PROCESAL PENAL,Exhorto,B) Acto procesal que tiene que practicarse fuera del ámbito territorial del órgano jurisdiccional que tiene conocimiento.
DERECHO PROCESAL PENAL,Plazo,F) Es el lapso en el que se debe realizar un acto procesal.
DERECHO PROCESAL PENAL,Requisitoria,C) Acto procesal que tiene que practicarse fuera del ámbito territorial del órgano jurisdiccional que tiene conocimiento.
DERECHO PROCESAL PENAL,Resolución judicial,A) Autos de vinculación y sentencias.
DERECHO PROCESAL PENAL,Oficio de colaboración,G) Es el auxilio entre el Ministerio Público o la policía con autoridades federales o estatales.
DERECHO PROCESAL PENAL,Nulidad,H) Es la invalidación de un acto procesal que fue realizado violando u omitiendo los requisitos exigidos por la ley.
DERECHO PROCESAL PENAL,En materia penal las notificaciones sólo pueden enviarse al domicilio de las partes.,Verdadero
DERECHO PROCESAL PENAL,Todas las notificaciones tendrán efectos a partir del día que se emitan.,Falso
DERECHO PROCESAL PENAL,Los actos que requieran intervención de las partes deben ser notificados por correo electrónico.,Verdadero
DERECHO PROCESAL PENAL,"Toda persona, sin excepción, debe presentarse ante el órgano jurisdiccional o ante el Ministerio Público cuando sea citado.",Verdadero
DERECHO PROCESAL PENAL,En ningún caso se computarán los plazos de los días sábados y domingos.,Falso
DERECHO PROCESAL PENAL,La solicitud de declaración de nulidad deberá presentarse dentro del plazo de:,C) Dos días.
DERECHO PROCESAL PENAL,¿Quiénes pueden disponer de los medios de apremio?,D) Órgano jurisdiccional y el Ministerio Público.
DERECHO PROCESAL PENAL,"Cuando el Ministerio Público renuncie a algún plazo, deberá:",B) Deberá escuchar a la víctima u ofendido.
DERECHO PROCESAL PENAL,"La orden de aprehensión se resolverá dentro de las 24 horas a partir de la solicitud, en presencia de todas las partes.",Verdadero
DERECHO PROCESAL PENAL,La oportunidad del imputado para declarar ante el juez es antes de la formulación de la imputación.,Falso
DERECHO PROCESAL PENAL,La presunción de inocencia es un principio que se puede manifestar en la etapa inicial.,Falso
DERECHO PROCESAL PENAL,La oportunidad para vincular a proceso es después de la formulación de imputación.,Verdadero
DERECHO PROCESAL PENAL,"La audiencia de vinculación a proceso deberá celebrarse, dentro de las 62 o 144 horas después de que el imputado fue puesto a disposición del juez.",Verdadero
DERECHO PROCESAL PENAL,Uno de los efectos del auto de vinculación en el proceso es:,C) Inicio de la etapa intermedia.
DERECHO PROCESAL PENAL,La investigación complementaria inicia:,B) Después del dictado de auto de vinculación.
DERECHO PROCESAL PENAL,El plazo para la investigación complementaria en caso de que el delito no exceda la pena máxima de dos años de prisión es:,C) Dos meses.
DERECHO PROCESAL PENAL,¿Cuál es el plazo máximo para la investigación complementaria cuando el delito exceda de pena máxima de dos años de prisión?,B) Seis meses.
DERECHO PROCESAL PENAL,¿Quién puede solicitar una prórroga en el plazo de investigación complementaria?,B) El Ministerio Público.
DERECHO PROCESAL PENAL,Las medidas cautelares son para garantizar la reparación de un daño.,Falso
DERECHO PROCESAL PENAL,El juez podrá imponer medidas cautelares a petición del Ministerio Público o de la víctima u ofendido.,Falso
DERECHO PROCESAL PENAL,Las medidas cautelares sirven como medio de reconocimiento de culpabilidad.,Falso
DERECHO PROCESAL PENAL,La imposición de medidas cautelares es soluciona por el juez de juicio oral en audiencia y en presencia de las partes.,Falso
DERECHO PROCESAL PENAL,Todas las medidas cautelares son apelables.,Falso
DERECHO PROCESAL PENAL,"¿Quién puede invocar datos u ofrecer medios de prueba para imponer, confirmar o modificar la medida cautelar?",D) El Ministerio Público y la defensa.
DERECHO PROCESAL PENAL,¿Cuándo se puede aplicar la medida cautelar de prisión preventiva?,C) En delitos que merezca pena privativa de libertad.
DERECHO PROCESAL PENAL,La única solución alterna es el acuerdo reparatorio.,Falso
DERECHO PROCESAL PENAL,Los acuerdos reparatorios son aquellos celebrados entre la víctima u ofendido y el imputado.,Verdadero
DERECHO PROCESAL PENAL,Proceden los acuerdos reparatorios únicamente en los delitos culposos.,Falso
DERECHO PROCESAL PENAL,Los acuerdos reparatorios proceden desde la denuncia o querella hasta antes de dictado el auto de apertura a juicio oral.,Verdadero
DERECHO PROCESAL PENAL,"Después de haber dictado el auto de vinculación al proceso, la suspensión condicional del proceso podrá solicitarse en cualquier momento.",Verdadero
DERECHO PROCESAL PENAL,Son o es una solución alterna:,B) Los acuerdos reparatorios y la suspensión condicional del procedimiento.
DERECHO PROCESAL PENAL,¿En qué etapa el Ministerio Público puede solicitar el procedimiento abreviado?,B) Etapa intermedia.
DERECHO PROCESAL PENAL,¿Qué juez emite la sentencia del procedimiento abreviado?,B) Juez de control.
DERECHO PROCESAL PENAL,"Los documentos, las fotografías, los videos con o sin audio y las grabaciones de voz que integran la carpeta son registros de la investigación.",Verdadero
DERECHO PROCESAL PENAL,"De acuerdo con el artículo 260 del Código Nacional de Procedimientos Penales son consideradas pruebas nuevas: la prueba superviniente, las pruebas que no fueron ofrecidas oportunamente, las pruebas por reclasificación y las pruebas de refutación de la prueba.",Falso
DERECHO PROCESAL PENAL,"Se cumple el principio de legalidad de la prueba si esta ha sido obtenida por medio de actos violatorios a los derechos fundamentales, o si no fue incorporada al proceso conforme a las disposiciones del Código Nacional de Procedimientos Penales.",Falso
DERECHO PROCESAL PENAL,El artículo 360 del Código Nacional de Procedimientos Penales indica que: toda persona tendrá la obligación de concurrir al proceso cuando sea citado y de declarar la verdad de cuanto conozca y le sea preguntado," asimismo, no deberá ocultar hechos, circunstancias o cualquier otra información que sea relevante para la solución de la controversia, salvo disposición en contrario.Verdadero"
DERECHO PROCESAL PENAL,"Se consideran testigos especiales a los testigos menores de edad que son víctimas del delito, y se teme por su daño psicológico o emocional, así como en caso de víctimas de los delitos de violación o secuestro.",Verdadero
DERECHO PROCESAL PENAL,"Etapa del sistema acusatorio que tiene como objetivo el ofrecimiento y admisión de pruebas, así como la depuración de los hechos materia del juicio oral.",B) Etapa intermedia.
DERECHO PROCESAL PENAL,Fases de la etapa intermedia en el sistema acusatorio.,A) Escrita y oral.
DERECHO PROCESAL PENAL,El descubrimiento probatorio del Ministerio Público en la etapa intermedia consiste en:,E) La entrega a la defensa de copia de los registros de investigación y acceso a las evidencias materiales recabadas durante la investigación.
DERECHO PROCESAL PENAL,Durante la fase escrita de la etapa intermedia la víctima u ofendido del delito puede:,C) Constituirse como acusador coadyuvante.
DERECHO PROCESAL PENAL,"Es la audiencia que se lleva a cabo en la etapa intermedia, en la cual las partes precisan de manera resumida y verbal su acusación y las excepciones que tengan.",D) Audiencia intermedia.
DERECHO PROCESAL PENAL,En la etapa intermedia el Ministerio Público puede formular su acusación.,Verdadero
DERECHO PROCESAL PENAL,La defensa tiene que hacer su descubrimiento probatorio en la fase escrita de la etapa intermedia.,Verdadero
DERECHO PROCESAL PENAL,En la audiencia intermedia el juez de control puede admitir pruebas sobreabundantes.,Falso
DERECHO PROCESAL PENAL,La prueba anticipada se desahoga ante el juez de control.,Verdadero
DERECHO PROCESAL PENAL,Al finalizar la audiencia intermedia el juez de control dicta el auto de apertura de juicio oral.,Verdadero
DERECHO PROCESAL PENAL,Descripción de los hechos propuestos por las partes en juicio y descripción sumaria de las pruebas.,E) Alegato de apertura.
DERECHO PROCESAL PENAL,Argumentación sobre lo visto y probado en juicio.,D) Alegato de clausura.
DERECHO PROCESAL PENAL,Son principios del juicio oral en el sistema acusatorio.,"A) Oralidad, contradicción, concentración, publicidad, continuidad e inmediación."
DERECHO PROCESAL PENAL,En el interrogatorio no se permiten las preguntas que son:,"C) Ambiguas, indicativas e impertinentes."
DERECHO PROCESAL PENAL,Para que una prueba documental sea valorada en juicio oral debe ser:,B) Incorporada.
DERECHO PROCESAL PENAL,Los alegatos de apertura son argumentativos.,Falso
DERECHO PROCESAL PENAL,Las preguntas en el contrainterrogatorio son sugestivas.,Verdadero
DERECHO PROCESAL PENAL,En el juicio oral se absuelve al acusado cuando hay alguna duda razonable.,Verdadero
DERECHO PROCESAL PENAL,Las objeciones de preguntas se deben plantear en la vía incidental.,Falso
DERECHO PROCESAL PENAL,En el juicio se emite sentencia en audiencia oral y pública.,Verdadero
DERECHO PROCESAL PENAL,En el proceso penal acusatorio sólo se admiten los recursos de apelación y revocación.,Verdadero
DERECHO PROCESAL PENAL,En el recurso de revocación no es necesario formular agravios.,Falso
DERECHO PROCESAL PENAL,Precluye el derecho para interponer recursos cuando no se hacen valer en el término legal.,Verdadero
DERECHO PROCESAL PENAL,El recurso de revocación procede contra resoluciones de trámite.,Verdadero
DERECHO PROCESAL PENAL,El recurso de revocación lo resuelve el tribunal de alzada.,Falso
DERECHO PROCESAL PENAL,El recurso de apelación sólo procede en los casos que determina el Código Nacional de Procedimientos Penales.,Verdadero
DERECHO PROCESAL PENAL,"El recurso de apelación tiene como objetivo: confirmar, modificar o revocar la resolución impugnada.",Verdadero
DERECHO PROCESAL PENAL,La sentencia de apelación no puede ordenar reponer procedimiento.,Verdadero
DERECHO PROCESAL PENAL,Las incidencias que se presenten en juicio se resolverán en la misma audiencia.,Falso
