tipo,pregunta,materia,opcion_a,opcion_b,opcion_c,opcion_d,opcion_e,opcion_f,correctas,respuesta_correcta,respuesta_modelo,criterios
abierta,¿Qué es el Sistema Penal Acusatorio?,Derecho,,,,,,,,"Es un sistema adversarial, donde las partes (Fiscalía y defensa) se enfrentan en igualdad de oportunidades ante un juez imparcial, quien, con base en las pruebas y argumentos, decide si condena o absuelve. También pueden intervenir la víctima para que se le garanticen la verdad, la justicia y la reparación. Las pruebas se reciben directamente por el juez, son sometidas a debate y confrontación por las partes, lo que asegura la calidad y veracidad de la información.",,
abierta,¿Qué es el proceso penal?,Derecho,,,,,,,,"Es el mecanismo por medio del cual se investigan los delitos, y se acusa y se juzga a los presuntos responsables, cuando a ello hubiere lugar.",,
abierta,¿Cómo se inicia un proceso penal?,Derecho,,,,,,,,el momento en que la Fiscalía tiene conocimiento de una conducta que se advierte delictiva y acusa por la misma. Ese conocimiento puede ser por denuncia o querella.,,
abierta,¿Quiénes pueden denunciar?,Derecho,,,,,,,,Cualquier persona puede denunciar a la autoridad los delitos de cuya comisión tenga conocimiento y que deban investigarse de oficio.,,
abierta,¿Quiénes deben denunciar?,Derecho,,,,,,,,"Estarán obligados a denunciar dentro de las veinticuatro horas siguientes al momento en que tomaren conocimiento del hecho criminal: I. Los miembros de la policía, todos los delitos que presenciaren o llega ren a su noticia; II. Los miembros de las Fuerzas Armadas deberán denunciar todos los delitos de que tomaren conocimiento en el ejercicio o en ocasión de sus funciones; III.",,
abierta,¿En qué casos estas persona no están obligadas a denunciar?,Derecho,,,,,,,,"En todos estos casos, la denuncia deja de ser obligatoria si razonablemente las personas comprendidas en este artículo arriesgan la persecución penal propia, del cónyuge, concubina, concubinario o pariente dentro del tercer grado de consanguinidad o por adopción, o segundo de afinidad, o cuando los hechos fueron conocidos bajo secreto profesional.",,
abierta,¿Cuáles son los principios del proceso penal?,Derecho,,,,,,,,"El respeto de la dignidad humana, de la igualdad, de la imparcialidad, de la legalidad, de la presunción de inocencia, del derecho de defensa, del debido proceso, de los derechos de las víctimas y de la sociedad. Los principios de concentración, continuidad, inmediación, oralidad, lealtad, contradicción, publicidad, del juez natural y de cosa juzgada, entre otros, caracterizan al sistema acusatorio",,
abierta,¿Qué es el principio de la dignidad humana?,Derecho,,,,,,,,"Significa que todos los intervinientes en el proceso penal deben ser tratados como seres humanos y no como objetos, respetando su dignidad personal y su integridad física, psíquica y moral.",,
abierta,¿Qué es el principio de igualdad?,Derecho,,,,,,,,"Es el derecho de las personas que intervienen en el proceso penal a recibir el mismo trato y las mismas oportunidades, sin discriminación por origen étnico, religión, opinión política o filosófica.",,
abierta,¿Qué es el principio de imparcialidad?,Derecho,,,,,,,,"Es la obligación de los jueces, en el ejercicio de sus funciones de control, preclusión y juzgamiento, de orientarse por el imperativo de establecer con objetividad la verdad y la justicia. En la práctica, que los jueces mantengan un rol imparcial sobre la investigación, acusación y presentación de pruebas.",,
abierta,¿Qué es el principio de legalidad?,Derecho,,,,,,,,"Significa que nadie puede ser investigado ni juzgado sino conforme con la ley procesal vigente al momento de los hechos, observando las formalidades propias de cada juicio.",,
abierta,¿Qué es la presunción de inocencia?,Derecho,,,,,,,,Toda persona se presume inocente y debe ser tratada como tal mientras no quede en firme una decisión judicial definitiva sobre su responsabilidad.,,
abierta,¿Qué es el principio de in dubio pro reo?,Derecho,,,,,,,,"Corresponde a la Fiscalía la carga de la prueba acerca de la responsabilidad penal. Si después de valorar en conjunto y racionalmente las pruebas aportadas por las partes, el juez tiene duda sobre la conducta delictiva o la responsabilidad del acusado, deberá resolver a favor del procesado.",,
abierta,¿Cuáles son los derechos de las víctimas?,Derecho,,,,,,,,"Tener acceso a la justicia; recibir un trato humano y digno; protección de su intimidad; garantía de seguridad, de sus familiares y sus testigos; a que se haga justicia en el caso; a conocer la verdad de lo ocurrido; a la reparación de los daños sufridos; a recibir información; a intervenir directamente en algunas decisiones y recibir asistencia integral. Además, a recibir información sobre organizaciones que pueden ayudarla y el tipo de ayuda, el lugar y el modo de presentar una denuncia o querella, las actuaciones subsiguientes a su denuncia, modo y condiciones de protección, mecanismos de defensa que puede utilizar, información sobre el proceso penal y sentencia, reparación integral, derecho de intervenir en el proceso y tener un profesional del derecho que lo represente legalmente.",,
abierta,¿Qué es el principio de contradicción?,Derecho,,,,,,,,"Es el acto mediante el cual las partes (Fiscalía y defensa) tienen derecho a conocer, controvertir o confrontar las pruebas, así como a intervenir en su formación y a oponerse a las alegaciones de la otra parte o interviniente.",,
abierta,¿Qué es el principio de inmediación?,Derecho,,,,,,,,"Solamente se considera prueba aquella que ha sido practicada y producida por las partes ante el juez de juicio oral, en un juicio público, oral y contradictorio, con el fin de que el juez observe directamente el comportamiento de los testigos al declarar y que pueda valorar más objetivamente esas declaraciones.",,
abierta,¿Qué es el principio de concentración?,Derecho,,,,,,,,"Las pruebas y diligencias deben practicarse en una audiencia continua, preferiblemente el mismo día.",,
abierta,¿Qué es el principio de publicidad?,Derecho,,,,,,,,"Significa que la actuación procesal y las audiencias deben ser abiertas, con el fin de que a ellas accedan no solo las partes e intervinientes, sino también los medios de comunicación y la comunidad. Excepto en los casos en los que la Constitución y las Leyes así lo señalen.",,
abierta,¿Quiénes tienen acceso a la actuación?,Derecho,,,,,,,,"Además de los intervinientes, la comunidad en general, que incluye a los medios de comunicación.",,
abierta,¿Existen excepciones a la publicidad de las actuaciones?,Derecho,,,,,,,,"Sí. La actuación no será pública cuando el juez considere que la publicidad de los procedimientos pone en peligro a las víctimas, testigos, peritos, intervinientes; se afecte la seguridad pública; se exponga a un daño psicológico a los menores de edad; o se comprometa seriamente el éxito de la investigación.",,
abierta,¿Qué es el principio de oralidad?,Derecho,,,,,,,,"Las partes, intervinientes y testigos deben manifestarse verbalmente y en audiencia ante el juez. Generalmente, está prohibida la lectura o la entrega de memoriales.",,
abierta,¿Cómo operaba esa situación en el anterior sistema?,Derecho,,,,,,,,Se caracterizaba por la escritura. Era un sistema de actas y de constancias.,,
abierta,¿Qué ventajas tiene la oralidad?,Derecho,,,,,,,,"El juez percibe directamente las manifestaciones de los testigos e intervinientes. Esto supone un proceso mucho más ágil, directo, eficaz y eficiente.",,
abierta,¿Qué es el principio del juez natural?,Derecho,,,,,,,,Garantizar que nadie podrá ser juzgado por un juez o tribunal instituido o creado con posterioridad a la comisión de un delito por fuera de la justicia ordinaria.,,
abierta,¿Qué es el principio de cosa juzgada?,Derecho,,,,,,,,"Establece que una persona, después de que haya sido definida su situación mediante sentencia en firme, no puede ser investigada ni juzgada por los mismos hechos.",,
abierta,¿Cuál es la función esencial de la Fiscalía?,Derecho,,,,,,,,"Los fiscales investigadores ejercerán la acción penal pública en la forma establecida por la ley, dirigirán la investigación y practicarán las diligencias pertinentes y útiles para determinar la existencia del hecho punible, sin embargo, requerirá de autorización judicial cuando la naturaleza de los actos de investigación implique la restricción de los derechos fundamentales. En el cumplimiento de sus funciones, los fiscales investigadores vigilarán que la policía cumpla con los requisitos de legalidad de los actos de investigación que se lleven a cabo.",,
abierta,¿Cuál es la función esencial de los jueces del tribunal de juicio oral?,Derecho,,,,,,,,Un juzgador imparcial que escucha la evidencia presentada y confrontada en un juicio oral para decidir sobre la responsabilidad penal de los acusados. Absolver o condenar a los acusados. El Tribunal de juicio oral es el órgano jurisdiccional competente para conocer del juzgamiento.,,
abierta,¿Cuál es la función de los jueces de control?,Derecho,,,,,,,,"Un juez imparcial que garantiza los derechos del investigado, imputado, víctima y la sociedad durante las audiencias preliminares antes del juicio. Tienen dos funciones esenciales. Son los llamados a dictar medidas cautelares y, como su nombre lo indica, controlan la legalidad de las actuaciones de la Fiscalía y de la policía judicial. Quien haya actuado como juez de control no puede ser juez del Tribunal de juicio oral.",,
abierta,¿Cuándo se puede detener a una persona?,Derecho,,,,,,,,"Cuando sea sorprendida en flagrancia, en caso urgente, por orden del Ministerio Público y cuando exista orden emitida por un juez de control.",,
abierta,¿Cuándo existe flagrancia?,Derecho,,,,,,,,Cuando una persona es detenida en el momento de cometer una conducta delictiva o bien cuando es perseguido ininterrumpida e inmediatamente después de ejecutarlo.,,
abierta,¿Es necesario ser autoridad para detener en flagrancia?,Derecho,,,,,,,,"No. En situaciones de flagrancia, inclusive un particular está facultado para capturar",,
abierta,¿Cuándo un juez puede ordenar una detención?,Derecho,,,,,,,,Cuando la Fiscalía solicita y presenta elementos materiales o información que fundamenta la razón para la captura.,,
abierta,¿La Fiscalía puede ordenar una captura?,Derecho,,,,,,,,"La Fiscalía podrá ordenar excepcionalmente capturas en casos de urgencia cuando I. Exista sospecha fundada de que el imputado ha participado en alguno de los delitos calificados como graves en el Código Penal del Estado; II. Exista riesgo fundado de que el imputado pueda sustraerse a la acción de la justicia, y III. Por razón de la hora, lugar o cualquier otra circunstancia, no pueda el Ministerio Público ocurrir ante autoridad judicial para solicitar la orden de aprehensión.",,
abierta,¿Cuáles son los derechos del detenido?,Derecho,,,,,,,,"A toda persona capturada se le debe informar, de manera inmediata, del hecho que se le atribuye y qué motivó su detención; del funcionario que la ordenó exhibiéndole, en su caso, la orden emitida; del derecho a indicar la persona a quien se deba comunicar su aprehensión; del derecho que tiene a guardar silencio y del derecho que tiene a designar y a entrevistarse con un abogado.",,
abierta,¿Cuál es el procedimiento cuando se detiene a una persona?,Derecho,,,,,,,,"Cuando sea una autoridad la que realice la captura deberá conducirla inmediatamente ante la Fiscalía. Si es un particular, se debe conducir al aprehendido en el término de la distancia ante cualquier autoridad de policía o al Ministerio Público.",,
abierta,"¿Y, seguidamente, qué debe hacer el Fiscal?",Derecho,,,,,,,,"Si el delito no tiene prisión preventiva, debe dejarlo en libertad y si procede la detención debe legalizar la captura ante un Juez de Control dentro de un plazo máximo de 48 horas y solicitar a éste, en caso de ser procedente, la prisión preventiva.",,
abierta,¿Qué es una medida cautelar?,Derecho,,,,,,,,"Es una decisión adoptada por un Juez de Control, a petición de la Fiscalía, por medio de la cual afecta derechos fundamentales de un procesado, cuando advierte que, de los antecedentes y de la información con que se cuenta, se pueda inferir que el imputado puede ser autor o partícipe de la conducta delictiva que se investiga. La medida se impone siempre y cuando se cumpla alguno de los siguientes requisitos: Que sea necesaria para evitar que el procesado obstruya la justicia; que el imputado constituya un peligro para la sociedad o para la víctima o que resulte probable que el imputado no comparecerá al proceso.",,
abierta,¿Cuáles son las medidas cautelares privativas de la libertad?,Derecho,,,,,,,,La prisión preventiva en establecimiento de reclusión y el arresto domiciliario.,,
abierta,¿Cuáles son las medidas de aseguramiento no privativas de la libertad?,Derecho,,,,,,,,"La obligación de someterse a un mecanismo de vigilancia electrónica o de una persona o institución determinada; la obligación de presentarse o cuando sea requerido; la prohibición de salir del país o de un determinado ámbito territorial, y la prohibición de concurrir a ciertos lugares o de comunicarse con determinadas personas, en especial con las víctimas.",,
abierta,¿La Fiscalía puede practicar pruebas?,Derecho,,,,,,,,"No. Las pruebas, salvo la anticipada, se practican ante el Tribunal de juicio oral, en el escenario de un juicio público, oral y concentrado, donde la Fiscalía presenta sus elementos materiales y evidencia física contra el acusado al juez, pidiéndole que las acepte como prueba.",,
abierta,"Si la Fiscalía no puede practicar pruebas, ¿cómo realiza la investigación?",Derecho,,,,,,,,La Fiscalía se dedica a la búsqueda de evidencias o datos de prueba y a obtener información sobre el delito y sus posibles responsables y para ello cuenta con los actos de investigación.,,
abierta,¿Cuáles son los datos de prueba?,Derecho,,,,,,,,"Huellas, rastros, manchas, residuos, vestigios, armas, instrumentos u objetos utilizados para su ejecución; dinero, bienes y otros efectos provenientes de la actividad criminal; documentos, fotografías, videos, mensajes de datos, correo electrónico y fax, entre otros.",,
abierta,¿En qué consiste el principio de oportunidad?,Derecho,,,,,,,,"Es la facultad que tiene la Fiscalía para suspender, interrumpir o renunciar a la persecución penal en casos particulares. En un sistema acusatorio, el fiscal tiene la responsabilidad de acusar y puede declinar esta responsabilidad en nombre de la justicia, suspendiendo, interrumpiendo o renunciando a la acción penal.",,
abierta,¿En el anterior sistema existía el principio de oportunidad?,Derecho,,,,,,,,No. La Fiscalía tenía la obligación de ejercer la acción penal ante las conductas que advertía como delictivas y no podía renunciar a su ejercicio.,,
abierta,¿Qué ventajas tiene el principio de oportunidad?,Derecho,,,,,,,,"El Estado, a través de la Fiscalía, dedica sus esfuerzos a investigar los delitos de mayor impacto social. Se ocupa de lo más importante en una valoración de costo-beneficio, sin dejar de procurar que el daño se repare.",,
abierta,¿En qué casos procede la aplicación del principio de oportunidad?,Derecho,,,,,,,,"En los delitos con penas menores; cuando exista una escasa afectación a bienes jurídicos; como beneficio por colaboración con la justicia, entre otros.",,
abierta,¿Qué impugnaciones existen cuando la Fiscalía ejerce el principio de oportunidad?,Derecho,,,,,,,,"Impugnación ante el superior jerárquico del fiscal investigador y control judicial en el cual los Jueces de Control, en audiencia donde intervienen las víctimas y el Ministerio Público, realizan una audiencia para verificar la legalidad en la aplicación del Principio de Oportunidad.",,
abierta,¿Cuáles son las audiencias en el Sistema Penal Acusatorio?,Derecho,,,,,,,,"La de control de detención, la audiencia de formulación de imputación, la de vinculación a proceso y lectura de sentencia.",,
abierta,¿Qué es la audiencia de formulación de imputación?,Derecho,,,,,,,,"Se realiza ante un Juez de Control y en ella la Fiscalía le comunica a la persona que se le está adelantando una investigación sobre definidos hechos punibles, para que ésta ejerza el derecho de defensa.",,
abierta,¿En qué consiste el escrito de acusación?,Derecho,,,,,,,,"Es un escrito por medio del cual la Fiscalía formaliza, ante el Juez de control, una acusación en relación con una o varias personas, cuando estima que la investigación proporciona fundamento para someter a juicio público al imputado.",,
abierta,¿En qué consiste la audiencia intermedia?,Derecho,,,,,,,,Prepara la realización de la audiencia del juicio oral. Las partes enuncian las pruebas que van a hacer valer en el juicio y el juez admite o excluye las que pueden practicarse.,,
abierta,¿En qué consiste la audiencia de juicio oral?,Derecho,,,,,,,,"Es el escenario más importante del sistema acusatorio. Allí, ante el Tribunal de Juicio oral, en un juicio público, oral y concentrado, las partes (Fiscalía y defensa) ofrecen las pruebas, las cuales se practican, controvierten y argumentan ante el Tribunal. Concluido el debate probatorio, el Tribunal delibera y posteriormente anuncia el sentido del fallo (absolutorio o condenatorio).",,
abierta,¿Qué es una audiencia de individualización de penal medida de seguridad y la reparación del daño?,Derecho,,,,,,,,Si el fallo es condenatorio se hace una valoración de las condiciones del sentenciado para establecer la pena o medida de seguridad que le corresponde y la reparación del daño.,,
abierta,¿Qué son los delitos perseguibles a petición de parte?,Derecho,,,,,,,,"Son aquellos delitos que solo revisten interés individual o para un grupo reducido y por lo tanto, sólo se activan por la querella o denuncia del interesado.",,
abierta,¿Qué son los Mecanismos alternativos de solución de conflictos?,Derecho,,,,,,,,Buscan el arreglo o solución al conflicto surgido entre las personas sin intervención de los órganos jurisdiccionales.,,
abierta,¿Qué es un defensor Público?,Derecho,,,,,,,,"Abogado designado por la autoridad judicial o por el Ministerio Público, cuando el sindicado no ha nombrado defensor para que lo asista.",,
abierta,¿Pueden los jueces en el nuevo sistema decretar la práctica de pruebas de oficio como ocurría en el anterior sistema?,Derecho,,,,,,,,"El juez no puede ordenar pruebas de oficio, pues perdería su imparcialidad. Las pruebas son de iniciativa de las partes. El juez puede hacer preguntas aclaratorias los testigos.",,
abierta,¿En qué consiste la prueba anticipada?,Derecho,,,,,,,,"Cuando hay peligro de perder evidencias antes del juicio o es imposible aducir una prueba en el juicio oral, se admite la posibilidad de practicarla en forma anticipada ante el Juez de Control Por ejemplo, cuando un testigo tiene una enfermedad terminal y se considera que no va a sobrevivir para el momento del juicio oral. La prueba anticipada es practicada como si fuera durante un juicio oral, es decir, con la participación de las partes, contradicción y ante un juez imparcial, que es el de control.",,
abierta,¿Cuál es el papel del Tribunal de Juicio oral en la audiencia del juicio oral?,Derecho,,,,,,,,"Decidir la controversia –si la evidencia muestra o no más allá de una duda razonable la responsabilidad penal del acusado–. Escuchar de manera imparcial el testimonio, la presentación y la contradicción de pruebas por las partes. Dirigir y coordinar toda la audiencia. Es el destinatario de las pruebas. Vela por que las intervenciones de las partes y testigos se hagan de conformidad con la ley. Decide sobre las objeciones u oposiciones a las preguntas y cuando termina la audiencia anuncia el sentido del fallo.",,
abierta,¿Los testigos deben ser preparados por las partes antes de que rindan su testimonio en el juicio oral?,Derecho,,,,,,,,"Sí. Los deben preparar, pero no en el sentido de crear su testimonio o dirigir lo que debe testificar o para que falten a la verdad, sino para ilustrarlos sobre el procedimiento y las reglas que han de seguirse; los efectos jurídicos de su declaración; cuál va a ser el papel del interrogador, del contrainterrogador, del juez y del Ministerio Público; sus derechos y deberes; resaltar que la verdad está por encima de cualquier otra consideración; advertirle que no debe emitir opiniones y prever preguntas de la otra parte, entre otros aspectos.",,
abierta,¿Cómo se desarrolla la declaración del testigo en el juicio oral?,Derecho,,,,,,,,"Se le recibe el juramento de no faltar a la verdad. Seguidamente, la parte que ofreció la prueba lo interroga y después la otra parte, si lo desea, lo contrainterroga. Todos los testigos se someten a preguntas y contra preguntas, investigativa y testimonial contra otros delincuentes y propiciar la reparación efectiva de los daños y perjuicios causados.",,
abierta,¿Cuál ha sido el mayor impacto del Sistema Penal Acusatorio en la sociedad?,Derecho,,,,,,,,"La agilidad y rapidez son los mayores impactos con los que cuenta el nuevo sistema para administrar justicia. Sin duda, el desenvolvimiento por medio de audiencias permite que los medios de comunicación pongan en conocimiento de la comunidad los casos, como una manera de controlar colectivamente la calidad del trabajo de los jueces, fiscales, abogados y procuradores. Este sistema promueve a los buenos funcionarios y abogados, pero también pone en evidencia a los actores que no se preparan para hacer su trabajo en audiencia.",,
abierta,¿Cómo han sido los resultados del Sistema Penal Acusatorio en materia de eficacia y garantía?,Derecho,,,,,,,,"Casos que en el sistema mixto se resolvían en años ahora se resuelven en meses. A pesar de las dificultades que entraña esta nueva forma de proceder, ya se han logrado éxitos en casos por homicidio, terrorismo y narcotráfico. Por otra parte, las personas tienen mayor confianza en la administración de justicia penal, pues aunque se sientan perseguidas por la Policía y la Fiscalía, al final confían en los controles posteriores de los jueces.",,
abierta,¿Cómo se inicia el Derecho Penal?,Derecho,,,,,,,,"El hombre ve reflejados sus primarios instintos, que lo llevan a proteger con violencia sus intereses particulares y la búsqueda del orden social a través de normas de conducta, castigando actos que ofendían a la comunidad.",,
abierta,¿En qué etapas se divide la evolución del Derecho Penal?,Derecho,,,,,,,,• Venganza privada • Venganza divina • Venganza familiar • Venganza publica • Humanística • Científica,,
abierta,¿Cuáles son las características de cada una de ellas?,Derecho,,,,,,,,"• Venganza privada: El hombre, ante una agresión recibida obtiene satisfacción mediante otro acto violento. El ofendido realizaba su venganza por propia mano, de manera desproporcional. • Venganza divina: El delito era causa de descontento de los dioses; los jueces y tribunales juzgaban en nombre de la divinidad ofendida, pronunciando sentencias e imponiendo penas para satisfacer su ira. • Venganza familiar: Aparece la ley del Talion, haciendo un esfuerzo para evitar la desproporción de la fuerza del ofendido; el grupo familiar del afectado realiza el acto de justicia causando igual daño al ofensor. • Venganza publica: Imposición por parte del representante de la autoridad de la comunidad, se caracteriza por aplicarse con severidad. • Humanística: Movimiento humanitario de las penas y de los sistemas penales; benevolencia en el tratamiento de los delincuentes, formas mas humanas en la investigación de los delitos, castigos menos excesivos y mejores diseños de prisiones. • Científica: Surge la orientación científica en la prevención, investigación de los delitos, personalidad del delincuente, peligrosidad y ocupación para su rehabilitación",,
abierta,¿Cuáles son las escuelas jurídico penales?,Derecho,,,,,,,,"Clásica, positiva, sociológica, técnico jurídica y crítica.",,
abierta,Establece las características de la escuela clásica:,Derecho,,,,,,,,• Establece que todos los hombres nacimos con la capacidad para actuar. • Niega el determinismo o la predisposición hacia el delito. • La ley debe aplicarse de la misma manera a todos los hombres por igual. • El hombre tiene una responsabilidad de tipo moral por su libre albedrío. • Utiliza el método deductivo en la investigación. • La pena debe ser en proporción al delito cometido.,,
abierta,Establece las características de la escuela positiva:,Derecho,,,,,,,,"• Niega el libre albedrío. • Afirma que el hombre no escoge libremente y de manera consiente sobre el bien y el mal. • El punto de mira de la justicia penal es el delincuente, pues el delito no es otra cosa que un sistema revelador un estado peligroso.",,
abierta,Establece las características de la escuela sociológica:,Derecho,,,,,,,,"• La pena tiene como fin conservar el orden jurídico. • Concibe al delito como fenómeno jurídico natural. • Afirma que la pena es una necesidad. • Los factores criminológicos son individuales, físicos, sociales y económicos. • Estima la peligrosidad e inimputabilidad del delincuente. • La pena funciona para prevenir y readaptar al delincuente.",,
abierta,Establece las características de la escuela técnico jurídica:,Derecho,,,,,,,,"• El delincuente es el objeto de la máxima preocupación científica de la justicia. • El delito es una manifestación de la personalidad del delincuente y hay que readaptar a éste a la sociedad corrigiendo sus inclinaciones viciosas. • La corrección es el pivote sobre el cual gira este nuevo período. • La pena como sufrimiento carece de sentido; lo que importa es su eficacia, dado aquel fin.",,
abierta,Establece las características de la escuela ecléctica:,Derecho,,,,,,,,• Niega el libre albedrío. • Afirma que el delito es un hecho individual y social. • Considera la responsabilidad moral. • Distingue entre imputables e inimputables.,,
abierta,¿Cuáles eran los delitos más comunes en la época precortesiana y cómo se castigaban?,Derecho,,,,,,,,"• Delitos Principales : Alcahuetería, Peculado, Cohecho de jueces, Traición en guerra, Deserción, Adulterio, Homicidio, Espionaje, etc. • Penas más Aplicadas: La de muerte: (ahorcadura, hoguera, degüello, descuartizamiento, desollamiento), Esclavitud, Castigos Infamantes, Penas Corporales, Destierro, Encarcelamiento.",,
abierta,¿Dónde surge el primer Código Penal y cuándo lo promulgaron?,Derecho,,,,,,,,"Código Penal para el estado de Veracruz (1869) - Código Penal de 1871, conocido como “Código de Martínez Castro” Vigente hasta 1929 y con influencia de la escuela Clásica.",,
abierta,"¿Cuáles son las principales características del derecho precortesiano, colonial eindependiente?",Derecho,,,,,,,,"el derecho de los indígenas tenía figuras igual o más adelantadas que la de los colonizadores. Antes de la Conquista, debido a la religiosidad y severa educación de los habitantes del territorio de lo que hoy es México, el crimen era un fenómeno poco común, ya que el castigo resultaba Muy Severo. • Colonial: Las manifestaciones de la cultura indígena fueron abolidas y se impusieron las del pueblo conquistador; las leyes de las Indias fueron el principal cuerpo legal de la colonia. • Independiente: Después de la independencia, empiezan a promulgarse leyes con influencia de la legislación colonial, las cuales eran aplicables a falta de ley nueva.",,
abierta,¿Cuáles son las fuentes del derecho en general?,Derecho,,,,,,,,"• Reales: Causa que hace necesaria la creación de la norma; factores y elementos que determinan el contenido de tales normas. • Formales: Procesos de creación de las normas jurídicas; ley jurisprudencia, costumbre, doctrina y principios generales de derecho. • Históricas: Medios objetivos en los cuales se contienen las normas jurídicas; códices en que se encuentran antiguas normas derogadas.",,
abierta,¿Cuál es la fuente del Derecho Penal?,Derecho,,,,,,,,"La constitución, el apego a la ley penal; códigos penales de cada estado, tratados internacionales, leyes especiales locales y federales y jurisprudencia.",,
abierta,¿Cuáles son las fuentes de producción y las fuentes de conocimiento?,Derecho,,,,,,,,"• Fuentes de producción: Órgano que produce la norma jurídica, mediante su ficción legislativa. • Fuentes de conocimiento: Instrumentos legislativos en que está plasmada la ley penal, mientras que deben ser objeto de interpretación y aplicación en el ejercicio de la función jurisdiccional.",,
abierta,¿Qué dispone el artículo 14 Constitucional?,Derecho,,,,,,,,"“En los juicios del orden criminal queda prohibido imponer, por simple analogía y aun por mayoría de razón, pena alguna que no esté decretada por una ley exactamente aplicable al delito de que se trata”.",,
abierta,¿Qué significa interpretar?,Derecho,,,,,,,,"Interpretar la ley significa precisar su sentido, la necesidad de interpretación deriva de la naturaleza misma de las características de abstracción, generalidad e impersonalidad que observa.",,
abierta,¿Cómo se clasifica la interpretación de la ley?,Derecho,,,,,,,,• Por su origen (los sujetos que la realizan) • Según sus resultados,,
abierta,En razón al método la interpretación de la ley puede ser:,Derecho,,,,,,,,"• Histórica: La norma debe entenderse en relación con el momento que se creo considerando las circunstancias y el porque y para que se creó. • Gramatical: Esclarece la norma según el sentido estrictamente literal de la disposición. • Lógica: Consiste en revisar las circunstancias imperantes en el momento en que se creo la norma, conocer la exposición de motivos respectiva y saber que factores influían en la sociedad en aquel momento. • Sistemática: Implica conocer y comprender todo el cuerpo legal a que pertenece la norma por interpretar para no considerarla aisladamente. • Analógica: Consiste en interpretar la norma de manera que se recurra a normas o casos similares entre si, a fin de desentrañar su sentido.",,
abierta,¿Cuál es la interpretación de la ley por sus resultados y explique cada una de ellas?,Derecho,,,,,,,,• Declarativa: coincide la voluntad de la ley con la letra de esta. • Extensiva: la intención de la ley es mayor que la expresada en texto. • Restrictiva: el texto legal expresa más de lo que pretendió el legislador. • Progresiva: adecua el texto de la ley a las necesidades imperantes.,,
abierta,¿Cómo puede ser la interpretación en razón de su origen?,Derecho,,,,,,,,• Doctrinal o privada: Es la que realizan los particulares • Auténtica o legislativa: Es la que realiza el legislador para precisar o aclarar el significado de la norma jurídica. • Judicial o jurisdiccional: Es la que realizan los juzgadores con el fin de aplicar la norma jurídica a los casos concretos.,,
abierta,¿En qué consiste la analogía de la ley?,Derecho,,,,,,,,En extender una norma jurídica que regula un determinado hecho a otro no previsto en ella.,,
abierta,¿Cuáles son los ámbitos de validez de la Ley Penal?,Derecho,,,,,,,,"Material, temporal, personal y espacial.",,
abierta,¿Cuál es el reparto de la competencia en órdenes legislativos?,Derecho,,,,,,,,Federal y común.,,
abierta,¿Principios para resolver los problemas sobre la aplicabilidad de las leyes penales?,Derecho,,,,,,,,"Territorial, persona, real y universal.",,
abierta,¿En qué casos se aplica la extraterritorialidad?,Derecho,,,,,,,,"• Delitos que se preparen o hagan fuera de México pero que produzca efectos en México. • Delitos cometidos en embajadas o en contra de funcionarios que en ellas laboran. • Delitos cometidos en contra de las embarcaciones y aeronaves, mercantiles u oficiales del Estado.",,
abierta,¿Cómo se define la territorialidad?,Derecho,,,,,,,,Aplicación de la ley en el territorio donde esta misma fue creada; emana en virtud de la soberanía de cada estado por lo que debe tener aplicabilidad en su propio territorio y no en otro.,,
abierta,¿Qué es la extradición y cuáles son sus formas?,Derecho,,,,,,,,"Es la entrega que hace un estado a otro de un condenado o acusado que se ha refugiado en aquél. • Activa: Hace referencia al que solicita la entrega del delincuente. • Pasiva: Entrega del delincuente por parte del país donde se refugió. • Espontánea: El país donde se encuentra el delincuente lo entrega al país donde es perseguido y donde corresponde ser juzgado por algún delito; sin existir requerimiento del país receptor. • Voluntaria: El propio delincuente se entrega a su estado de origen. • De paso o de tránsito: Es el permiso que otorga un Estado por el hecho de que el delincuente pase por su territorio, al dirigirse al Estado donde cometió el delito en virtud de la extradición.",,
abierta,¿Cuáles son los requisitos para la extradición de un delincuente?,Derecho,,,,,,,,• Que el hecho imputado este expresamente previsto dentro del catálogo de delitos que puedan ser materia de Extradición. • Que se encuentre viva la acción penal para perseguirlo. • Que la pena que corresponde al mismo no sea menor de un año se prisión. • Sólo por delitos perseguibles de oficio.,,
abierta,¿Cómo se define la expulsión?,Derecho,,,,,,,,"Hacer abandonar el territorio nacional, inmediatamente y sin necesidad de juicio previo, a todo extranjero cuya permanencia juzgue inconveniente, facultad discrecional otorgada al ejecutivo de la unión.",,
abierta,¿Qué es el Derecho Penal?,Derecho,,,,,,,,Conjunto de reglas jurídicas establecidas por el Estado que asocian el crimen como hecho a la pena como legítima consecuencia; indican las medidas de seguridad y señalan las formas para su aplicación.,,
abierta,¿Cuáles son las características del Derecho Penal?,Derecho,,,,,,,,"• Es una función pública. El Estado, en uso de su soberanía, es el único que puede determinar cuáles son las conductas punibles y fijarles una pena. • Castiga las conductas externas. Es regulador de conductas externas. Nunca será delito el mero hecho de pensar. • Es un derecho normativo. Establece prohibiciones, normas y mandatos que deben ser observados estrictamente por los destinatarios. • Es un derecho valorativo. Para sancionar, elige aquellas conductas que tengan un significado importante para el ordenamiento jurídico. Se evalúan las conductas importantes. No toda actuación es infracción penal, solamente aquellas que lesionan o puedan lesionar bienes jurídicos importantes para la comunidad. • Es finalista. Tiene como fin velar por el respeto de la norma. Para el bienestar común y por ser finalista es un derecho Destinado a corregir aquellas conductas peligrosas para la comunidad. • Es un sistema discontinuo de ilicitudes. No castiga todas las conductas ilícitas, sino que solamente aquellas que tiene relevancia social, que ponen en peligro o atentan contra la convivencia. • Es un derecho sancionatorio o punitivo. Castiga los actos delictivos. • Es un derecho personalísimo. Las penas y sanciones se aplican exclusivamente a la persona que cometió el delito.",,
abierta,¿Cuál es el fin del Derecho Penal?,Derecho,,,,,,,,"La misión primordial del Derecho Penal es fomentar el respeto a los bienes jurídicos, es decir, su función es de carácter ético – social. El derecho no puede prohibir la acusación de un resultado. Lo que hace es prohibir la realización de conductas dirigidas a lesionar o que lleven consigo la posibilidad poner en peligro, un bien jurídico y esta función la cumple mandando o prohibiendo determinadas acciones y no tratando de evitar la acusación de determinados resultados.",,
abierta,¿En qué consiste el Derecho Penal subjetivo?,Derecho,,,,,,,,Es la facultad que tiene el Estado de fijar penas (perspectiva abstracta). Cuando se hace efectivo el derecho punitivo es exclusivamente en virtud de una ley.,,
abierta,¿En qué consiste el Derecho Penal objetivo?,Derecho,,,,,,,,Es el conjunto de leyes y normas que definen los delitos y las penas (derecho concreto).,,
abierta,Para su estudio el Derecho Penal se divide en:,Derecho,,,,,,,,"• Parte General: Estudia las leyes penales en general, a los delincuentes, las penas y las medidas de seguridad. • Parte Especial: Estudia a los delitos en particular.",,
abierta,¿Con qué ciencias del Derecho Penal se relaciona y por qué?,Derecho,,,,,,,,"• Derecho Constitucional Éste contempla las necesidades propias de una sociedad en un tiempo determinado y su satisfacción y el penal protege que estas necesidades sean satisfechas. • Derecho Civil Éste contempló en Derecho Romano delitos de tipo penal que hoy reciben influencia de la legislación común en su conceptualización. • Derecho Internacional Mediante los principios y pautas del éste se celebran tratados internacionales para la investigación, persecución y sanción de los delitos en el ámbito internacional. • Derecho Penitenciario Éste se encarga de la aplicación de sanciones.",,
abierta,¿Cuáles son algunas de las Ciencias Auxiliares del Derecho Penal?,Derecho,,,,,,,,"Antropología criminal, sociología criminal, psicología criminar, criminología, medicina legal y penología.",,
abierta,¿En qué consiste la criminología?,Derecho,,,,,,,,"Ciencia empírica e interdisciplinaria que se ocupa del crimen, del delincuente, de la víctima y del control social del comportamiento desviado.",,
abierta,¿Cómo se define la criminalística?,Derecho,,,,,,,,"Ciencia que se encarga de la aplicación de la evidencia material para demostrar lo que realmente sucedió en la reconstrucción de los hechos. Acto u omisión que concuerda exactamente con la conducta que, como tal, se menciona expresamente en tipificada en las normas penales.",,
abierta,¿Cuáles son los elementos esenciales del delito?,Derecho,,,,,,,,"• Esenciadísimos Antijuricidad, tipo, conducta, culpabilidad • Esenciales Tipicidad, punibilidad, imputabilidad",,
abierta,Defina en forma somera cada uno de los elementos esenciales del delito:,Derecho,,,,,,,,"• Antijuricidad Conducta contraria a derecho. • Tipo Descripción legal de la conducta sancionada por la ley. • Conducta Comportamiento humano, voluntario, positivo o negativo encaminado a un propósito. • Culpabilidad Relación directa entre voluntad y conocimiento del hecho con la conducta realizado. • Imputabilidad Capacidad de entender y querer en el campo del derecho penal, capacidad de ejercicio que implica salud mental en el momento en que se comete el delito. • Punibilidad Amenaza de una pena contemplada en la ley, cuando se ha violado una norma penal. • Tipicidad Adecuación de la conducta al tipo penal.",,
abierta,Mencione cuáles son las corrientes doctrinarias que han definido al delito:,Derecho,,,,,,,,"Teoría finalista, causalista y sociologista.",,
abierta,¿Cuáles son los objetos del delito y defina cada uno de ellos?,Derecho,,,,,,,,• Material Entidad corpórea sobre la que recae el delito. • Jurídico Bien jurídico lesionado o puesto en peligro.,,
abierta,"Concepto de delito instantáneo, continuado y permanente:",Derecho,,,,,,,,"• Instantáneo Se consuman en el momento en que se realizan todos sus elementos; se agotan en el instante en que la conducta produce el delito. • Continuado Se producen varias acciones dañinas y un solo resultado jurídico relevante encaminado a un objetivo determinado. • Permanente La conducta se consuma al momento de realizarse, pero la secuela de ésta permanece durante algún tiempo.",,
abierta,¿Cómo se clasifican los delitos de acuerdo a su forma de persecución?,Derecho,,,,,,,,De oficio y de querella de parte.,,
abierta,Diferencia entre objeto material y objeto jurídico del delito:,Derecho,,,,,,,,El material se refiere a la persona física o moral sobre al que recae el delito; el jurídico hace referencia al daño del bien jurídico tutelado por la norma.,,
abierta,Menciona como se clasifica el delito en función de su materia:,Derecho,,,,,,,,"Del fuero común, del fuero federal y del fuero militar.",,
abierta,¿En qué consiste la inmunidad política y la inmunidad diplomática?,Derecho,,,,,,,,Prerrogativa que se les concede a los diplomáticos de otros países que se encuentran en el territorio nacional en el desempeño de sus funciones; consiste en dejarlo exento del jurisdicción ordinaria.,,
abierta,Concepto de conducta:,Derecho,,,,,,,,"La conducta es entendida como el comportamiento humano voluntario, positivo o negativo encaminado a un propósito.",,
abierta,¿Qué es la acción?,Derecho,,,,,,,,"La acción consiste en actuar o hacer, es un hecho positivo, el cual implica que el agente lleve a cabo uno o varios movimientos corporales y comete la infracción a la ley el que por sí mismo o por medio de instrumentos, animales, mecanismos e incluso mediante personas (autoría mediata).",,
abierta,Mencione y explique los elementos de la acción:,Derecho,,,,,,,,"VOLUNTAD: es el querer, por parte del activo, de cometer el delito. Es la intención del sujeto activo. ACTIVIDAD: Consiste en “hacer” o actuar. Es el hecho positivo o movimiento corporal humano encaminado a producir el ilícito. RESULTADO: es la consecuencia de la conducta; el fin deseado por el agente y previsto en la ley penal. NEXO DE CAUSALIDAD: es el ligamento que une a la conducta con el resultado, el cual debe ser material.",,
abierta,¿En qué consiste la omisión simple y la comisión por omisión?,Derecho,,,,,,,,"OMISIÓN SIMPLE: llamada también omisión propia, la cual consiste en no hacer lo que se debe hacer, ya sea voluntaria o culposamente. Lo que produce un delito, aunque no haya un resultado, de modo que se infringe una norma preceptiva; como en el caso de portación de arma prohibida. COMISIÓN POR OMISIÓN: llamada también omisión impropia, consistente en un no hacer voluntario culposo, cuya abstención produce un resultado material, y se infringe una norma preceptiva y otra prohibitiva; como el abandono de la obligación de alimentar a los hijos, con lo que se puede causar su muerte.",,
abierta,¿Qué es la acción para la teoría causalista?,Derecho,,,,,,,,Se trata de un comportamiento humano dependiente de la voluntad que produce una determinada consecuencia en el mundo exterior.,,
abierta,¿Cómo define a la acción la teoría finalista?,Derecho,,,,,,,,"La acción no es un proceso causalmente dependiente de la voluntad, sino por su propia esencia, es el ejercicio de la actividad final.",,
abierta,¿Qué es la ausencia de conducta?,Derecho,,,,,,,,"Esto quiere decir que la conducta (acción u omisión) no existe y, por tanto, da lugar a la inexistencia de delito. Es un impeditivo de la formación de la figura delictiva",,
abierta,¿Cómo se define la vis mayor y la vis absoluta?,Derecho,,,,,,,,"Vis Absoluta: consiste en que una fuerza humana exterior e irresistible se ejerce contra la voluntad de alguien, quien en apariencia comete la conducta delictiva. Vis Mayor: es la fuerza mayor que a diferencia de la vis absoluta, proviene de la naturaleza. Se presenta el aspecto negativo de la conducta, es decir, ausencia de conducta, pues no existe la voluntad por parte del supuesto",,
abierta,¿En qué consiste la actione liberae in causa y cuáles son sus efectos en el derechopenal?,Derecho,,,,,,,,Ocurre cuando se comete una conducta típica en estado de incapacidad psíquica provocada.,,
abierta,Explica el concepto de tipo penal:,Derecho,,,,,,,,Descripciones precisas de las acciones u omisiones que son consideradas como delito y a los que se les asigna una pena o sanción.,,
abierta,¿Cuáles son los elementos esenciales del tipo penal y cómo se define cada uno deellos?,Derecho,,,,,,,,• Subjetivos Aluden a la finalidad del sujeto activo del delito. • Objetivos Pueden ser captados por medio de los sentidos. • Normativos Es necesario realizar una valoración jurídica o cultural.,,
abierta,¿Qué es la ausencia de tipo?,Derecho,,,,,,,,"Se presenta cuando el legislador, deliberada o inadvertidamente, no describe una conducta que, según el sentir general debería ser incluida en el catálogo de los delitos.",,
abierta,Explicar el concepto de tipicidad:,Derecho,,,,,,,,Cualidad que se le atribuye a un comportamiento que se adecua al tipo penal.,,
abierta,Defina qué se entiende por atipicidad:,Derecho,,,,,,,,Ausencia de adecuación de la conducta al tipo.,,
abierta,Diferencia entre la tipicidad y el tipo penal:,Derecho,,,,,,,,"La tipicidad es la cualidad que se le atribuye a un comportamiento que se adecua al tipo penal, el tipo es la descripción de la conducta prohibida.",,
abierta,Explique la función de la tipicidad y mencione en qué precepto legal se encuentra latipicidad:,Derecho,,,,,,,,"Su función es una secuela del principio legalista y garantía de libertas; tiene una función delimitadora, motivadora y garantizadora de legalidad, se encuentra tutelada en el artículo 14 constitucional.",,
abierta,¿Cómo se clasifican los tipos penales de acuerdo por su conducta y en quéconsisten?,Derecho,,,,,,,,• Acción Requieren del movimiento corporal del agente en la realización del hecho punible. • Omisión El agente realiza una conducta diversa a la jurídicamente ordenada por la norma.,,
abierta,¿Cómo se clasifican y se definen los tipos penales conforme a su ordenaciónmetódica?,Derecho,,,,,,,,"• Delito especial privilegiado Se forma de manera independiente, agregando al tipo fundamental otro requisito que implica disminución o atenuación de la pena. • Delito especial cualificado Se forma autónomamente, añadiendo al tipo fundamentarlo básico otra exigencia, que implica aumento o agravación de la pena, como el homicidio en razón de parentesco.",,
abierta,Explique cómo se dividen los delitos y en qué consiste cada uno de ellos de acuerdoal daño que causan:,Derecho,,,,,,,,"• De daño o lesión Infaliblemente se afecta el objeto jurídico. (robo, homicidio) • De peligro Cuando no se afecta el bien jurídico tutelado, sino solo se pone en riesgo; la ley castiga la alarma en que se situó el bien jurídicamente tutelado.",,
abierta,Concepto de antijuricidad:,Derecho,,,,,,,,Conducta externa del individuo que es puramente objetiva y que viola el valor o bien protegido por las normas penales (Contrario a derecho).,,
abierta,Diferencia entre la antijuricidad formal y material:,Derecho,,,,,,,,"La formal es aquella que viola lo señalado por la ley y la material existe cuando habiendo trasgredido una norma positiva, lesiona o pone en peligro un bien jurídico que el derecho quería proteger, represente una contradicción a los intereses de la colectividad o signifiquen un daño o perjuicio social por la rebeldía a la norma.",,
abierta,¿En qué casos se da la ausencia de antijuricidad?,Derecho,,,,,,,,Cuando medie alguna causa de justificación.,,
abierta,¿Cuáles son las causas de justificación de la antijuricidad?,Derecho,,,,,,,,• Legítima defensa • Estado de necesidad • Cumplimiento de un deber • Ejercicio de un derecho • Consentimiento del titular del bien jurídico afectado,,
abierta,Concepto de legítima defensa:,Derecho,,,,,,,,"Repulsa de una agresión antijurídica, actual e inminente y sin derecho por el atacado o tercera persona contra el agredir, sin traspasar la necesidad de la defensa dentro de la racional proporcionalidad de los medios.",,
abierta,¿En qué casos se da la ausencia de antijuricidad por el ejercicio de un derecho?,Derecho,,,,,,,,"Cuando obrando legítimamente en ejercicio de un deber o de un derecho que la norma preceptúa, se causa un daño a otro bien jurídico tutelado, siempre que este se realice en provecho de quien lo ejerza y nunca en perjuicio de persona alguna por el abuso de atribuciones.",,
abierta,¿Qué entiendes por estado de necesidad?,Derecho,,,,,,,,"Estado de peligro actual o inmediato para bienes jurídicamente protegidos, que solo puede evitarse mediante la lesión de bienes también jurídicamente tutelados, pertenecientes a otra persona, siempre en razón del interés preponderante.",,
abierta,¿En qué casos el robo está excluido de responsabilidad?,Derecho,,,,,,,,En el caso de robo famélico.,,
abierta,Defina el ejercicio de un derecho según el Código Penal Federal:,Derecho,,,,,,,,Cuando la acción o la omisión se realicen en cumplimiento de un deber jurídico o en ejercicio de un derecho siempre que exista necesidad racional del medio empleado para cumplir el deber o ejercer el derecho y que este último no se realice con el solo propósito de perjudicar a otro. ,,
abierta,¿Qué es la retroactividad de la ley y cuándo se aplica?,Derecho,,,,,,,,"Aplicación de una norma, respecto de un hecho ocurrido antes del surgimiento de ésta; sólo se puede aplicar en beneficio de las personas más nunca en perjuicio de éstas.",,
abierta,¿Cuáles son las ramas de la criminalística?,Derecho,,,,,,,,"Dactiloscopía, grafoscopía, retrato hablado, balística, etc.",,
abierta,¿Cuál es y a qué atiende la clasificación legal de los tipos penales?,Derecho,,,,,,,,"Atiende al bien jurídico tutelado y se clasifica en: • Elementos tipo: objetivos, subjetivos y normativos • Culpabilidad: dolosos y culposos • Materialización: permanentes, instantáneos y continuados • Conducta: acción y omisión • Perseguibilidad: de querella y oficio.",,
abierta,Definición de DERECHO CONSTITUCIONAL,Derecho,,,,,,,,"El derecho constitucional regula la estructura de la administración pública, el funcionamiento de los órganos políticos supremos, define la posición del individuo frente al Estado y señala la forma de gobierno del país. Es decir estudio lo que tenga que ver con la organización del Estado señalándole sus facultades y su relación.",,
abierta,¿ Cuáles son los métodos de interpretación en los que se apoya el Derecho Constitucional y en que consiste?,Derecho,,,,,,,,"▪ El método lógico que sirve para desentrañar el sentido de la norma. ▪ El Método histórico consiste en analizar las distintas constituciones que han existido para señalar sus cambios y evolución. ▪ El Método crítico valorativo en donde se critica los valores que rodearon a cierta constitución, para saber porque se hizo de tal manera un precepto.",,
abierta,¿Cuál es la razón por la que el derecho constitucional adquirió esa denominación?,Derecho,,,,,,,,Hasta el siglo XIX una vez que se estableció la costumbre de reunir las normas jurídicas concernientes a las instituciones políticas en un texto especial de carácter solemne llamado constitución,,
abierta,¿Por qué los juristas de principios del siglo XX destacaban la importancia del Estado de Derecho’,Derecho,,,,,,,,Para mantener a los gobernantes sometidos a las normas jurídicas.,,
abierta,¿Cuáles son los conceptos de Derecho Constitucional según los siguientes autores?,Derecho,,,,,,,,Hasta el siglo XIX una vez que se estableció la costumbre de reunir las normas jurídicas concernientes a las instituciones políticas en un texto especial de carácter solemne llamado constitución,,
abierta,Definición de CONSTITUCION,Derecho,,,,,,,,"El contrato decae por: todas las obligaciones nacidas del contrato desaparecen a consecuencia de la nulidad que afecta al completo contrato, sin importar que sean obligaciones principales u obligaciones accesorias. La nulidad obra retroactivamente: tanto el deudor como acreedor deben restituir la cosa, y todo va obrar como que nunca existió ese contrato, excepto en el caso de los arrendamientos que ya la cosa ha sido ocupada. La retroactividad produce efectos tanto con respeto a las partes contratantes como con respecto a los terceros.",,
abierta,¿Qué documento surgió en Inglaterra a principios del siglo XIII y que es origen de la Constitución y cual es su finalidad.?,Derecho,,,,,,,,"LA CARTA MAGNA y su finalidad fue conseguir que esta sirviera como limitación de poder por parte de los gobernantes. Entre otras cosas exigidas, se pedía el favor de no violentar el derecho; y se formó, en otras palabras, el derecho al debido proceso; también se separó la iglesia del estado.",,
abierta,Explica brevemente cual es el contenido de la Carta Magna de 1215.,Derecho,,,,,,,,"En ella se aseguran las propiedades y derechos feudales frente al poder del rey, se solicita que se establezca un senado, se establece que ninguna persona sea enjuiciada sin proceso por parte del monarca, se amplía la seguridad a campesinos, comerciantes etc.",,
abierta,¿Qué documento surgió en Francia a finales del siglo XVIII y cual es su finalidad?,Derecho,,,,,,,,"La declaración de los derechos del hombre y del ciudadano, en donde se estableció principalmente los derechos fundamentales del hombre o las garantías individuales.",,
abierta,Explica brevemente cual es el contenido de La Declaración de los Derechos del Hombre y del Ciudadano de 1789 en Francia.,Derecho,,,,,,,,"El artículo 2 enumera los derechos naturales e imprescriptibles del hombre, que son anteriores a los poderes establecidos y son considerados como aplicables en cualquier lugar y cualquier época: la libertad la propiedad la seguridad la resistencia a la opresión. Muchos artículos son dedicados a la libertad: Artículo 1: ""Los hombres nacen y permanecen libres e iguales en derechos""; Los artículos 4 y 5 intentan definir y circunscribir la libertad. Es definida como ""lo que no perjudica a nadie"" y sólo la ley le puede poner límites; Los artículos 7, 8 y 9 precisan las características de la libertad individual: presunción de inocencia e irretroactividad de la ley; Los artículos 10 y 11 se refieren a la libertad de opinión, de prensa y de consciencia.",,
abierta,¿En qué partes se divide la Constitución y cuál es el contenido de cada una de ellas?,Derecho,,,,,,,,"▪ PARTE DOGMATICA: Contiene los derechos y libertades fundamentales de los gobernados, es decir Las garantías individuales. ▪ PARTE ORGANICA: Se refiere a la organización, funciones, facultades y relaciones de los órganos del poder público, la integración del territorio nacional, la forma de gobierno, el concepto de soberanía, entre otros.",,
abierta,¿Cuál es el concepto de Constitución desde el punto de vista material y formal?,Derecho,,,,,,,,"Concepto material: Es el conjunto de normas que designan, a los órganos supremos, del Estado, los modos de su creación, sus relaciones mutuas, fijan el circulo de su acción y por ultimo la situación de cada uno de ellos respecto al Poder del Estado. Desde este punto de vista material, Las Constituciones del mundo occidental, han organizado al poder público con la mira de impedir el abuso del mismo, de ahí que se sustenten, en dos principios capitales: 1) Las garantías individuales 2) La separación de poderes.",,
abierta,Cual es el concepto de Constitución según los siguientes autores:,Derecho,,,,,,,,"-Según Karl Smitch Hay que limitar la palabra constitución, a constitución del Estado, es decir la unidad política de un pueblo, entonces significa, la situación total de la unidad y ordenación política. Por otro lado, también puede significar, un sistema cerrado de normas entonces designa igualdad. El concepto de constitución es un todo, porque designa un todo. ▪ Según Fernindam LaSalle La constitución es la ley fundamental, proclamada en el país, en la que se hecha los cimientos, para la organización del derecho publico de ese país. La constitución, puede ser real y efectiva cuando la constitución de un país es la suma de los factores reales del poder. Que rigen en ese país.",,
abierta,Define el principio de SUPREMACIA CONSTITUCIONAL,Derecho,,,,,,,,Consiste en que a partir de la normas constitucionales se derivan todas las demás leyes dentro del Estado. Ninguna ley esta por encima de las normas constitucionales.,,
abierta,,Derecho,,,,,,,,"a) Surge el subprincipio de unidad a través del cual se asegura la compatibilidad vertical y horizontal de las normas dentro del ordenamiento; las normas inferiores deben adecuarse a las superiores y las normas de igual nivel no pueden contradecirse pues la norma superior decide el conflicto. b) Surge el subprincipio de control, de la supremacía constitucional, pues si no se efectiviza el mismo, no existirá relación se supra y subordinación normativa dentro del ordenamiento. La constitución va a controlar todas las leyes. c) Surge el su principio de razonabilidad, según el cual, las leyes deben ser instrumentos o medios adecuados a los fines establecidos por la constitución. Deben estar de acuerdo con la constitución. Ejemplo. La ley federal del trabajo es un instrumento o medio para que se aplique el ART 123 CONST.",,
abierta,Definición del principio de legalidad.,Derecho,,,,,,,,"Consiste en que todos los servidores públicos, solo pueden hacer lo que les esté formal y expresamente permitido.",,
abierta,Explica brevemente en que consiste el principio de inviolabilidad Constitucional según ART,Derecho,,,,,,,,Que la constitución no perderá su fuerza o vigor aun cuando su observancia sea interrumpida por rebelión.,,
abierta,De acuerdo al ART 135 Const. En que consiste el procedimiento para adicionar o reformar la constitución vigente.,Derecho,,,,,,,,"Se requiere que el Congreso de la Unión, por el voto de las dos terceras partes de los individuos presentes, acuerden las reformas o adiciones, y que éstas sean aprobadas por la mayoría de las legislaturas de los Estados.",,
abierta,¿En qué consiste el medio de control de la constitucionalidad a cargo de un órgano politico?,Derecho,,,,,,,,"Control de la constitucionalidad por medio de un organismo político; este sistema, es el confía la función del control de la constitucionalidad a un organismo especial, a un verdadero poder al lado de los poderes clásicos. (ejecutivo, legislative y judicial) El sistema de control constitucional por órgano político generalmente, rebela la existencia de un 4º poder distinto de los otros tres al cual esta encomendada, la protección del orden establecido por la constitución; se caracteriza, en que la petición o solicitud de declaración de inconstitucionalidad de un acto o de una ley la hacen las mismas autoridades, contra aquella responsable de la violación. El procedimiento observado para hacer la declaración mencionada no es contencioso, sino que estriba, en un mero estudio hecho por el poder controlador, acerca de la ley o acto reclamado, con el fin de concluir si son constitucionales o no; la resolución pronunciada no reviste el carácter de una sentencia ya que esta recae únicamente en los procedimientos contenciosos.",,
abierta,¿Cuáles son los inconvenientes de que el control de la constitucionalidad lo ejerza el órgano politico?,Derecho,,,,,,,,"El sistema de control constitucional por órgano político generalmente, rebela la existencia de un 4º poder distinto de los otros tres al cual esta encomendada, la protección del orden establecido por la constitución; se caracteriza, en que la petición o solicitud de declaración de inconstitucionalidad de un acto o de una ley la hacen las mismas autoridades, contra aquella responsable de la violación. El procedimiento observado para hacer la declaración mencionada no es contencioso, sino que estriba, en un mero estudio hecho por el poder controlador, acerca de la ley o acto reclamado, con el fin de concluir si son constitucionales o no; la resolución pronunciada no reviste el carácter de una sentencia ya que esta recae únicamente en los procedimientos contenciosos.",,
abierta,¿ En qué consiste el medio de control de la constitucionalidad ejercido por el órgano jurisdiccional?,Derecho,,,,,,,,Recae en un juez el determinar la constitucionalidad de un acto o una ley.,,
abierta,¿Cuál es la conveniencia de que el control de la constitucionalidad este a cargo del órgano jurisdiccional?,Derecho,,,,,,,,"La controversia judicial que se suscita en el juicio o proceso del procedimiento seguido ante un órgano jurisdiccional de control, tiene como opositores al individuo agraviado y a la autoridad responsable del acto o ley violatoria, teniendo las resoluciones o sentencias solo efectos relativos de cosa juzgada en el sistema que nos ocupa, se elude la peligrosa interpretación o conceptuación absoluta de inconstitucionalidad hecha por un órgano político sustenta la autoridad en el sentido de considerar aquella como un menoscabo a su actividad y reputación; se deduce que nuestro juicio de amparo es evidentemente, un medio de control de constitucionalidad ejercido por un órgano jurisdiccional.",,
abierta,¿De que manera el orden juridico regula la actuacion humana?:,Derecho,,,,,,,,"De manera autoritaria, con un tono absolutamente obligatorio",,
abierta,¿Cuándo el Estado interviene organizando las relaciones del hombre con sus semejantes?,Derecho,,,,,,,,"Interviene organizando las relaciones del hombre con sus semejantes en cuanto esta afectan, la consecución plena del bien común la justicia la seguridad jurídica y la convivencia armónica de los derechos subjetivos",,
abierta,"¿De qué manera el Estado garantiza el bien comun, la justicia, la seguridad juridica y la armonia social?",Derecho,,,,,,,,"Mediante un orden coactivo, aplicado por una institución jurídico política",,
abierta,¿Qué es lo que da lugar a la institucion denominada Estado y a su autoridad?,Derecho,,,,,,,,"La exigencia de la naturaleza libre y social del hombre que requiere de un orden, ha de estar legalmente fundado por una ley y adecuadamente motivado por la realidad por ello que el poder originario que se haya en el pueblo se deriva dando lugar a la institución denominada Estado",,
abierta,Definición de Estado:,Derecho,,,,,,,,Es una población unida orgánicamente bajo una suprema autoridad y agrupada en un determinado territorio.,,
abierta,¿Cuáles son los elemento materiales del Estado y como se define cada uno de ellos?,Derecho,,,,,,,,"▪ La Poblacion : Es un grupo de personas que habita en un determinado territorio en un momento determinado. ▪ Gobierno: Es el grupo de poder o autoridad encargado de proteger a la población y al territorio creando leyes o instrumentos para ello. ▪ El territorio: Es el ámbito geográfico donde se asienta el Estado, es el espacio aéreo terrestre y marítimo donde un Estado ejerce su soberanía.",,
abierta,Concepto de soberanía:,Derecho,,,,,,,,Es la facultad de autodeterminación que es la capacidad de un Estado para autogobernarse de manera política.,,
abierta,Definición de Estado de derecho:,Derecho,,,,,,,,Es aquel que se organiza y funciona de acuerdo con los principios emanados de la constitución.,,
abierta,Concepto de acto jurídico.,Derecho,,,,,,,,"Es la manifestación de la voluntad de una o más partes con la intención de crea, modificar o extinguir un derecho. Se puede desprender: La voluntad debe manifestarse, mientras no lo haga el deseo queda en el fuero interno de la conciencia de la persona y no produce ningún efecto. La persona debe tener intención de producir un efecto jurídico, esto es, crear, modificar o extinguir un derecho. El objetivo de los actos es crear, modificar o extinguir un derecho.",,
abierta,Concepto de convención.,Derecho,,,,,,,,"Acuerdo de voluntades entre dos o más personas, con el objeto de crear obligaciones o modificar o extinguir otras preexistentes.",,
abierta,Concepto de contrato.,Derecho,,,,,,,,"Art. 1101. Es un convenio en cuya virtud, una o varias personas se obligan respecto de una o de varias otras, a dar, hacer, o no hacer alguna cosa. Es un acuerdo de voluntades que crea obligaciones.",,
abierta,¿Cuáles son los elementos y cuál es la función del contrato.,Derecho,,,,,,,,"Elementos personales, elementos reales y elementos formales. Elementos personales: Los sujetos del contrato pueden ser personas físicas o jurídicas con la capacidad jurídica, y de obrar, necesaria para obligarse. Elementos reales. Integran la denominada prestación, o sea, la cosa u objeto del contrato, por un lado, y la contraprestación, por ejemplo, dar suma de dinero, por el otro. Elementos formales: La forma es el conjunto de signos mediante los cuales se manifiesta el consentimiento de las partes en la celebración de un contrato. En algunos contratos es posible que se exija una forma específica de celebración. Por ejemplo, puede ser necesaria la forma escrita, la firma ante notario o ante testigos, etc. La función del contrato es que crea y transmite obligaciones.",,
abierta,Explique el doble efecto del contrato.,Derecho,,,,,,,,"Que genera obligaciones entre las partes. Las partes deben ajustarse a las condiciones estipuladas en el contrato (principio de literalidad). Las condiciones y los efectos del contrato solo tienen efecto entre las partes que aceptaron el contrato, y sus causahabientes (principio de relatividad del contrato). Los pactos contenidos en los contratos deben ejecutarse en los términos que fueron suscritos.",,
abierta,¿Cuáles son las obligaciones nacidas del contrato?,Derecho,,,,,,,,"Obligaciones del comprador: tiene la obligación de de pagar el precio, de pagar el precio de compraventa, de recibir la cosa vendida. Obligaciones del vendedor: tiene la obligación de entregar la cosa en buen estado, es una obligación de dar, está obligado a transferir el derecho de propiedad que tiene sobre esa cosa y al mismo tiempo hacer la entrega de la cosa.",,
abierta,En qué consiste la interpretación de los contratos y a quien corresponde ejercer dicha interpretación.,Derecho,,,,,,,,"Cuando se ofrece una cosa a un público determinado o a todo tipo de público, cuando ese público acepta esa cosa eso genera un contrato entre las partes. La aceptación es cuando la persona expresa su voluntad de aceptar la cosa.",,
abierta,En materia contractual que es la oferta y en qué consiste la aceptación.,Derecho,,,,,,,,"Son los que exigen además del consentimiento, que es un requisito que debe estar presente en todos los contratos una formalidad que sin su cumplimiento el contrato carecería de validez: la forma da el ser a la cosa. La formalidad exigida para su validez consiste no solamente en la intervención de un notario, sino en la redacción de un documento notarial.",,
abierta,¿Qué son contratos solemnes?,Derecho,,,,,,,,"Los contratos consensuales son aquellos que se forman por el solo consentimiento de las partes, se dice que él solo consentimiento obliga. Estos contratos constituyen el principio de nuestro derecho y por lo tanto el derecho común en materia de contrato.",,
abierta,Explique en qué consiste el principio del consensualismo y el efecto relativo del contrato.,Derecho,,,,,,,,"EL contrato aleatorio es un convenio reciproco, cuyos efectos de perdida y beneficios, ya sea por todas las partes o para una o muchas de ellas, depende de un suceso incierto. Ej. Tales son el contrato de seguro, el préstamo a la gruesa, el juego y apuesta.",,
abierta,¿Qué son contratos aleatorios?,Derecho,,,,,,,,"Inexistencia de voluntad, si le consentimiento pretendido carece de los requisitos jurídicos que integra una manifestación de voluntad: Un no consentimiento. Oferta y aceptación no coinciden o concurren sobre objeto distinto o aparentan concurrir y no lo hacen. Se finge una pluralidad de voluntades que en realidad no existen. La capacidad de los contratantes deben ser mayores de edad y estar en pleno uso de sus facultades mentales.",,
abierta,Explique en cuales casos se puede dar la inexistencia del contrato.,Derecho,,,,,,,,"Causa ilícita en el objeto motivo provoca la inexistencia del contrato. Inexistencia por ausencia de objeto: si falta el bien concreto o la utilidad que envuelve la prestación el contrato se considera inexistente: la imposibilidad metafísica, la indeterminación de la especie y la indeterminación de la cantidad dentro del mismo convenio. Inexistencia por ausencia de solemnidad: defecto de forma que están establecida por las leyes.",,
abierta,Inexistencia por ausencia de causa:,Derecho,,,,,,,,Cuando no cumple con los requisitos de fondo o de forma requeridos para la validez del contrato establecido por la ley.,,
abierta,En cuales casos se da la nulidad de pleno derecho en los contratos.,Derecho,,,,,,,,"Los contratos que están afectados de error, de violencia o de dolo. Los contratos formalizados por un incapaz para contratar. Los contratos nulos por vicio de forma.",,
abierta,En cuales contratos se puede producir la anulabilidad de los mismos.,Derecho,,,,,,,,La anulabilidad: es la nulidad relativa de los contratos.,,
abierta,"¿ Cuáles son los efectos de la inexistencia, nulidad y anulabilidad de los contratos?",Derecho,,,,,,,,"El contrato de cae por completo: todas las obligaciones nacidas del contrato desaparecen a consecuencia de la nulidad que afecta al contrato, sin importar que sean obligaciones principales u obligaciones accesorias. La nulidad obra retroactivamente: tanto el deudor como acreedor deben restituir la cosa, y todo va obrar como que nunca existió ese contrato, excepto en el caso de los arrendamientos que ya la cosa ha sido ocupada. La retroactividad produce efectos tanto con respeto a las partes contratantes como con respecto a los terceros.",,
abierta,Como se produce la confirmación de los contratos.,Derecho,,,,,,,,"Se produce cuando una persona hace que desaparezca los vicios del contrato, cuya nulidad había podido invocar, es una renuncia a la acción de nulidad relativa, constituye un acto jurídico unilateral. La confirmación debe emanar de la persona que pudiera prevalerse de la nulidad. Es aplicable solo a la nulidad relativa. Es necesario que la confirmación se lleve a cabo con conocimiento de causa, es decir cuando la parte que confirma conoce le vicio y tiene el propósito de repararlo. Es preciso que la confirmación este exenta del vicio que podría hacer anulable el contrato confirmado.",,
abierta,Explique el principio de la autonomía de la voluntad de las partes el momento de contratar.,Derecho,,,,,,,,Este principio es de derecho privado en virtud del cual el autor o los autores de un acto jurídico tienen la facultad de celebrarlo libremente y determinar a su voluntad su contenido y efectos.,,
abierta,¿ Cuáles son los vicios del consentimiento en los contratos?,Derecho,,,,,,,,"Los vicios son anormalidades del consentimiento que ocasiona la anulación del acto jurídico a favor de la parte que ha sido víctima de ella. Los vicios son: error, la violencia, el dolo, lesión.",,
abierta,"En qué consiste el dolo, el error y la violencia a la hora de contratar.",Derecho,,,,,,,,"El error: es aquel obstáculo que impide la formación misma del contrato. Existen tres tipos de error: -El error in negocio: el que recae sobre la naturaleza misma del contrato, cuando las partes no se han puesto de acuerdo. -El error in corpore: cuando las partes se han equivocado sobre la identidad del objeto de la obligación. Ej. Cuando una persona cree que ha comprado una cosa y el vendedor cree que está vendiendo una cosa diferente. -El error sobre la causa de la obligación: la causa de obligación son los motivos que han llevado a las partes a asumir la obligación, ósea la contraposición. El Dolo: el art. 1116 del Código Civil, dice el dolo es causa de nulidad, cuando los medios puestos en práctica por unos e los contratantes son tales, que quede evidenciado que sin ello no hubiese contratado la otra parte. El dolo es un error provocado, un error inducido. El dolo no se presume debe probarse. La violencia: el art.1111del C.C., dice, la violencia ejercida con el que ha contraído una obligación, causa de nulidad, aunque haya sido ejecutada por un tercero distinto de aquel en beneficio de quien se hizo el pacto.",,
abierta,¿Qué es la lesión en los contratos?,Derecho,,,,,,,,"Es el perjuicio económico que sufre una de las partes contratantes. Es un vicio excepcional del consentimiento, que solo tiene aplicación en determinados contratos y en cuanto determinados personas.",,
abierta,En qué consiste la rescisión por lesión en los contratos.,Derecho,,,,,,,,"Si el vendedor ha sido lesionado en más de las 7/12 partes en el precio de un inmueble, tiene derecho a pedir la recisión de la venta, aunque haya renunciado expresamente a esa facultad en el contrato, o declarado que hacia donación de la diferencia de precio.",,
abierta,Concepto de acto jurídico.,Derecho,,,,,,,,"Es la manifestación de la voluntad de una o más partes con la intención de crea, modificar o extinguir un derecho. Se puede desprender: La voluntad debe manifestarse, mientras no lo haga el deseo queda en el fuero interno de la conciencia de la persona y no produce ningún efecto. La persona debe tener intención de producir un efecto jurídico, esto es, crear, modificar o extinguir un derecho. El objetivo de los actos es crear, modificar o extinguir un derecho. Es unilateral.",,
abierta,Concepto de convención.,Derecho,,,,,,,,"Acuerdo de voluntades entre dos o más personas, con el objeto de crear obligaciones o modificar o extinguir otras preexistentes. Por tanto todas las convenciones son actos jurídicos, pero no todos los actos jurídicos son una convención.",,
abierta,Concepto de contrato.,Derecho,,,,,,,,"Art. 1101. Es un convenio en cuya virtud, una o varias personas se obligan respecto de una o de varias otras, a dar, hacer, o no hacer alguna cosa. Es un acuerdo de voluntades que crea obligaciones.",,
abierta,¿Cuáles son los elementos y cuál es la función del contrato?,Derecho,,,,,,,,"Elementos personales, elementos reales y elementos formales. -Elementos personales: Los sujetos del contrato pueden ser personas físicas o jurídicas con la capacidad jurídica, y de obrar, necesaria para obligarse. Elementos reales: Integran la denominada prestación, o sea, la cosa u objeto del contrato, por un lado, y la contraprestación, por ejemplo, dar suma de dinero, por el otro. Elementos formales: La forma es el conjunto de signos mediante los cuales se manifiesta el consentimiento de las partes en la celebración de un contrato. En algunos contratos es posible que se exija una forma específica de celebración. Por ejemplo, puede ser necesaria la forma escrita, la firma ante notario o ante testigos, etc. La función del contrato es que crea y transmite obligaciones.",,
abierta,Explique el doble efecto del contrato.,Derecho,,,,,,,,"Que genera obligaciones entre las partes. Las partes deben ajustarse a las condiciones estipuladas en el contrato (principio de literalidad). Las condiciones y los efectos del contrato solo tienen efecto entre las partes que aceptaron el contrato, y sus causahabientes (principio de relatividad del contrato). Los pactos contenidos en los contratos deben ejecutarse en los términos que fueron suscritos.",,
abierta,Cuáles son las obligaciones nacidas del contrato.,Derecho,,,,,,,,"Estas son las obligaciones jurídicas sancionadas por el derecho. Ejemplo: contrato de compra-venta: Obligaciones del comprador: tiene la obligación de de pagar el precio, de pagar el precio de compraventa, de recibir la cosa vendida. Obligaciones del vendedor: tiene la obligación de entregar la cosa en buen estado, es una obligación de dar, está obligado a transferir el derecho de propiedad que tiene sobre esa cosa y al mismo tiempo hacer la entrega de la cosa.",,
abierta,En qué consiste la interpretación de los contratos y a quien corresponde ejercer dicha interpretación.,Derecho,,,,,,,,#¿NOMBRE?,,
abierta,En materia contractual que es la oferta y en qué consiste la aceptación.,Derecho,,,,,,,,"Cuando se ofrece una cosa a un público determinado o a todo tipo de público, cuando ese público acepta esa cosa eso genera un contrato entre las partes. La aceptación es cuando la persona expresa su voluntad de aceptar la cosa.",,
abierta,¿Qué son contratos solemnes?,Derecho,,,,,,,,"Son los que exigen además del consentimiento, que es un requisito que debe estar presente en todos los contratos una formalidad que sin su cumplimiento el contrato carecería de validez: la forma da el ser a la cosa. La formalidad exigida para su validez consiste no solamente en la intervención de un notario, sino en la redacción de un documento notarial.",,
abierta,Explique en qué consiste el principio del consensualismo y el efecto relativo del contrato.,Derecho,,,,,,,,"Cuando el acuerdo de voluntades puede ser violado por cualquiera de las partes. Los contratos consensuales son aquellos que se forman por el solo consentimiento de las partes, se dice que él solo consentimiento obliga. Estos contratos constituyen el principio de nuestro derecho y por lo tanto el derecho común en materia de contrato.",,
abierta,¿Qué son contratos aleatorios?,Derecho,,,,,,,,"EL contrato aleatorio es un convenio reciproco, cuyos efectos de perdida y beneficios, ya sea por todas las partes o para una o muchas de ellas, depende de un suceso incierto. Ej. Tales son el contrato de seguro, el préstamo a la gruesa, el juego y apuesta.",,
abierta,Explique en cuales casos se puede dar la inexistencia del contrato.,Derecho,,,,,,,,"Cuando carece de requisitos jurídicos, es decir, cuando en ello falta uno de los requisitos de validez. -Inexistencia de voluntad, si le consentimiento pretendido carece de los requisitos jurídicos que integra una manifestación de voluntad: un no consentimiento. Oferta y aceptación no coinciden o concurren sobre objeto distinto o aparentan concurrir y no lo hacen. Se finge una pluralidad de voluntades que en realidad no existen. La capacidad de los contratantes deben ser mayores de edad y estar en pleno uso de sus facultades mentales. Inexistencia por ausencia de causa: Causa ilícita en el objeto motivo provoca la inexistencia del contrato. -Inexistencia por ausencia de objeto: si falta el bien concreto o la utilidad que envuelve la prestación el contrato se considera inexistente: la imposibilidad metafísica, la indeterminación de la especie y la indeterminación de la cantidad dentro del mismo convenio. -Inexistencia por ausencia de solemnidad: defecto de forma que están establecida por las leyes.",,
abierta,En cuales casos se da la nulidad de pleno derecho en los contratos.,Derecho,,,,,,,,Cuando no cumple con los requisitos de fondo o de forma requeridos para la validez del contrato establecido por la ley.,,
abierta,En cuales contratos se puede producir la nulabilidad de los mismos.,Derecho,,,,,,,,"Los contratos que están afectados de error, de violencia o de dolo. Los contratos formalizados por incapaz para contratar. Los contratos nulos por vicio de forma. La anulabilidad: es la nulidad relativa de los contratos.",,
abierta,"¿Cuáles son los efectos de la inexistencia, nulidad (De forma Absoluta) y anulabilidad (De forma Relativa) de los contratos.?",Derecho,,,,,,,,"El contrato de cae por completo: todas las obligaciones nacidas del contrato desaparecen a consecuencia de la nulidad que afecta al contrato, sin importar que sean obligaciones principales u obligaciones accesorias. La nulidad obra retroactivamente: tanto el deudor como acreedor deben restituir la cosa, y todo va obrar como que nunca existió ese contrato, excepto en el caso de los arrendamientos que ya la cosa ha sido ocupada. La retroactividad produce efectos tanto con respeto a las partes contratantes como con respecto a los terceros.",,
abierta,Como se produce la confirmación de los contratos.,Derecho,,,,,,,,"Se produce cuando una persona hace que desaparezca los vicios del contrato, cuya nulidad había podido invocar, es una renuncia a la acción de nulidad relativa, constituye un acto jurídico unilateral. La confirmación debe emanar de la persona que pudiera prevalerse de la nulidad. Es aplicable solo a la nulidad relativa. Es necesario que la confirmación se lleve a cabo con conocimiento de causa, es decir cuando la parte que confirma conoce le vicio y tiene el propósito de repararlo. Es preciso que la confirmación este exenta del vicio que podría hacer anulable el contrato confirmado.",,
abierta,Explique el principio de la autonomía de la voluntad de las partes el momento de contratar.,Derecho,,,,,,,,Este principio es de derecho privado en virtud del cual el autor o los autores de un acto jurídico tienen la facultad de celebrarlo libremente y determinar a su voluntad su contenido y efectos.,,
abierta,¿Cuáles son los vicios del consentimiento en los contratos?,Derecho,,,,,,,,"Los vicios son anormalidades del consentimiento que ocasiona la anulación del acto jurídico a favor de la parte que ha sido víctima de ella. Los vicios son: error, la violencia, el dolo, lesión.",,
abierta,"En qué consiste el dolo, el error y la violencia a la hora de contratar.",Derecho,,,,,,,,"El error: es aquel obstáculo que impide la formación misma del contrato. Existen tres tipos de error: -El error in negocio: el que recae sobre la naturaleza misma del contrato, cuando las partes no se han puesto de acuerdo. -El error in corpore: cuando las partes se han equivocado sobre la identidad del objeto de la obligación. Ej. Cuando una persona cree que ha comprado una cosa y el vendedor cree que está vendiendo una cosa diferente. -El error sobre la causa de la obligación: la causa de obligación son los motivos que han llevado a las partes a asumir la obligación, ósea la contraposición. El Dolo: el art. 1116 del Código Civil, dice el dolo es causa de nulidad, cuando los medios puestos en práctica por unos e los contratantes son tales, que quede evidenciado que sin ello no hubiese contratado la otra parte. El dolo es un error provocado, un error inducido. El dolo no se presume debe probarse. La violencia: el art.1111del C.C., dice, la violencia ejercida con el que ha contraído una obligación, causa de nulidad, aunque haya sido ejecutada por un tercero distinto de aquel en beneficio de quien se hizo el pacto.",,
abierta,¿Qué es la lesión en los contratos?,Derecho,,,,,,,,"Es el perjuicio económico que sufre una de las partes contratantes. Es un vicio excepcional del consentimiento, que solo tiene aplicación en determinados contratos y en cuanto determinados personas.",,
abierta,¿ En qué consiste la rescisión por lesión en los contratos?.,Derecho,,,,,,,,"Es el termino anticipado del contrato cuando se ha lesionado una de la partes. Si el vendedor ha sido lesionado en más de las 7/12 partes en el precio de un inmueble, tiene derecho a pedir la recisión de la venta, aunque haya renunciado expresamente a esa facultad en el contrato, o declarado que hacia donación de la diferencia de precio.",,
abierta,Explique cuáles son los atentados contra la libertad de no contratar.,Derecho,,,,,,,,#¿NOMBRE?,,
abierta,Explique cuáles son los atentados contra la libertad de fijar y modificar las condiciones del contrato.,Derecho,,,,,,,,"Esto consiste en que la lesión el perjuicio siempre es económico, mientras que en el dolo puede ser económico ó no. Según el Art. 1110.- El error no es causa de nulidad de la convención, sino cuando recae sobre la sustancia misma de la cosa que es su objeto. No es causa de nulidad, cuando únicamente recae en la persona con la cual hay intención de contratar, a no ser que la consideración de esta persona sea la causa principal de la convención.",,
abierta,Requisitos en la formulación de un contrato.,Derecho,,,,,,,,-El consentimiento de la parte que se obliga; -Su capacidad para contratar; -Un objeto cierto que forme la materia del compromiso; -Una causa lícita en la obligación”.,,
abierta,¿EN QUE CONSISTE EL PRINCIPIO DE LA FUERZA OBLIGATORIA DE LOS CONTRATOS?,Derecho,,,,,,,,"En que los pactos legalmente formados, tienen fuerza de ley para aquellos que lo han celebrado.",,
abierta,¿ EN QUÉ CONSISTE EL PRINCIPIO DE LA RELATIVIDAD DE LOS EFECTOS DE LOS CONTRATOS?,Derecho,,,,,,,,En que sus efectos se limitan a las partes y sus representantes o causahabientes.,,
abierta,¿QUÉ ES EL PRINCIPIO DE LA RELATIVIDAD DE LOS EFECTOS DE LOS CONTRATOS RESPECTO A LOS TERCEROS?,Derecho,,,,,,,,"Esto se refiere a que los contratos obligan no solo a lo que se expresa en ellos, sino también, a las consecuencias que la equidad, el uso o la ley dan a la obligación según su naturaleza.",,
abierta,¿ QUÉ ES LA PROMESA POR TERCERO Y LA CLAUSULA DE PORTE FORT?,Derecho,,,,,,,,"Una persona garantiza por otra cuando promete que la persona de quien habla, consentirá como ella en la convención que celebra. En la práctica, el porte fort se obliga a obtener la firma de un tercero. Es cuando puede obligarse o beneficiarse a otra persona, que no sean las partes contratantes y los causahabientes y representantes de estas. En cuanto a la cláusula de porte fort.; consiste o se refiere a la obligación que contrae una persona, de obtener la adhesión de otra.",,
abierta,¿ QUÉ ES LA ESTIPULACION POR TERCEROS?:,Derecho,,,,,,,,"No es más que cuando el que ha celebrado este convenio, no puede revocarlo, si el tercero manifestó su voluntad de aprovecharse de él. Es también la promesa que una parte contratante hace a la otra de una prestación en provecho de una persona extraña al contrato.",,
abierta,"¿CUÉL ES EL ALCANCE DE LA ESTIPULACION POR TERCERO, SEGÚN LA JURISPRUDENCIA?",Derecho,,,,,,,,"Su validez es tan solo por la existencia de una cláusula penal; esto quiere decir, que de acuerdo a la Jurisprudencia, se ha llegado a admitir la validez de la estipulación por tercero, cuando el estipulante exigirá el cumplimiento de una prestación a favor de un tercero.",,
abierta,"DENTRO DE LA ESTIPULACIÓN POR TERCEROS, ESTABLEZCA QUE SIGNIFICA:",Derecho,,,,,,,,"-La Teoría de la Oferta: Es cuando el estipulante ofrece al tercero la estipulación pactada en su favor; estando el promitente obligado, solamente cuando haya sido aceptada la oferta. -La Teoría de la Gestión de Negocios: Es cuando se considera el estipulante como un gestor de negocios y que realiza operaciones que no se le han encomendado. Esto lo que quiere decir es, que quien estipula a favor de tercero sin haber recibido mandato de él, es un gestor de negocios, ya que celebra por cuenta del tercero una operación que hubiera podido realizar como mandatario si hubiera recibido previamente el poder necesario. -La Teoría del Derecho Directo del Beneficiario: De acuerdo a ella (esta teoría), la estipulación por tercero es una institución original; realmente no hay ninguna explicación y la jurisprudencia la admite como tal y solo se comprueba su mecanismo. -Es preciso que el tercero esté en posibilidad de recibir los beneficios de la estipulación. -Es necesario que la estipulación por tercero no haya sido revocada por el estipulante. Esta (estipulación por terceros), debe ser ratificada por éste.",,
abierta,¿CUÁLES SON LAS CONDICIONES DE EFICACIA DE LA ESTIPULACION POR TERCEROS’,Derecho,,,,,,,,"Entre el promitente y el tercero. -Entre los terceros y el estipulante. Aquí, en este caso, no se produce ningún tipo de obligación; aunque sí algunos efectos. Entre el Estipulante y el Promitente.",,
abierta,¿CUÁLES SON LAS RELACIONES JURIDICAS DERIVADAS DE LA ESTIPULACION POR TERCEROS? DEFINA:,Derecho,,,,,,,,"Es una disconformidad consciente entre la voluntad y su declaración, convenida entre las partes, con el fin de engañar a terceros. Es también la declaración de voluntad no real, de celebrar un acto jurídico. Esta puede ser: Absoluta: que es cuando el acto no existe. Aquí la carencia total de voluntad convierte al acto en nulo. Es relativa: porque la intención real es celebrar un acto distinto. El contrato oculto o secreto tiene valor entre las partes, pero frente a terceros de buena fe este será inoponible, siendo válido el simulado.",,
abierta,-SIMULACION:,Derecho,,,,,,,,"Acto firmado por alguna de las partes, para dejar sin efecto el acto simulado. También es el acto destinado a quedar secreto, que modifica las disposiciones de un acto ostensible (que puede manifestarse o mostrarse; claro, patente) que lo explica o restringe.",,
abierta,-CONTRADOCUMENTOS:,Derecho,,,,,,,,"-El acto secreto puede destruir totalmente el acto aparente, en forma tal que este último sea meramente ficticio. -El acto secreto puede modificar la naturaleza del acto aparente; por ejemplo, en el caso de una Donación disimulada en una venta. -En lugar de esconder la naturaleza misma de su operación, las partes pueden ocultar solamente algunas condiciones del acto; siendo la simulación, en este caso considerada parcial. -En algunas ocasiones, el beneficiario del acto, es una persona distinta a la que indica el acto aparente.",,
abierta,EXPLIQUE EN QUE CONSISTE LA EXTENSION VARIABLE DE LA SIMULACION:,Derecho,,,,,,,,Los contra documentos solo producen efectos entre las partes contratantes y no contra terceros.,,
abierta,. DIGA CUALES SON LOS EFECTOS DE LA SIMULACION DE LOS CONTRADOCUMENTOS:,Derecho,,,,,,,,"Solamente se puede probar por escrito, cuando el interés del negocio sea superior a los 500 francos, el acto secreto, del cual resulta la simulación.",,
abierta,CÓMO SE PRUEBA LA SIMULACION:,Derecho,,,,,,,,"Las causas retroactivas; estas a su vez pueden ser: La Anulación, que existe en virtud de la ley, y La Resolución, la cual se opera por medio de la voluntad de las partes, cuando solamente han consentido en el contrato de una manera condicional. Las que ponen fin al contrato sin retroactividad; estas son también dos, a saber: La Revocación, y La Resiliación; que solo se aplican a algunos contratos particulares.",,
abierta,DIGA CUALES SON LAS CAUSAS DE DISOLUCION DE LOS CONTRATOS:,Derecho,,,,,,,,"Consiste, en una sanción genérica de ineficacia o falta de valor legal, para los actos jurídicos celebrados con violación o defecto de las formas y solemnidades establecidas por la ley, o con la finalidad reprobada, o con causa ilícita.",,
abierta,LA NULIDAD:,Derecho,,,,,,,,"Consiste en la conducción a la extinción retroactiva del contrato; al igual, en este caso que la nulidad. Existe la presunción de que en el momento de su formación, era válido.",,
abierta,RESCISION:,Derecho,,,,,,,,"Consiste en designar los casos en que una persona es privada de una ventaja gratuita que recibe del contrato. El Código Civil en su Art. 1121, admite implícitamente que las partes pueden revocar el derecho conferido por ellas al tercero; siempre y cuando, éste no haya declarado su voluntad de aprovecharse de él. Esta equivale a una especie de penalidad civil aplicada a una de las partes contratantes; como consecuencia de una culpa cometida por ella y únicamente produce efectos para el porvenir.",,
abierta,REVOCACION:,Derecho,,,,,,,,"Esta designa todo acto por el cual las partes deshacen ellas mismas el contrato que habían celebrado. Por Ejemplo podemos citar, la resiliación del arrendamiento; aquí el contrato desaparece como causa productora de obligaciones antes de haber transcurrido su término normal.",,
abierta,RESILIACION DE LOS CONTRATOS:,Derecho,,,,,,,,"Es un acontecimiento futuro o plazo que es cierto, en el sentido de que su realización es inevitable.",,
abierta,QUE ES EL TÉRMINO:,Derecho,,,,,,,,Este puede ser: Suspensivo. Que es el plazo concedido a un deudor para pagar su deuda. Extintivo. Este pone fin a la obligación de prestaciones continuas.,,
abierta,¿CÓMO PUEDE SER EL TÉRMINO?,Derecho,,,,,,,,"No es más que el período fijado para terminar en designado año, mes o día, o comenzado desde la fecha de la obligación o de otra fecha cierta.",,
abierta,¿QUE ES EL TÉRMINO CIERTO?,Derecho,,,,,,,,Es aquel plazo que está esencialmente constituido por un elemento que debe acontecer; es decir que su fecha no puede conocerse con anterioridad.,,
abierta,¿QUÉ ES EL TÉRMINO INCIERTO?,Derecho,,,,,,,,"Es el que se establece con la obligación; y que el deudor puede oponer al acreedor, por el hecho mismo de la existencia de la obligación.",,
abierta,¿QUÉ ES EL PLAZO DE DERECHO?,Derecho,,,,,,,,Es aquel que se opone al plazo de derecho; el cual representa un favor individual concedido al deudor por los tribunales. Este no produce todos los efectos que el de derecho.,,
abierta,¿ QUÉ ES EL PLAZO DE GRACIA?,Derecho,,,,,,,,Es aquel que he concedido por la ley al deudor.,,
abierta,¿QUÉ ES EL PLAZO LEGAL?,Derecho,,,,,,,,Es el que se ha pactado en el convenio; ya sea de manera expresa o tácitamente.,,
abierta,¿QUÉ ES EL PLAZO CONVENCIONAL?,Derecho,,,,,,,,Se presume que el plazo es estipulado a favor del acreedor; siempre y cuando no se convenga que en la misma estipulación o en sus circunstancias se conviniera a favor del acreedor.,,
abierta,A FAVOR DE QUIEN SE ESTABLECE EL PLAZO:,Derecho,,,,,,,,"Es cuando el deudor haya disminuido, por hechos propios las garantías pactadas en el contrato, a favor de su acreedor.",,
abierta,EXPLIQUE QUE SIGNIFICA VENCIMIENTO ANTICIPADO DEL PLAZO:,Derecho,,,,,,,,"Nace el derecho No se puede demandar su cumplimiento No opera la prescripción Se pueden impetrar medidas conservativas Se puede novar(sustituir con una obligación, otra otorgada anteriormente, la cual queda anulada). Se puede renunciar por quien lo tiene en su beneficio.",,
abierta,¿CUÁLES SON LOS EFECTOS DEL PLAZO?,Derecho,,,,,,,,"Es un acontecimiento futuro e incierto, del cual depende la formulación del contrato. Mientras esta esté pendiente del contrato no existe todavía; al realizarse la condición, las obligaciones nacen con efecto retroactivo.",,
abierta,DEFINA QUE ES LA CONDICION:,Derecho,,,,,,,,"Condición Suspensiva y Resolutoria. Es suspensiva, cuando afecta la existencia de la obligación o del contrato. Y resolutoria cuando se refiere a la extinción retroactiva de un derecho.",,
abierta,ENUMERE Y DEFINA LAS PRINCIPALES VARIEDADES DE LA CONDICION:,Derecho,,,,,,,,"Condiciones Causales, Potestativas o Mixta. Las causales se identifican con un acontecimiento que en su esencia depende del azar. La potestativa, hace depender la obligación de un acontecimiento que una de las partes puede impedir. En cuanto a la mixta, depende de la voluntad de una de las partes y de un tercero. Condiciones Posibles o Imposibles, Lícitas e Ilícitas, Positivas y Negativas. Las imposibles, son las constituidas por un acontecimiento que no puede realizarse. La ilícita, es la contraria a la ley. La positiva, se refiere a un acontecimiento que debe realizarse. Y es negativa, cuando se trata de un acontecimiento que no debe realizarse.",,
abierta,EXPLIQUE EN QUE CONSISTE LA REALIZACION DE LA CONDICION:,Derecho,,,,,,,,"Esta consiste en que la misma se ha realizado acorde a como las partes la hayan pactado verdaderamente. No debe existir fraude; y se reputará realizada la condición, siempre que el deudor haya impedido su cumplimiento.",,
abierta,¿CUÁLES SON LOS EFECTOS DE LA CONDICION SUSPENSIVA?,Derecho,,,,,,,,"Antes del cumplimiento: Su efecto suspensivo es mucho más firme que el del plazo. El derecho sujeto a una condición suspensiva, no existe; la condición impide su nacimiento mismo y por otro lado se ignora si ese derecho nacerá algún día. Después de su cumplimiento: El derecho o la obligación suspendida por ella, nace, produciendo efectos retroactivos. Cuando la condición se realiza, el acto condicional se considera como si siempre hubiera sido puro y simple. En caso de que no se realice la condición, el acto se considera como si nunca hubiere existido; es un acto inútil.",,
abierta,¿ CUÁLES SON LOS EFECTOS DE LA CONDICION RESOLUTORIA EXPRESA?,Derecho,,,,,,,,"Mientras esta condición no es realizada, se considera el contrato como puro y simple. Si de manera definitiva no se realiza la condición resolutoria expresa, el contrato se convierte en definitivo. Si se realiza esta condición, el vendedor vuelve a ser propietario de pleno derecho y los tribunales no pueden conceder un plazo. Si las partes declararon en un contrato sinalagmático, que se verificaría su resolución de pleno derecho, si no se cumplen estos términos, entonces el juez intervendrá únicamente para la interpretación del contrato.",,
abierta,¿CUÁLES SON LOS EFECTOS DE LA CONDICION RESOLUTORIA TACITA?,Derecho,,,,,,,,"Esta condición se sobreentiende siempre en los contratos sinalagmáticos(contrato bilateral); para cuando una de las partes no cumpla con su obligación. La parte afectada(a la que no se le cumplió lo pactado), puede exigirle a la otra el cumplimiento del contrato, en caso de que sea posible, o pedir la rescisión del mismo y el pago por daños y perjuicios. La rescisión debe pedirse judicialmente y el juez puede conceder al demandado un término proporcionado a las circunstancias.",,
abierta,EXPLIQUE EN QUE CONSISTE LA TEORIA DE LOS RIESGOS:,Derecho,,,,,,,,#¿NOMBRE?,,
abierta,¿QUÉ ES LA PRUEBA?,Derecho,,,,,,,,Es la acción y efecto de probar; y probar es demostrar de algún modo la certeza de un hecho o la verdad de una afirmación.,,
abierta,¿QUÉ SE ENTIENDE POR CARGA DE LA PRUEBA Y A CARGO DE QUIEN SE ESTABLECE ESTA?:,Derecho,,,,,,,,"La carga de la prueba, no es más que la obligación de las partes intervinientes en un proceso civil de probar los hechos fundamentadores de la norma que le es favorable si se pretende probarlos. Esta se establece a cargo de quien invoca en su favor una relación de derecho o una situación jurídica.",,
abierta,¿EN QUÉ CONSISTE LA PRUEBA DOCUMENTAL?,Derecho,,,,,,,,"Es el medio de prueba por excelencia, aplicable a los actos jurídicos(acto voluntario lícito, tienen por finalidad establecer entre personas relaciones jurídicas, crear, modificar, transferir, conservar o aniquilar derechos), en oposición a los hechos jurídicos(acontecimiento susceptible de producir alguna adquisición, modificación, transferencia o extinción de las obligaciones) propiamente dichos.",,
abierta,¿QUÉ ES UN DOCUMENTO AUTENTICO?,Derecho,,,,,,,,"Es aquel documento que es autorizado por un oficial público competente, en relación a la naturaleza de los hechos que constan en él; y al lugar donde se ha redactado.",,
abierta,¿QUÉ ES UN DOCUMENTO PRIVADO’,Derecho,,,,,,,,"Es el redactado con intención de comprobar un acto jurídico; pero sin que intervenga un oficial público. Este se opone al documento auténtico; ya que es redactado por personas privadas, y firmado sin estar sujetos a ninguna condición de forma.",,
abierta,¿CUÁL ES LA FUERZA PROBATORIA DE LOS DOCUMENTOS PRIVADOS’:,Derecho,,,,,,,,"Esta está reconocida en el código civil Dominicano; principalmente en sus articulados del 1322 al 1326; los cuales entre otras cosas establecen claramente que “ el acta o documento privado reconocido por aquel a quien se opone, o reconocido legalmente, produce entre sus autores herederos o causahabientes la misma fe que los documentos públicos”",,
abierta,¿ CUÁLES SON LOS DOCUMENTOS PRIVADOS QUE NO REVISTEN EL CARÁCTER DE DOCUMENTOS INSTRUMENTALES?,Derecho,,,,,,,,"Los Libros de Comercio. Los Registros y Papeles Domésticos. Los Recibos puestos a continuación, al margen y al dorso de un documento. Copia de Títulos. Documentos Recognocitivos y Confirmatorios.",,
abierta,¿QUÉ ES LA PRUEBA POR JURAMENTO?,Derecho,,,,,,,,"Es invocar como testigo a la Divinidad, sobre la verdad de un hecho que se afirma; o como la afirmación solemne de un hecho. Este solo prueba a favor del que lo ha deferido o contra él; y de sus herederos y causahabientes, o contra ellos.",,
abierta,DEFINA QUE ES LA SOCIEDAD O EL CONTRATO DE SOCIEDAD:,Derecho,,,,,,,,"Es un contrato por medio del cual dos o más personas convienen poner cualquier cosa en común, con objeto de dividirse el beneficio que pueda resultar de ello.",,
abierta,¿CUALES SON LOS ELEMENTOS CONSTITUTIVOS DEL CONTRATO DE SOCIEDAD?,Derecho,,,,,,,,"Una cosa puesta en común; es decir, una aportación social efectuada por cada uno de los socios. Los Beneficios por realizar, de orden económico, lo que distingue la sociedad de la asociación. La división entre ellos (socios) de los beneficios y pérdidas; demostrando con ello, una voluntad particular.",,
abierta,¿CUÁLES SON LAS DIVERSAS CATEGORIAS DE SOCIEDADES CIVILES?,Derecho,,,,,,,,Universales Particulares.,,
abierta,EXPLIQUE EL FUNCIONAMIENTO DE LA SOCIEDAD CIVIL:,Derecho,,,,,,,,"Esta funciona de manera tal, que los socios son deudores para con la sociedad; esta es administrada por un gerente designado o gerentes designados, en el acta constitutiva o en una posterior; o por todos los socios. Las facultades del gerente se las da el acta constitutiva o en su defecto se regirá por la noción de acto de administración. Las obligaciones contraídas por el o los gerentes con terceras personas, serán a cargo de la sociedad; y si son todos (los socios) gerentes, uno de ellos no obliga a los demás.",,
abierta,DIGA COMO SE DISUELVE LA SOCIEDAD:,Derecho,,,,,,,,"Por el vencimiento del plazo pactado. Por la extinción de la cosa o la realización de su objeto. Por la muerte natural de cualquiera de los asociados. Por la muerte civil, la Interdicción o bancarrota de uno de ellos. Por la voluntad de uno solo o de varios de ellos de no continuar en sociedad.",,
abierta,EXPLIQUE COMO SE PRUEBA EL CONTRATO DE SOCIEDAD:,Derecho,,,,,,,,"Como no está sometido a regla particular, solamente exige que se haga constar por escrito, cuando su valor excede los quinientos francos. Como el contrato de sociedad es sinalagmático, su documento hecho debe levantarse en duplicado, triplicado y otros.",,
abierta,DIGA EL CONCEPTO DE CONTRATO DE MANDATO:,Derecho,,,,,,,,"Es un contrato en virtud del cual una persona llamada mandante, encarga a otra, a quien se denomina mandatario, la realización por cuenta de aquella, de actos jurídicos.",,
abierta,¿ CÓMO PUEDE SER EL CONTRATO DE MANDATO?,Derecho,,,,,,,,A título Gratuito Oneroso,,
abierta,¿ CÓMO SE PRUEBA EL MANDATO?,Derecho,,,,,,,,"Aplicándole las reglas del derecho común; si el objeto es superior a quinientos francos, se requiere de un documento autentico o privado.",,
abierta,¿CUÁLES SON LAS CONDICIONES DE FORMA DEL MANDATO?,Derecho,,,,,,,,"Este (el mandato), exige una voluntad expresa de parte del mandante; pero es suficiente con la voluntad tácita del mandatario",,
abierta,¿CUÁL ES LA EXTENSION DEL MANDATO?,Derecho,,,,,,,,Puede ser General o Especial y se puede aplicar a todos los negocios del mandante o a algunos de ellos.,,
abierta,¿CUÁLES SON LAS FACULTADES DEL MANDATARIO?,Derecho,,,,,,,,"Estas se limitan a los actos de administración; salvo que en el título del mandato, estas estén indicadas.",,
abierta,¿CUÁLES SON LAS OBLIGACIONES DEL MANDATARIO?,Derecho,,,,,,,,"Tiene la obligación de cumplir exactamente la misión que se le haya encomendado, bajo pena de responder por los daños y perjuicios que se causen. Estas responsabilidades, se aprecian con menos severidad, cuando el mandato es gratuito que cuando es oneroso.",,
abierta,¿CUÁL ES EL CONCEPTO DE CONTRATO DE PRESTAMO GENERAL?,Derecho,,,,,,,,"Es un contrato por el cual una persona, llamada Prestatario, entrega a otra, llamada deudor una cosa individualizada o determinadas de cosas fungibles, con la obligación de restituirla en especie o en su equivalente, al expirar el plazo fijado.",,
abierta,¿CUÁNTAS CLASES DE CONTRATOS DE PRESTAMO HAY Y CUALES SON?,Derecho,,,,,,,,"Hay tres clases de préstamos, a saber: Préstamo de uso o Comodato. Préstamo de consumo o mutuo. Mutuo con Interés.",,
abierta,QUE ES EL CONTRATO DE PRESTAMO DE USO O COMODATO:,Derecho,,,,,,,,"Es un contrato por el cual una de las partes, entrega a otra una cosa para servirse de ella con la obligación de devolverla después de haberla usado. Este es gratuito.",,
abierta,CONCEPTO DE PRESTAMO DE CONSUMO O MUTUO:,Derecho,,,,,,,,"Es un préstamo que recae sobre cosas fungibles, cuya propiedad se transfiere al deudor.",,
abierta,¿QUÉ ES EL CONTRATO DE PRESTAMO MUTUO CON INTERES?,Derecho,,,,,,,,"Es aquel cuando el deudor debe restituir la cantidad igual a la que ha recibido, más el interés legal fijado por las partes.",,
abierta,¿CUÁLES SON LAS CARACTERISTICAS ESPECIFICAS DEL CONTRATO DE PRESTAMO?,Derecho,,,,,,,,Que es un Contrato Real. Que es un contrato Unilateral.,,
abierta,"EN EL CONTRATO DE COMODATO, CUALES SON LAS OBLIGACIONES DEL COMODATARIO Y LAS DEL COMODANTE:",Derecho,,,,,,,,"-Las del Comodatario: Velar por la guarda y conservación de la cosa prestada. No puede hacer de las cosas, más que el uso que determine su naturaleza o el convenio; bajo pena de daños y perjuicios. -Las del Comodante: No puede él, exigir la entrega de la cosa, antes del vencimiento del término convenido.",,
abierta,EN QUÉ CONSISTE LA CONSTITUCION DE RENTA:,Derecho,,,,,,,,"Consiste en el contrato en virtud del cual, una persona llamada Credirrentista, enajena en provecho de otra, llamada Debirrentista, un capital en dinero, pero que dará origen a una renta. Es decir, al pago de una serie de pensiones, en las condiciones fijadas por los interesados.",,
abierta,¿ QUÉ ES EL ANATOCISMO?,Derecho,,,,,,,,"Consiste en capitalizar los intereses de una suma de dinero, haciéndolos, a su vez, productivos de intereses.",,
abierta,¿QUÉ ES EL CONTRATO DE DEPOSITO?,Derecho,,,,,,,,"Es un contrato por el cual se recibe un objeto, con obligación de guardarlo y devolverlo en especie. Es un contrato Real.",,
abierta,OBLIGACIONES DEL DEPOSITANTE Y DEL DEPOSITARIO:,Derecho,,,,,,,,"Del Positante: Reembolsar al depositario, los gastos realizados para la conservación de la cosa. Reparar las pérdidas ocasionadas a dicho depositario. Pagarle una retribución si se ha estipulado. Del Depositario:",,
abierta,¿QUÉ ES EL DEPOSITO NECESARIO?,Derecho,,,,,,,,"Es el depósito efectuado bajo la fuerza de una necesidad absolutamente imperiosa, con objeto de sustraer la cosa depositada a una perdida inminente.",,
abierta,¿QUÉ ES EL DEPOSITO HOTELERO?,Derecho,,,,,,,,No es más que cuando los posaderos son responsables como depositarios de los efectos llevados por los viajeros que alberguen en su casa y es considerado como depósito necesario.,,
abierta,¿ QUÉ ES EL DEPOSITO IRREGULAR’,Derecho,,,,,,,,"Es el contrato por medio del cual el depositario no está obligado a devolver la cosa depositada, sino el equivalente en cosas de la misma especie y calidad.",,
abierta,¿QUÉ ES CONTRATO DE VENTA?,Derecho,,,,,,,,"Es la expresión de la transmisión de la obligación a título particular y oneroso; es decir, que es el contrato por el cual una persona llamada Vendedor, se obliga a transferir a otra (comprador), la propiedad de una cosa, mediante una contraprestación en dinero, llamado precio.",,
abierta,¿CUÁLES SON LOS ELEMENTOS CONSTITUTIVOS DEL CONTRATO DE VENTA?,Derecho,,,,,,,,Es un contrato fundamentado en el con sensualismo. Transmisión de un derecho Real. El pago de una prestación.,,
abierta,¿QUÉ ES LA PROMESA DE VENTA?,Derecho,,,,,,,,No es más que cuando una persona se compromete con otra a celebrar una venta o por el contrario a comprar una cosa.,,
abierta,¿QUÉ ES LA VENTA CON ARRAS?,Derecho,,,,,,,,"Es el equivalente a una suma de dinero entregada por una de las partes a titulo, sea de prueba del contrato, o como medio de liberarse de él.",,
abierta,¿CUÁLES SON LAS MODALIDADES DE CONSENTIMIENTO EN EL CONTRATO DE VENTA?,Derecho,,,,,,,,"Del consentimiento en materia de venta. Promesa de venta y Arras. Venta de cosas que se miden, gustan o prueban (modalidades del consentimiento). De la cosa vendida y del precio. Capacidad en materia de venta.",,
abierta,EXPLIQUE EN QUE CONSISTE LA LESION EN EL CONTRATO DE VENTA:,Derecho,,,,,,,,"Consiste en que si el vendedor ha sido lesionado en más de la siete duodécimas partes del precio de un inmueble, tiene derecho a pedir la rescisión de la venta, aunque haya renunciado expresamente a ella en el contrato, o declarado que donaba el excedente.",,
abierta,¿CUÁLES SON LAS OBLIGACIONES DEL VENDEDOR Y DEL COMPRADOR EN EL CONTRATO DE VENTA?,Derecho,,,,,,,,#¿NOMBRE?,,
abierta,¿QUÉ ES LA RETROVENTA?,Derecho,,,,,,,,"Es la cláusula por la cual el vendedor se reserva recuperar la cosa vendida, mediante la restitución del precio y de ciertos accesorios, en un plazo máximo de cinco años.",,
abierta,¿ EN QUÉ CONSISTE LA VENTA DE DERECHOS HEREDITARIOS?,Derecho,,,,,,,,"Se refiere a la sucesión recibida por una persona; y que enajena en provecho de un coheredero o de un tercero; por tanto, se trata de una venta que opera la transmisión a titulo universal.",,
abierta,¿EN QUÉ CONSISTE LA LICITACIÓN?,Derecho,,,,,,,,Consiste en una venta en subasta de un bien indiviso con objeto de hacer cesar la indivisión.,,
abierta,¿EN QUE COSISTE LA CESIÓN Y LA TRANSMISIÓN DE DERECHOS LITIGIOSOS?,Derecho,,,,,,,,"En cuanto a la cesión: El deudor de un crédito cedido puede liberarse de la deuda, pagando al cesionario el precio real de la cesión con los gastos y costas líquidos; y los intereses contados desde el día en que el cesionario haya pagado el precio de la cesión. La transmisión de derechos litigiosos: Consiste en que tan pronto como exista una cuestión judicial sobre el fondo Del derecho, se reputa que la cosa esta litigiosa.",,
abierta,¿QUÉ ES LA DACION EN PAGO Y VENTA?,Derecho,,,,,,,,"Se ha pretendido indicar que la dación en pago, es una venta; sin embargo, únicamente se admite que la dación en pago es una Novación por cambio de objeto, acompañada de la ejecución inmediata de la nueva obligación.",,
abierta,¿QUÉ ES LA PERMUTA?,Derecho,,,,,,,,"Es un contrato por el cual, las partes se dan respectivamente una cosa por otra. Esta se efectúa al igual que la venta, por el solo consentimiento.",,
abierta,¿QUÉ ES EL CONTRATO DE ARRENDAMIENTO?,Derecho,,,,,,,,"Es un contrato por el cual una persona se obliga a procurar a otra, el goce de una cosa mueble o inmueble, durante un tiempo determinado y mediante cierto precio; es decir, un precio proporcional al tiempo.",,
abierta,¿CÓMO SE PRUEBA EL CONTRATO DE ARRENDAMIENTO DE COSAS?,Derecho,,,,,,,,"Este se prueba por escrito o verbal; cuando es por escrito, no hay nada que decir particularmente. Ahora bien, cuando se trata verbalmente (juramento), este (el arrendamiento), solo puede deferirse a quien lo niegue. Cuando el arrendamiento verbal se haya cumplido parcialmente y se discute su precio; se le dará fe al propietario bajo su juramento, siempre y cuando el inquilino no quiera el avalúo de peritos; en cuyo caso si lo prefiere, los gastos en que se incurra, Irán por su cuenta, si el precio de los mismos (de los peritos) está por encima del declarado.",,
abierta,¿CUÁL ES LA DURACION POSIBLE DEL CONTRATO DE ARRENDAMIENTO DE COSAS?,Derecho,,,,,,,,"Su duración máxima es de 99 años; mas allá de este límite, el contrato se considera absolutamente nulo; ya que los tribunales no pueden reducir su duración.",,
abierta,¿CUÁLES SON LOS EFECTOS DEL ARRENDAMIENTO DESDE EL PUNTO DE VISTA DE LAS OBLIGACIONES DEL ARRENDADOR?,Derecho,,,,,,,,"El arrendador debe entregar la cosa en buen estado, haciendo todas las reparaciones necesarias. Debe garantizar al arrendador por todos los vicios o defectos de la cosa arrendada, que impiden su uso, aun cuando hubieron sido ignorados por el arrendador al celebrar el contrato. El arrendador debe procurar al arrendatario el goce pacifico de la cosa arrendada; esto quiere decir, que no debe perturbar por si mismo al arrendatario y que además, debe garantizarlo contra todas las perturbaciones de derecho, evocando el contrato de venta.",,
abierta,¿ CUÁLES SON LOS EFECTOS DEL ARRENDAMIENTO CONSIDERADO DESDE EL PUNTO DE VISTA DEL ARRENDATARIO?,Derecho,,,,,,,,"Pagar la renta pactada. Usar la cosa como administrador diligente y cuidadoso y conforme al destino de ésta; es decir, la obligación para el arrendatario de hacer las reparaciones locales necesarias. Vigilar por la conservación de la cosa. Restituir la cosa al terminar el arrendamiento.",,
abierta,¿ CUÁL ES LA RESPONSABILIDAD DEL ARRENDATARIO EN CASO DE INCENDIO?,Derecho,,,,,,,,"El arrendatario será responsable de éste; siempre y cuando no demuestre que el mismo fue causado fortuitamente, por fuerza mayor, o por vicio en la construcción o que dicho fuego provino de una casa vecina. Cuando hay varios inquilinos, todos son solidariamente responsables por el incendio; siempre que no se demuestre que el incendio tuvo su origen en la habitación de uno de ellos, en cuyo caso, éste será únicamente responsable por el mismo.",,
abierta,EXPLIQUE EN QUE CONSISTE EL SUBARRENDAMIENTO Y LA CESION DE ARRENDAMIENTO?,Derecho,,,,,,,,"Consiste en que el inquilino tiene derecho a subarrendar y ceder el arrendamiento a tercera persona; siempre que no se le haya privado de esta facultad, lo que se puede hacer total o parcialmente. Esta cláusula es siempre expresa.",,
abierta,¿CUÁLES SON LAS CAUSAS DE TERMINACION DEL ARRENDAMIENTO?,Derecho,,,,,,,,"Art. 1737 Termina de pleno a la expiración del término fijado, cuando se hizo por escrito, sin necesidad de notificar el desahucio.",,
abierta,¿CUÁL ES LA NATURALEZA DEL DERECHO DE ARRENDAMIENTO?,Derecho,,,,,,,,"CONTRATO CONSENSUAL: No requiere ninguna forma de validez del contrato de arrendamiento de cosas, que puede celebrarse verbalmente. CONTRATO A TITULO ONEROSO: El precio, es un elemento esencial del arrendamiento de cosas: La situación de Una cosa a disposición de una persona, a título gratuito, es un comodato, y no un arrendamiento; a falta de precio, el contrato de arrendamiento de cosas es nulo. CONTRATO SIGNALAGMATICO: El arrendamiento crea obligaciones con cargo a las dos partes. Así, pues se le Aplican al arrendamiento las reglas de la excepción Non Adimpleti Contractus, de la teoría del riesgo y la de la resolución judicial. CONTRATO DE CUMPLIMIENTO SUCESIVO: Las obligaciones que contraer, pesan sobre las partes durante todo El transcurso del arrendamiento. En principio, la duración del contrato se fija libremente por las partes; sin embargo, leyes recientes le suelen conceder al arrendatario el derecho a mantenerse en la finca o el derecho a la revocación del arrendamiento.",,
abierta,¿QUÉ ES EL ARRENDAMIENTO ENFITEUTICO?,Derecho,,,,,,,,"(Dar en arrendamiento por un plazo que permita plantarla) Especie de vinculación inmueble consistente en un derecho de goce sobre la cosa ajena, a largo plazo, (de 18 a 99 años) cesible, embargable, hipotecable, y resultante de un contrato especial, la locación enfitèutica. No existe como figura en nuestro Código.",,
abierta,¿QUÉ ES LA APARCERIA?,Derecho,,,,,,,,"Es el contrato hecho por el propietario de los animales por el cual este se obliga a dividir el provecho o disfrute y a quien se les confía un bien durante cierto tiempo, y por un precio determinado.",,
abierta,DEFINA CONTRATOS ALEATORIOS?,Derecho,,,,,,,,"Son convenios recíprocos, cuyos efectos de pérdidas y beneficios, por las partes, para una de ellas o por muchas de ellas, según sea el caso, dependen de un suceso incierto. Por ejemplo podemos citar, el contrato de seguro, préstamo a la gruesa, el juego y apuesta, y otros.",,
abierta,DEFINA CONTRATO DE SEGUROS?,Derecho,,,,,,,,"Es el contrato por el cual una persona llamada asegurador, promete a otra, llamada asegurado, indemnizarlo de una perdida eventual a la cual está expuesta, mediante una suma prima pagada por el asegurado al asegurador.",,
abierta,¿Qué se entiende por derecho de familia?,Derecho,,,,,,,,"El Derecho de familia, es el conjunto de normas e instituciones jurídicas que regulan las relaciones personales y patrimoniales de los miembros que integran la familia, entre sí y respecto de terceros. Tales relaciones se originan a partir del matrimonio y del parentesco. Es el elemento natural y fundamental de la sociedad y tiene derecho a la protección de la sociedad y del Estado. Engloba a todas las personas unidas por un lazo de parentesco o de afinidad, se extiende a todos os limites lejanos que nuestro derecho positivo establece en el duodécimo grado, en esta acepción descansa a la vez en la comunidad de sangre, en el matrimonio y en la adopción. En sentido mucho más restringido y muy diferente, designa la familia las personas que viven bajo el mismo techo: padre, madre, hijos, y si hubiere lugar nietos y aun colaterales. Es la agrupación restringida constituida por el padre, la madre, los hijos.",,
abierta,¿Cuál es el origen del concepto de familia?,Derecho,,,,,,,,"La familia tiene su origen en el establecimiento de una alianza entre dos o más grupos de descendencia a través del enlace matrimonial entre dos de sus miembros. La familia está constituida por los parientes, es decir, aquellas personas que por cuestiones de consanguinidad, afinidad, adopción u otras razones diversas, hayan sido acogidas como miembros de esa colectividad.",,
abierta,¿Cuál es la importancia social de la familia?,Derecho,,,,,,,,"La Familia es la base de la sociedad civil, solamente en la familia las personas pueden ser debidamente criadas, educadas y recibir la formación de su carácter que les hará buenos hombres y buenos ciudadanos. La familia es lo mas importante y cuidadoso que debemos tener. Tener una buena familia es construir una buena educación y formación para nuestros hijos. La familia deben ser unidas en todas las situaciones que la vida nos da en una familia debemos de tener comprensión, respeto, dialogo, colaborarse y tratar que juntos las cosas se un poco mas fácil; el reflejo de una familia se ve en los formación y educación de sus hijos. El deber como padres es tratar de darles a los hijos un buen ejemplo para que en el futuro ellos tengan una buena familia. La familia siempre ha sido y es, el principal pilar de la sociedad. Es el lugar donde los miembros nacen, aprenden, se educan y desarrollan. Debe ser refugio, orgullo y alegría de todos sus miembros.",,
abierta,Parentesco.,Derecho,,,,,,,,"El matrimonio es un contrato por el cual el hombre y la mujer se unen jurídicamente con la intención de formar una vida en común. El matrimonio. Es la unión legítima de un hombre y una mujer, para llevar vida en común y fundar un hogar. Es también una ceremonia civil o religiosa destinada a la creación del vínculo del matrimonio. Es La sociedad del hombre y la mujer que se unen para perpetuar su especie, para ayudarse, para socorrerse mutuamente, para llevar el peso de la vida y compartir su común destino. Es la unión del hombre y de la mujer contraída solemnemente y de conformidad con la Ley civil; se deduce de esta definición que el matrimonio es un contrato; que dicho contrato es solemne, que se manifiesta en una asociación de personas, que cae bajo la jurisdicción de la ley civil.",,
abierta,Clases de parentesco.,Derecho,,,,,,,,"Es el lazo que existe tanto entre personas de las cuales una desciende de la otra (hijos y padre, nietos y abuelo), como entre personas que descienden de un progenitor común (hermanos y hermanas, primos). En el primer caso el parentesco es directo y en el segundo es colateral. Es el vínculo de familia que une a dos personas. Vínculo jurídico entre dos personas en razón de la consanguinidad, del matrimonio o de la adopción.",,
abierta,¿Cuáles son las condiciones requeridas para celebrar matrimonio?,Derecho,,,,,,,,"Puede ser: por consanguineidad y/o afinidad y se computa en base a la línea y grado. -Consanguíneo.- Relación jurídica entre personas que descienden unas de otras o de un tronco común. -Afinidad.- Relación jurídica entre una persona y los parientes de su cónyuge. Se adquiere por el matrimonio, y se da entre los parientes consanguíneos del esposo con la esposa y entre los parientes consanguíneos de ésta con su cónyuge. El grado de parentesco es idéntico al que tiene el otro cónyuge, es decir, los padres de un cónyuge son padres por afinidad del otro, de igual manera, los hermanos, tíos, etc. Civil.- Relación jurídica entre adoptante y adoptado. Así son parientes en línea recta los que descienden unos de otros y en línea colateral los que sin descender unos de otros, poseen un ascendiente en común. El grado. Es la cantidad de generaciones que distancian a un pariente de otro, así los hermanos carnales son parientes consanguíneas colaterales en segundo grado. Los hermanos también admiten una clasificación entre carnales (doble conjunción) y paternos o maternos (simple conjunción). Cada generación que separa a un pariente de otro. Forma de contar los grados de parentesco.",,
abierta,¿Clasifique y enumere las prohibiciones para la celebración del Matrimonio?,Derecho,,,,,,,,"El hombre antes de los 18 años y la mujer antes de cumplir los 15 años, no pueden contraer matrimonio. Art. 144, Código Civil. No existe matrimonio, si no hay consentimiento. Art. 145 Código Civil. No se puede contraer segundo matrimonio sin la disolución del primero. Art. 146 C.C. El hijo que no haya cumplido 25 años, y la hija que no haya cumplido 21 años, no pueden contraer matrimonio sin el consentimiento de sus padres. Art. 148 C.C. Si ha muerto uno de los dos cónyuges o esta imposibilitado de manifestar su voluntad, basta el consentimiento del otro. Art. 149 c.c. Si han muertos los padres o están imposibilitado de manifestar su voluntad, lo reemplazarán los abuelos, y si hay disentimiento entre las dos líneas, el empate produce el consentimiento. Art. 150. Los hijos de familia que hayan llegado a la mayor de edad definida en el art. 148 están obligados antes de contraer matrimonio, a pedir acto formal y respetuoso el consejo de sus padres, o el de sus abuelos cuando aquello hubieren muerto o no puedan manifestar su voluntad. Desde la mayor edad de treinta años cumplidos en los hijos y 25 en las hijas, el acto respetuoso prescrito por el art. Precedente, sobre el cual no hubiere recaído consentimiento, se producirá otras dos veces, de mes en mes después de la tercera petición se podrá celebrar el matrimonio. Cumplido los treinta años, podrá celebrarse el matrimonio un mes después de la petición respetuosa de consejo a la que no haya seguido el consentimiento. La petición respetuosa se notificará a aquel o a aquellos de los ascendientes designados en el artículo 151 por dos notarios o por un notario y dos testigos, y en el expediente que al efecto debe formarse, se hará mención de la respuesta. Art. 155.- En caso de ausencia del ascendiente, al cual debe hacerse la petición respetuosa, se pasará a la celebración del matrimonio, exhibiendo la sentencia declaratoria de la ausencia; y en defecto de dicha sentencia, de la que hubiere dispuesto la información, o si no se hubiere practicado, un acta de notoriedad por el Juez de Paz del lugar en que el ascendiente haya tenido su último domicilio conocido. El acta contendrá la declaración de cuatro testigos llamados de oficio por aquel funcionario. Art. 156.- Los oficiales del estado civil que hayan procedido a la celebración de matrimonios de hijos o hijas de familia, menores respectivamente de veinticinco y veintiún años cumplidos, sin que en el acta de matrimonio se mencione el consentimiento de los padres, abuelos o familia en los casos correspondientes serán, a instancia de las partes interesadas o del fiscal hecha al tribunal de primera instancia del lugar en que el matrimonio se haya celebrado, condenados a la multa fijada en el artículo 192 además a una prisión, que no durará menos de seis meses. Art. 157.- Cuando en los casos prescritos no hubieren precedido al matrimonio las peticiones respetuosas de consejo, el oficial del estado civil que lo hubiere celebrado será condenado a la misma multa y a prisión por lo menos de un mes. Art. 158.- Las disposiciones contenidas en los artículos 148 y 149 y las de los artículos 151 y 155, relativas a la petición respetuosa que debe hacerse a los padres en los casos previstos en dichos artículos, son aplicables a los hijos naturales legalmente reconocidos. Art. 159.- El hijo natural que no haya sido reconocido, y el que después de haberlo sido, haya perdido sus padres, o si no pueden éstos manifestar su voluntad, no podrá casarse antes de pasar los veinticinco años sin obtener previamente el consentimiento de un tutor nombrado ad hoc. Art. 160.- Si no existen los padres o abuelos o hubiese imposibilidad de manifestar su voluntad, los hijos o hijas menores de veintiún años no pueden contraer matrimonio sin el consentimiento del consejo de familia. Art. 161.- En la línea directa el matrimonio está prohibido entre todos los ascendientes y descendientes legítimos o naturales y los afines en la misma línea. Art. 162.- En la línea colateral se prohíbe el matrimonio entre hermanos legítimos o naturales, y los afines del mismo grado. Art. 163.- También se prohíbe el matrimonio entre tío y sobrina o tía y sobrino. Art. 164.- Sin embargo, por causas graves, podrá el Gobierno dispensar las prohibiciones establecidas respecto de Los cuñados por el artículo 162, y por el artículo 163 entre tío y sobrina y tía y sobrino.",,
abierta,Explique en qué consisten las nulidades del matrimonio civil?,Derecho,,,,,,,,"Tiene derecho a oponerse a la celebración de un matrimonio, la persona casada ya con una de las partes contrayentes. 1º) La consanguinidad entre ascendientes y descendientes sin limitación; 2º) La consanguinidad entre hermanos o medio hermanos; 3º) El vínculo derivado de la adopción plena, en los mismos casos de los incisos 1º), 2º) y 4º). El derivado de la adopción simple, entre adoptante y adoptado, adoptante y descendiente o cónyuge del adoptado, adoptado y cónyuge del adoptante, hijos adoptivos de una misma persona, entre sí, y adoptado e hijo del adoptante. Los impedimentos derivados de la adopción simple subsistirán mientras ésta no sea anulada o revocada. 4º) La afinidad en línea recta en todos los grados; 5º) Tener la mujer menos de dieciséis años y el hombre menos de dieciocho años; 6º) El matrimonio anterior, mientras subsista; 7º) Haber sido autor, cómplice o instigador del homicidio doloso de uno de los cónyuges; 8º) La privación permanente o transitoria de la razón, por cualquier causa que fuere; 9º) La sordomudez cuando el contrayente afectado no sabe manifestar su voluntad en forma inequívoca por escrito o de otra manera Por razones metodológicas, Borda los agrupa en los que atañen a las condiciones naturales para contraer matrimonio y los que se originan en consideraciones de orden moral y social. Art. 173.- El padre, y en su defecto la madre, y a falta de ambos los abuelos y abuelas, pueden oponerse al matrimonio de sus hijos y descendientes, aunque éstos tengan veinticinco años cumplidos. Art. 174.- En defecto de ascendientes, los hermanos, tíos o primos hermanos, no pueden oponerse sino en los dos casos siguientes: Primero: Cuando no se haya obtenido el consentimiento del consejo de familia preceptuado en el artículo 160. Segundo: Cuando la oposición se funde en el estado de demencia del futuro esposo: esta oposición podrá desestimarla el tribunal sin forma de juicio; no se recibirá nunca sino contrayendo el opositor la obligación de provocar la interdicción y de obtener sentencia en el plazo fijado por el Tribunal. Art. 175.- En los casos previstos en el artículo precedente, el tutor o curador no podrá en tanto que dure la tutela o curatela hacer oposición mientras no sea autorizado por un consejo de familia que podrá convocar. Art. 176.- Todo acto de oposición deberá enunciar la cualidad en virtud de la cual tiene el opositor el derecho de formularla; expresará la elección de domicilio, el lugar en que debe celebrarse el matrimonio y, a menos que sea hecha a instancia de un ascendiente, debe contener los motivos de la oposición: todo esto bajo pena de nulidad y de la suspensión del oficial ministerial que hubiere firmado el acto de oposición. Art. 177.- El tribunal de primera instancia pronunciará en los diez días su fallo sobre la demanda. Art. 178.- Si hubiere apelación, se decidirá en los diez días del emplazamiento. Art. 179.- Si se desestima la oposición, los opositores, excepto los ascendientes, podrán ser condenados a indemnización de daños y perjuicios.",,
abierta,¿Cuál es el concepto de régimen matrimonial?,Derecho,,,,,,,,"La nulidad matrimonial civil implica la invalidación del matrimonio por la existencia de un vicio o defecto esencial en su celebración. El matrimonio puede ser declarado nulo cuando se ha celebrado sin el consentimiento libre de ambos esposos, ente personas menores de edad no emancipadas, personas que están casadas. La nulidad del matrimonio puede ser solicitada por cualquiera de los cónyuges o aquel de ellos cuyo consentimiento no haya si do libre y cuando haya habido error por aquel de ellos que haya padecido el error. -El acto debe se anulable, es decir estar viciado de nulidad relativa. -El autor de la confirmación debe tener conocimiento preciso del vicio que afecta el acto y la intención de subsanarlo (la prueba de ese conocimiento y esa intención esta sometidos a reglas precisas). -La confirmación debe producirse momento tal exenta de vicios de manera especial del vicio que se pretende borrar. -Conforme a las disposiciones del artículo 1338 del Código Civil, la confirmación puede ser expresa o tacita. El párrafo primero de dicho artículo exige que el documento que acredite la confirmación contenga tres menciones -Primero la sustancia de la obligación, es decir las cláusulas principales del contrato confirmado. -La mención del motivo de la acción de rescisión, o sea la naturaleza del vicio. -La intención de subsanar el vicio. Art. 180.- El matrimonio realizado sin el consentimiento libre de ambos esposos o de uno de ellos, no puede ser impugnado más que por los contrayentes o por aquel de ellos cuyo consentimiento no haya sido libre. Cuando haya habido error en la persona, el matrimonio podrá únicamente ser impugnado por el cónyuge que haya padecido el error. Art. 181.- En el caso del artículo precedente, no es admisible la demanda de nulidad, si los esposos hubieren hecho vida común continuada durante los seis meses posteriores al momento en que el cónyuge hubiere recobrado su plena libertad de acción o en que hubiere reconocido el error. Art. 182.- El matrimonio contraído sin el consentimiento de los padres, de los ascendientes, o del consejo de familia, en los casos en que es necesario éste, no puede ser impugnado sino por las personas cuyo consentimiento era indispensable, o por aquel de los cónyuges que tuviere necesidad del consentimiento. Art. 183.- No puede intentarse la acción de nulidad ni por los cónyuges ni por aquellos cuyo consentimiento era preciso, siempre que hubiesen previamente y de una manera expresa o tácita, aprobado el matrimonio, o cuando hubieren dejado transcurrir un año sin hacer reclamación alguna, a pesar de tener conocimiento del matrimonio. Tampoco puede ser intentado por el cónyuge, cuando haya dejado transcurrir un año después de cumplir la mayor edad en que ya no es necesario el consentimiento. Art. 184.- Todo matrimonio contraído en contravención a las prescripciones contenidas en los artículos 144, 147, 161, 162 y 163, puede ser impugnado por los mismos esposos, o por todos aquellos que en ello tengan interés, y por el Ministerio Público. Art. 185.- Sin embargo, el matrimonio contraído por esposos que no tuvieren ambos o el uno de ellos la edad exigida, no podrá ser impugnado. Primero: Cuando hayan pasado seis meses después de haber cumplido la edad. Segundo: Cuando la mujer que no tuviese la edad haya concebido antes de terminar los seis meses. Art. 186.- Los padres, ascendientes y familia que hayan consentido el matrimonio contraído en las condiciones a que el artículo anterior se refiere, no podrán pedir la nulidad. Art. 187.- En todos los casos en que con arreglo al artículo 184 se pueda intentar la acción de nulidad por todos los que en ello tengan interés, no puede, sin embargo, serlo por los parientes colaterales o por los hijos nacidos de otro matrimonio contraído por el cónyuge superviviente, a no ser en el caso de tener un interés de actualidad. Art. 188.- El esposo en cuyo perjuicio se haya contraído un segundo matrimonio, puede pedir la nulidad aun en vida del cónyuge unido a él. Art. 189.- Si los nuevos esposos oponen la nulidad del primer matrimonio, la validez o nulidad de éste debe resolverse previamente. Art. 190.- El Fiscal, en todos los casos a los cuales pueda aplicarse el artículo 184, y con las modificaciones indicadas en el 185, puede y debe pedir la nulidad del matrimonio, en vida de los dos cónyuges, y solicitar la separación. Art. 191.- Todo matrimonio que no se haya celebrado ante el oficial público competente, puede ser impugnado por los mismos esposos, por los padres, por los ascendientes y por todos los que tengan un interés de actualidad, como también por el ministerio público. Art. 192.- Si al matrimonio no han precedido los dos edictos legales, o si no se han obtenido las dispensas prescritas por la ley, o si los intervalos prevenidos entre los edictos y la celebración no han sido observados, el Fiscal hará que se imponga al oficial público una multa que no exceda de sesenta pesos; y contra los contrayentes, o aquellos bajo cuyo poder o jurisdicción han obrado, una multa proporcional a su fortuna. Art. 193.- Las penas establecidas en el artículo precedente se impondrán a las personas en el mismo indicadas, por toda infracción de las reglas prescritas en el artículo 165, aunque aquellas infracciones no se hayan considerado bastantes para declarar la nulidad del matrimonio. Art. 194.- Nadie puede reclamar el título de esposo ni disfrutar de los efectos civiles del matrimonio, si no presenta una acta de celebración inscrita en el registro civil excepto en los casos prescritos en el artículo 46, en el título de las Actas del Estado Civil. Art. 195.- La posesión de estado no dispensará a los pretendidos esposos que respectivamente la invoquen, de la obligación de presentar el acta de celebración del matrimonio ante el Oficial del Estado Civil. Art. 196.- Cuando haya posesión de estado y se haya presentado el acta de celebración de matrimonio ante el oficial del estado civil, no podrán los esposos presentar demanda de nulidad de aquel acto. Art. 197.- Si a pesar de esto, en el caso de los artículos 194 y 195, existen hijos nacidos de dos personas que hayan vivido públicamente como esposos y que hayan muerto, la legitimidad de los hijos no puede ser puesta en duda, con el solo pretexto de defecto de presentación del acta de celebración, siempre cuando esta legitimidad se pruebe por una posesión de estado que no sea contradicha por el acta de nacimiento. Art. 198.- Cuando la prueba de una celebración legal de matrimonio se adquiera por el resultado de un procedimiento criminal, la inscripción de la sentencia en los registros del estado civil asegura al matrimonio, a contar desde el día de su celebración, todos los efectos civiles, lo mismo con relación a los esposos que a los hijos nacidos de este matrimonio. Art. 199.- Si los esposos o uno de ellos han muerto sin descubrir el fraude, pueden intentar la acción criminal, el Fiscal y todas las personas que tengan interés en declarar válido el matrimonio. Art. 200.- Si el Oficial Público ha muerto antes del descubrimiento del fraude, la acción civil se intentará contra sus herederos por el Fiscal, en presencia de las partes interesadas y en vista de su denuncia. Art. 201.- El matrimonio declarado nulo, produce sin embargo, efectos civiles lo mismo respecto a los cónyuges que a los hijos, cuando se ha contraído de buena fe. Art. 202.- Si únicamente uno de los esposos hubiere procedido de buena fe, el matrimonio produce, sólo en su favor y en el de los hijos, efectos civiles.",,
abierta,¿Qué diferencias se pueden establecer entre el matrimonio el Régimen matrimonial?,Derecho,,,,,,,,"El régimen matrimonial, régimen económico matrimonial o régimen patrimonial del matrimonio es el estatuto jurídico que regula la relación económica en un matrimonio de los cónyuges entre sí y de éstos respecto de terceros. Es el conjunto de normas que determinan el status jurídico de los bienes de los esposos durante el matrimonio y al tiempo de su disolución, y que rigen las relaciones pecuniarias de los cónyuges entre sí o con los terceros con quienes contratan.",,
abierta,¿Cuáles son las diferentes clases de regímenes matrimoniales que se Establecen en nuestra legislación?,Derecho,,,,,,,,"El matrimonio es una institución fija, igual para todo el que se adhiere a ella, mientras que el régimen matrimonial puede ser variado.",,
abierta,¿Qué es el régimen de la comunidad legal de bienes?,Derecho,,,,,,,,"Art. 1399.- La comunidad sea legal o convencional, empieza desde el día en que el matrimonio se ha contraído ante el Oficial del Estado Civil: no puede estipularse que comience en otra época. Regímenes matrimoniales de comunidad. El régimen de la comunidad de bienes muebles y gananciales. El régimen de la comunidad reducidos a los gananciales. El régimen de la comunidad universal. Regímenes matrimoniales de separación de bienes. El régimen sin comunidad. Régimen de separación Stricto sensu. Régimen dotal.",,
abierta,¿Qué se entiende por comunidad legal de bienes a titulo universal?,Derecho,,,,,,,,"Art. 1400.- La comunidad que se establece por la simple declaración de casarse bajo el régimen de la comunidad, o a falta de contrato. Es cuando los futuros esposos no se acogen a ningún régimen matrimonial, sino que simplemente contraen nupcias y lego se dedican a disfrutar su luna, la ley les atribuye un régimen matrimonial determinado que entre nosotros se denomina Régimen de la comunidad de Bienes Muebles Gananciales.",,
abierta,¿Qué es el Régimen dotal?,Derecho,,,,,,,,"Se trata de un régimen de la comunidad convencional, en el que todos los bienes muebles o inmuebles presentes (los que los esposos al momento de casarse) y futuros (que son lo que obtendrán en el curso del matrimonio) de los esposos, o sus bienes presentes solamente, o solo los futuros, forman parte de la masa común y el que todas las deudas son comunes. Art. 1526.- Los esposos pueden establecer en su contrato de matrimonio, una comunidad universal de sus bienes, lo mismo muebles que inmuebles, presentes y futuros, o solamente de sus bienes presentes, o solamente de sus bienes futuros. Disposiciones comunes a las ocho secciones anteriores.",,
abierta,¿Qué se entiende por régimen de comunidad reducida a los gananciales?,Derecho,,,,,,,,"Art. 1540.- La dote, bajo este régimen como bajo el del capítulo 2o., es el haber que aporta la mujer al marido para soportar las Cargas del matrimonio. Art. 1541.- Todo lo que constituye la mujer por sí o que se le da en el contrato de matrimonio, es dotal, si no se estipula sobre ella nada en contrario.",,
abierta,¿Cuáles son las formalidades requeridas para contraer matrimonio bajo el regimen convencional?,Derecho,,,,,,,,"Art. 1498.- Cuando estipulen los esposos que no habrá entre ellos sino una comunidad de gananciales, se reputa que excluyen de ella las deudas respectivas actuales y futuras, y su mobiliario respectivo, presente y futuro. En este caso, y después que cada uno de los esposos ha tomado lo que aportó debidamente justificado, se limita la partición a los gananciales hechos por los esposos, juntos o separados, durante el matrimonio, y procedentes tanto de la industria común, como de las economías hechas con los frutos y rentas de los bienes de los dos esposos. Art. 1499.- Si el mobiliario existente en el momento del matrimonio o heredado luego, no se ha hecho constar por inventario o relación en buena forma, entrará en los gananciales.",,
abierta,Cuáles son las formalidades requeridas para contraer matrimonio bajo el régimen de la comunidad?,Derecho,,,,,,,,"Art. 1387.- La ley no regula la sociedad conyugal, en cuanto A los bienes, sino a falta de convenciones especiales, que pueden hacer los esposos como juzguen convenientes, siempre que no sean contrarias a las buenas costumbres; y además, bajo las modificaciones siguientes.",,
abierta,¿Cómo se forma el activo que entra a formar parte de la comunidad legal?,Derecho,,,,,,,,"Art. 1399.- La comunidad sea legal o convencional, empieza Desde el día en que el matrimonio se ha contraído ante el Oficial del Estado Civil: no puede estipularse que comience en otra época.",,
abierta,¿Cómo se constituye el pasivo de la comunidad legal de bienes?,Derecho,,,,,,,,"Art. 1401.- La comunidad se forma activamente: 1o. De todo el mobiliario que los esposos poseían en el día de la celebración del matrimonio, y también de todo el que les correspondió durante el matrimonio a título de sucesión, o aun de donación, si el donante no ha expresado lo contrario; 2o. De todos los frutos, rentas, intereses y atrasos de cualquier naturaleza que sean, vencidos o percibidos durante el matrimonio, y provenientes de los bienes que pertenecían a los esposos desde su celebración, o que les han correspondido durante el matrimonio por cualquier título que sea; 3o. De todos los inmuebles que adquieran durante el mismo.",,
abierta,¿ A cargo de quien se encuentra la administración de los bienes pertenecientes a la comunidad?,Derecho,,,,,,,,". 1409.- (Modificado por la Ley 189-01). Se forma la comunidad pasivamente: 1ro. De todas las deudas mobiliarias En que los esposos estaban gravados el día de la celebración de su matrimonio, o de los que estuvieren gravando las Sucesiones que les viene durante el matrimonio, salvo la recompensa por las relativas a los inmuebles propios a uno u otro de los esposos; 2do. De las deudas, tanto de capitales, como de rentas o intereses, contraídas por el marido o Por la mujer; 3ro. De las rentas e intereses solamente de rentas o deudas pasivas, que sean personales a los dos esposos; 4to. De las reparaciones usufructuarias de los inmuebles que no entran en comunidad; 5to. De los alimentos de los esposos, de la educación y sostenimiento de los hijos y de cualquier otra carga del matrimonio.",,
abierta,¿Cuál es la forma en que los esposos contribuyen con las deudas de la comunidad?,Derecho,,,,,,,,"Art. 1421.- (Modificado por la Ley 189-01). El marido y la mujer son los administradores de los bienes de la comunidad. Puede venderlos, enajenarlos o hipotecarlos con el consentimiento de ambos.",,
abierta,"¿En qué consiste la aceptación y la renuncia a la comunidad, luego de la disolución del matrimonio?",Derecho,,,,,,,,"Art. 1510.- La cláusula por la que los esposos estipulan pagar separadamente sus deudas personales, los obliga, desde la disolución de la comunidad, a darse respectivamente cuenta de las deudas que conste han sido pagadas por la comunidad, y en descargo de aquel de los esposos que era deudor. Esta obligación es la misma, haya o no inventario; pero si el mobiliario aportado por los esposos no se ha hecho constar por inventario o estado auténtico anterior al matrimonio, pueden los acreedores de cualquiera de los esposos apremiar el pago sobre el mobiliario no inventariado, y sobre cualquier otro valor de la comunidad, sin tener en cuenta ninguna de las excepciones que puedan reclamarse. Los acreedores tienen el mismo derecho sobre el mobiliario que haya recaído en los cónyuges durante la comunidad, si éste no hubiere hecho constar también por inventario o estado auténtico. Art. 1511.- Cuando los esposos aportan a la comunidad una suma o un objeto determinado, supone semejante acto el convenio tácito de que esto no puede gravarse con las deudas anteriores al matrimonio; el esposo deudor, debe dar al otro cuenta de todas las deudas que disminuyan el importe de lo que prometió aportar. Art. 1512.- La cláusula de separación de deudas, no impide que la comunidad se grave con los intereses y rentas vencidas desde el matrimonio. Art. 1513.- Cuando se ha apremiado a la comunidad por las deudas de uno de los esposos que estaba declarado por contrato, libre y saldo en toda clase de deudas anteriores al matrimonio, tiene el otro cónyuge derecho a una indemnización que se toma bien sea en la parte de la comunidad correspondiente al esposo deudor, o de los bienes personales del mismo, pero en caso de no ser estos bastantes, puede reclamarse esta indemnización por vía de garantía contra el padre, la madre, ascendiente o tutor que lo haya declarado libre y saldo. Esta garantía puede también ejercerse por el marido durante la comunidad, si la deuda proviniese de la parte de la mujer; salvo en este caso el reembolso debido por la mujer o sus herederos, a los que salieron garantes, después de la disolución de la comunidad.",,
abierta,¿Cuáles son los efectos de la aceptación de la comunidad?,Derecho,,,,,,,,"Art. 1452.- La disolución de la comunidad realizada por la separación, bien sea personal o de bienes, o de estos últimos solamente, no da lugar a los derechos de supervivencia de la mujer; pero puede conservar ésta la facultad de ejercerlos después de la muerte de su marido.",,
abierta,¿Cuáles son los efectos de la renuncia a la comunidad?,Derecho,,,,,,,,"Art. 1467.- Después de la aceptación de la comunidad por la mujer o por sus herederos, se divide el activo; y el pasivo se carga de la manera que a continuación se determina.",,
abierta,"Se puede afirmar que los bienes aportados por los esposos a la comunidad, se pueden gravar, con deudas anteriores al matrimonio?",Derecho,,,,,,,,"Art. 1496.- Todo lo que queda dicho se observará, aun cuando uno de los esposos, o los dos, tengan hijos de precedentes matrimonios. Siempre que la confusión del mobiliario y de las deudas reporten en provecho de uno de los esposos una ventaja superior a la que está autorizada por el artículo 1098 en el título de las donaciones intervivos y de los testamentos, los hijos del primer matrimonio del otro esposo, tendrán acción para pedir la oportuna rebaja.",,
abierta,¿En qué consiste la facultad que se le concede a la mujer de volver a tomar libre y saldo lo que aporto a la comunidad legal?,Derecho,,,,,,,,"Según los Arts. De Código C.: Art. 1512.- La cláusula de separación de deudas, no impide que la comunidad se grave con los intereses y rentas vencidas desde el matrimonio. Art. 1513.- Cuando se ha apremiado a la comunidad por las deudas de uno de los esposos que estaba declarado por contrato, libre y saldo en toda clase de deudas anteriores al matrimonio, tiene el otro cónyuge derecho a una indemnización que se toma bien sea en la parte de la comunidad correspondiente al esposo deudor, o de los bienes personales del mismo, pero en caso de no ser estos bastantes, puede reclamarse esta indemnización por vía de garantía contra el padre, la madre, ascendiente o tutor que lo haya declarado libre y saldo. Esta garantía puede también ejercerse por el marido durante la comunidad, si la deuda proviniese de la parte de la mujer; salvo en este caso el reembolso debido por la mujer o sus herederos, a los que salieron garantes, después de la disolución de la comunidad.",,
abierta,Diferencia entre el IUS SOLI y IUS SANGUINIS?,Derecho,,,,,,,,"Art. 1514.- La mujer puede estipular, que en caso de renuncia a la comunidad, recobrará todo o parte de lo que a ella hubiere llevado, bien al tiempo del matrimonio o después; pero esta condición no puede llevarse más allá de las cosas expresadas formalmente, ni en provecho de otras personas distintas de las designadas. Por lo tanto, la facultad de volver a tomar el mobiliario que la mujer aportó en el momento del matrimonio, no se extiende al que hubiese recaído en ella durante el mismo. La facultad dada a la mujer no se extiende a los hijos, y la concedida a la mujer y a los hijos, no llega a los herederos, ascendientes o colaterales. De todos modos, lo aportado no puede recobrarse, sino haciéndose deducción de las deudas personales de la mujer y que hayan sido pagadas por la comunidad.",,
abierta,¿En que consiste el IUS DOMICILI?,Derecho,,,,,,,,"El IUS SPORI se atribuye la nacionalidad al individuo por el lugar en que nace, independientemente la nacionalidad de sus padres, y el IUS SANGUINIS se atribuye la nacionalidad al individuo cuando nace de padre o madre nacionales de un estado o ambos padres son nacionales de ese mismo estado.",,
abierta,¿En qué consiste el IUS CONUBI?,Derecho,,,,,,,,Se atribuye la nacionalidad a las personas dependiendo del lugar en el que fijen permanentemente su domicilio independientemente del lugar de su origen o la nacionalidad de sus padres,,
abierta,Según el ART 33 de la constitución quienes se consideran extranjeros?,Derecho,,,,,,,,Es del criterio por medio del cual la nacionalidad se obtiene dependiendo de la nacionalidad de la persona con quien ese individuo contraiga matrimonio.,,
abierta,De acuerdo al ART 33 CONST de que derechos gozan los EXTRANJEROS?,Derecho,,,,,,,,Los que no posean las calidades determinadas en el articulo 30 constitucional.,,
abierta,SEGÚN EL ART.33 DE LA CONSTITUCION QUE RESTRICCIONES TIENEN LOS EXTRANJEROS?,Derecho,,,,,,,,"Tienen derecho a las garantías que otorga el Capítulo I, Título Primero, constitucional 46.-SEGÚN EL ART.33 DE LA CONSTITUCION QUE FACULTADES TIENE EL PRESIDENTE DE LA REPUBLICA? Tendrá la facultad exclusiva de hacer abandonar el territorio nacional, inmediatamente y sin necesidad de juicio previo, a todo extranjero cuya permanencia juzgue inconveniente.",,
abierta,DE Acuerdo al ART 3o de la constitucion en que consiste la democracia:,Derecho,,,,,,,,Los extranjeros no podrán de ninguna manera inmiscuirse en los asuntos políticos del país.,,
abierta,¿Cuál es la forma de gobierno de Mexico?,Derecho,,,,,,,,"Será democrático, considerando a la democracia no solamente como una estructura jurídica y un régimen político, sino como un sistema de vida fundado en el constante mejoramiento económico, social y cultural del pueblo;",,
abierta,Segun el numero de personas que ejercen el poder y a la forma en que lo hacen que se determina:,Derecho,,,,,,,,"Se CONSTITUYE EN UNA REPUBLICA REPRESENTATIVA, DEMOCRATICA, FEDERAL, COMPUESTA DE ESTADOS LIBRES Y SOBERANOS.",,
abierta,Bajo que principio de determina la forma de gobierno en Mexico.,Derecho,,,,,,,,"En Mexico, la forma de gobierno se determina de acuerdo al principio de la division de poderes integrados por los tres poderes segun lo establece el ART 49 CONST: Articulo 49.- El Supremo Poder de la Federacion se divide para su ejercicio en Legislativo, Ejecutivo y Judicial.",,
abierta,¿Cuáles son las partes del gobierno y cual es la funcion de cada una de ellas?,Derecho,,,,,,,,"Articulo 40.- Es voluntad del pueblo mexicano constituirse en una Republica representativa, democratica, federal; de acuerdo a lo anterior, la republica mexicana es una republica democratica y representativa ya que el publo decide a travez de su representante directos por votacion o indirectos que son designados por el senado a propuesta del ejecutivo federal, la forma en que habra de llevarse la administracion de la REPUBLICA.",,
abierta,En que consiste: La funcion legislativa administrativa y jurisdiccional:,Derecho,,,,,,,,a) Del poder legislativo es legislativa. b) Del poder ejecutivo su funcion es administrativa. c) Del poder judicial su funcion es Jurisdiccional.,,
abierta,CONCEPTO DE DERECHO CONSTITUCIONAL.,Derecho,,,,,,,,"▪ FUNCION LEGISLATIVA. Es aquella tendiente a la elaboración y creacion modificación o extinción de situaciones juridicas generales cuyas caracteristicas son la abstraccion, la permanencia, la coercitividad, la bilateralidad y la impersonalidad de la norma. ▪ FUNCION ADMINISTRATIVA. El Estado realiza bajo un orden juridico, consistente en la ejecucion, de actos materiales o de actos que determinan situaciones juridicas concretas, mediante la ejecucion de ley. ▪ FUNCION JURISDICCIONAL. Es aquella realizada por un organo de Estado consistente en la aplicacion de casos concretos con la finalidad de resolver un conflicto o una cuestion de derecho entre dos partes la cual es resuelta por un tercero imparcial mediante la aplicacion e interpretacion de la ley, teniendo dicha resolucion caracter de obligatoriedad.",,
abierta,OBJETO DEL DERECHO CONSTITUCIONAL.,Derecho,,,,,,,,Es la rama del Derecho encargada de analizar y controlar las leyes fundamentales que rigen al Estado.,,
abierta,EXPLIQUE LAS FUENTES DEL DERECHO CONSTITUCIONAL.,Derecho,,,,,,,,"Estudiar la forma de gobierno y la regulación de los poderes públicos, tanto en su relación con los ciudadanos como entre sus distintos órganos.",,
abierta,DÉ UNA DEFINICIÓN DE CONSTITUCIÓN.,Derecho,,,,,,,,"CONSTITUCION. Expedida el 5 de feb. y puesta en vigor el 1 de mayo 1917.- esta fuente es de carácter : MEDIATO.- Mov. Social q inicio con la rebelión de madero en contra de Porfirio diaz con el fin de la noreeleccion, es el porque, la causa y la justificación de la creación INMEDIATO .- Es quien hace la constitución, congreso constituyente JURISPRUDENCIA. interpretación correcta y valida de la ley en latinjurisprudentiaius derecho prudentis sabiduría, conocimiento, sentido etimológico= sabiduría del derecho COSTUMBRE. Es la repetición constante de un acto que con el paso del tiempo se vuelve obligatoria y con apoyo del poder político llega a convertirse en ley, es fuente x q se convierte en norma constitucional a travez de un proceso reflexivo del legislador LEY: Leyes que reglamentan procesos constitucionales. (Ley de Amparo que reglamenta la garantía constitucional mas importante). Leyes que precisan los órganos creados en la propia Constitución. (Código Federal de Instituciones y Procedimiento Electorales, que reglamenta lo relativo a los partidos políticos nacionales) DOCTRINA: Aunque ésta no es obligatoria es de suma importancia en la realización de legislaciones y jurisprudencias. REGLAS DEL JUEGO DEL SISTEMA POLÍTICO: No son de carácter jurídico, pero conforman y modifican a las instituciones que están establecidas en la ley fundamental. (Presidente de la república elige a su candidato del mismo partido para que sea su sucesor)",,
abierta,¿CUÁNTOS DOCUMENTOS CONSTITUCIONALES ANTECEDEN A NUESTRA CARTA MAGNA EN VIGOR?,Derecho,,,,,,,,"Tiene el carácter de norma suprema, prevalecerá sobre cualquier otra que fuese posterior y contraria a ella (jerarquía constitucional). Es un texto de carácter jurídico-político fruto del poder constituyente que fundamenta todo el ordenamiento, situándose en él como norma que recoge, define y crea los poderes constituidos limitándolos al servicio de las personas.",,
abierta,¿CÓMO SE DIVIDE NUESTRA CONSTITUCIÓN Y DE CUANTOS ARTÍCULOS SE CONFORMA?,Derecho,,,,,,,,"Constitución de 1824. Establecía una forma de gobierno republicana, representativa y popular, dividiendo el poder en Legislativo, Ejecutivo y Judicial y además señalando a la religión católica como la oficial y Única. El poder ejecutivo se ponía en manos de una sola persona y exista la vicepresidencia. Las Siete Leyes Constitucionales, de 1835-1836. La inestabilidad política de las primeras décadas del México independiente provocaron un enfrentamiento entre dos grupos: federalistas y centralistas. Hacia 1835 los Centralistas se impusieron, eliminaron la anterior constitución y crearon una nueva conocida como las Siete Leyes, en la cual el país fue dividido en departamentos --en vez de estados-- y se establecía el supremo poder Conservador• que podía anular una ley o un decreto y declarar la incapacidad física o moral del presidente del Congreso. Bases orgánicas de 1843. También de corte centralista. Se instaura la pena de muerte y se restringía la libertad de imprenta. Acta constitutiva y de Reformas de 1847. Debido a la inestabilidad política del país y a la guerra contra Estados Unidos (1846-1848), el país volvía a adoptar el sistema federal establecido en la Constitución de 1824. El acta establecía las garantías individuales, suprimía el cargo de vicepresidente que tantos problemas había causado en los años anteriores y establecía el derecho de amparo. Constitución de 1857. Estuvo en vigor de 1857 a 1917 y durante el caos de la guerra de Reforma, la intervención y el Imperio (1857-1867) fue la bandera que defendieron los liberales y republicanos encabezados por Juárez. Era de corte liberal, establecía el federalismo, la abolición de la esclavitud, la defensa de las ideas y la libertad de imprenta. En dicha ley ya no se establecía la religión católica como la oficial, lo cual provocó un malestar entre los conservadores. Constitución de 1917. Fue promulgada en la ciudad de Querétaro y se tomó como base la Constitución de 1857, pero se añadieron todas las demandas que dieron origen a la revolución mexicana, como la cuestión agraria (Art. 27), la cuestión obrera (Art. 123); la educación obligatoria y gratuita (Art. 3Âº). Por su amplio contenido social, en su momento fue considerada como una de las Constituciones más avanzadas del mundo. Actualmente está en vigor y desde su promulgación el 5 de febrero de 1917 ha sido reformada más de 400 veces.",,
abierta,¿QUÉ ES LA SUPREMACÍA CONSTITUCIONAL Y FUNDAMENTO?,Derecho,,,,,,,,"La que actualmente nos rige fue promulgada el 5 de febrero de 1917, contiene 136 artículos y 19 transitorios. Parte dogmática: en esta parte se comprende los primeros 29 artículos, y en esta se encuentran expresados los derechos fundamentales del hombre en la declaración de garantías individuales (donde se reconocen derechos y libertades sociales). En esta parte de la constitución se hace referencia a las garantías individuales, a la declaración universal de los derechos humanos y a las garantías de seguridad jurídica. Algunos de los derechos que se establecen en la parte dogmática son: el derecho a la libertad, derecho a la libre expresión, asociación y tránsito, derecho a la educación laica y gratuita, derecho a la posesión de armas de fuego para seguridad y legítima defensa, derecho de huelga, derecho a la libre profesión, jornadas de trabajo máxima de 8 horas, derecho al trabajo.",,
abierta,DESCRIBA LOS PRINCIPIOS DOCTRINALES QUE RIGEN AL DERECHO CONSTITUCIONAL.,Derecho,,,,,,,,"significa que la Constitución es la norma que denominamos fundamental, que está en la cúspide o por encima de las demás normas jurídicas. Y SE FUNDAMENTA EN EL : ARTICULO 133. Esta Constitución, las leyes del Congreso de la Unión que emanen de ella y todos los tratados que estén de acuerdo con la misma, celebrados y que se celebren por el Presidente de la República, con aprobación del senado, serán la ley suprema de toda la Unión. Los jueces de cada estado se arreglaran a dicha constitución, leyes y tratados, a pesar de las disposiciones en contrario que pueda haber en las constituciones o leyes de los estados.",,
abierta,¿QUÉ SON LAS GARANTÍAS CONSTITUCIONALES Y CÓMO SE DIVIDEN?,Derecho,,,,,,,,"Entre los principios doctrinales del derecho constitucional, aparece la división de poderes (Poder Legislativo, Poder Ejecutivo y Poder Judicial) y la protección del Estado de derecho (el poder estatal sometido a un orden jurídico), la soberanía nacional y los derechos fundamentales (estabilidad y control de la constitucionalidad, que es el mecanismo jurídico que garantiza el cumplimiento de las normas constitucionales).",,
abierta,¿QUÉ ES FUERO?,Derecho,,,,,,,,"Son el conjunto de instrumentos procesales, establecidos por la norma fundamental, con objeto de restablecer el orden constitucional cuando el mismo sea transgredido por un órgano de autoridad política. Se dividen en: Garantías Individuales: La Constitución comienza con la declaración de garantías individuales, y así se intitula el capítulo I del título primero. Podemos decir que ésta es la parte axiológica de la ley fundamental y la causa base de toda la organización política. El artículo 1° de la Constitución manifiesta: ''En los Estados Unidos Mexicanos todo individuo gozará de las garantías que otorga esta Constitución, las cuales no podrán restringirse ni suspenderse, sino en los casos y con las condiciones que ella misma establece'' La declaración de garantías individuales se divide en tres grandes partes: Los derechos de igualdad, Libertad Seguridad jurídica.",,
abierta,¿QUÉ ES EL JUICIO POLÍTICO Y CUÁL ES SU FUNDAMENTO?,Derecho,,,,,,,,"Garantía de que gozan determinados servidores públicos en virtud del cargo que ostentan, que les da la posibilidad de ser juzgados por funcionarios y a través de procedimientos especiales. La doctrina jurídica clásica concibe al fuero como aquella prerrogativa de senadores y diputados - así como de otros servidores públicos contemplados en la Constitución- que los exime de ser detenidos o presos, excepto en los casos que determinan las leyes, o procesados y juzgados sin previa autorización del órgano legislativo al que pertenecen: Parlamento, Congreso o Asamblea. El término es de uso coloquial o común y suele utilizarse como sinónimo de inmunidad parlamentaria. El fuero o la inmunidad se entiende también como un privilegio conferido a determinados servidores públicos, para mantener el equilibrio entre los poderes del Estado en los regímenes democráticos, y salvaguardarlos de eventuales acusaciones sin fundamento. En el caso de la responsabilidad civil de los legisladores no se requiere del procedimiento de declaración de procedencia, ya que en cuanto particulares, se les podrá demandar por la realización u omisión de actos o el incumplimiento de obligaciones señaladas en el Código Civil, los cuales siempre tienen una obligación reparadora o bien el otorgamiento de una indemnización.",,
abierta,"¿QUÉ ES UN FUNCIONARIO PÚBLICO, SERVIDOR PÚBLICO Y EMPLEADO PÚBLICO?",Derecho,,,,,,,,"Es procedente el juicio político cuando los actos u omisiones de los servidores públicos señalados por el artículo 110 de la Constitución redunden en perjuicio de los intereses públicos fundamentales o de su buen despacho (Art. 6 de la Ley Federal de Responsabilidad de los Servidores Públicos, en adelante LFRSP). Es oportuno dejar claro que no procede el juicio político por la mera expresión de ideas (Art. 7 LFRSP). b) Actos que lo motivan Los actos que puede motivar el ejercicio del juicio político son aquellos que redundan en perjuicio de los intereses públicos fundamentales y de su buen despacho y que la Ley Federal de Responsabilidad de los Servidores Públicos enumera de la siguiente manera: - El ataque a las instituciones democráticas; - El ataque a la forma de gobierno republicano, representativo, federal; - Las violaciones graves y sistemáticas a las garantías individuales o sociales; - El ataque a la libertad de sufragio; - La usurpación de atribuciones; - Cualquier infracción a la Constitución o a las leyes federales cuando cause perjuicios graves a la Federación, a uno o varios estados de la misma o de la sociedad, o motive algún trastorno en el funcionamiento normal de las instituciones; - Las omisiones de carácter grave, en los términos de la fracción anterior; y - Las violaciones sistemáticas o graves a los planes, programas y presupuestos de la administración publica federal o del Distrito Federal y a las leyes que determinan el manejo de los recursos económicos federales y del Distrito Federal. (Art. 7 LFRSP). Asimismo, los gobernadores de los estados, los diputados de las legislaturas locales y los magistrados de los tribunales superiores de justicia locales podrán ser sujetos de juicio político por violaciones graves a la Constitución General de la República, a las leyes federales que de ella emanen, así como por el manejo indebido de fondos y recursos federales (Art. 5 LFRSP). Corresponde al Congreso de la Unión valorar la existencia y gravedad de los actos u omisiones. Cuando éstos tengan carácter delictuoso se formulará la declaración de procedencia y se estará a lo dispuesto por la legislación penal.",,
abierta,¿CÓMO SE CLASIFICAN LAS CONSTITUCIONES? CODIFICADA / NO CODIFICADA / DISPERSA.,Derecho,,,,,,,,"• Empleados.- Es quien presta sus servicios para algún órgano del Estado, en virtud de un nombramiento y que se desempeña normalmente en actividades de apoyo al funcionario; su labor no implica un poder de decisión, disposición de la fuerza pública o representación estatal alguna; • Funcionarios.- Éstos disponen de un poder jerárquico con respecto de los empleados y los demás funcionarios inferiores, poder que deriva en capacidad de mando, de decisión y de disciplina; nos referimos a todos los llamados mandos medios y a parte de los denominados mandos superiores desde jefe de unidad departamental hasta subsecretario, y • Altos Funcionarios.- Es aquel que desempeña en el ámbito federal, un cargo de elección popular, vg: Presidente de la República, diputado o senador; el que se encuentra en el máximo nivel dentro del poder judicial como un ministro de la Suprema Corte de Justicia de la Nación; o que es titular de cualquier dependencia del poder ejecutivo como es un Secretario de Estado. Conforme a la constitución federal aquí quedan incluidos todos los servidores públicos a quienes para serles exigida responsabilidad, requieren declaratoria de procedencia del órgano legislativo. Por su parte, la legislación mexicana clasifica a los funcionarios según ejercen la función pública, esto es, los divide en: a) Empleados de confianza; y b) Empleados de base.",,
abierta,¿QUÉ SON LOS TRATADOS INTERNACIONALES?,Derecho,,,,,,,,"La Constitución Codificada es aquella formulada sistemática y ordenadamente conformando todo un sistema a través de la ley escrita. Por ejemplo Constitución política de Francia. La Constitución No Codificada no tiene un orden sistemático, sino ha sido recogido conforme han sido dictadas o aplicadas las normas. La Constitución Dispersa es aquella formulada sin unidad de sistema. Por ejemplo Reino Unido, Israel. CONSTITUCIÓN POLÍTICA ESCRITA / NO ESCRITA O CONSUETUDINARIA La Constitución Escrita es aquella formulada en un documento por una autoridad competente. Por ejemplo Constitución política de Italia, de Bolivia. Constitución No escrita o Consuetudinaria es aquella que no está ordenada en un solo texto, diríamos que no están “uni-codificadas”. Ejemplo de Constitución no escrita o consuetudinaria es la Constitución política de Nueva Zelanda, del Reino Unido. CONSTITUCIÓN POLÍTICA GENÉRICA O SUMARIA / ANALÍTICA O DESARROLLADA La Constitución genérica o sumaria solo expone las líneas generales de organización del Estado. Por ejemplo Constitución política EE.UU., Francia 1875. La Constitución Analítica o desarrollada incluye Regímenes especiales (económicas, sociales, etc.) que llevan a modificarlo constantemente. Por ejemplo la Constitución española de 1931, la alemana de 1919 (Rep. De Weimar). CONSTITUCIÓN POLÍTICA IDEOLÓGICA / UTILITARIA O PRAGMÁTICA La Constitución ideológica establece un sistema político determinado sobre la base de una ideología. Por ejemplo EE.UU., China, Cuba, las constituciones latinoamericanas. La Constitución utilitaria o pragmática es neutral en ideología, regula sólo la forma de gobierno, no los derechos de los ciudadanos. Por ejemplo la Constitución alemana de 1871 (Rep. De Weimar), la constitución de la III República francesa (1875).",,
abierta,¿EN QUÉ CONSISTE EL CONTROL DE CONSTITUCIONALIDAD?,Derecho,,,,,,,,"Cualquier ""acuerdo internacional celebrado por escrito entre Estados y regido por el derecho internacional, ya conste en un instrumento único o en dos o más instrumentos conexos y cualquiera que sea su denominación particular"" (artículo 2, inciso a), de la Convención de Viena sobre el Derecho de los Tratados de 1969), así como aquellos celebrados entre México y organizaciones internacionales.",,
abierta,¿QUÉ ES CIUDADANÍA?,Derecho,,,,,,,,"El control constitucional, concebido lato sensu, estriba en aquellos medios jurídicos que previenen, reparan, nulifican o sancionan, la violación de las disposiciones constitucionales. Dentro de esta concepción podríamos incluir, además de los medios tradicionalmente reconocidos en México como instrumentos de control de la constitucionalidad stricto sensu (juicio de amparo, etcétera), otros procedimientos como por ejemplo: el derecho de veto del presidente de la república establecido en el artículo 72, inciso c), constitucional, el cual faculta al titular del Ejecutivo a retornar a la cámara de origen todo proyecto de ley o decreto, lo cual podría efectuarse por los vicios de inconstitucionalidad de que adolecieren la ley o decreto en cuestión",,
abierta,¿QUÉ ES NACIONALIDAD?,Derecho,,,,,,,,"El término ciudadanía proviene del latín ""civitas"", que significa ciudad. Por tanto, ciudadanía es la condición que se otorga al ciudadano de ser miembro de una comunidad organizada.",,
abierta,Mencione el concepto de Garantía Individual,Derecho,,,,,,,,"Significa el conjunto de derechos y deberes por los cuales el ciudadano, el individuo está sujeto en su relación con la sociedad en que vive. ",,
abierta,Fuentes jurídicas de las Garantías Individuales,Derecho,,,,,,,,La nacionalidad es el estado al que pertenece una persona que ha nacido en una nación determinada o ha sido naturalizada. Es también la condición y carácter peculiar de los pueblos y ciudadanos de una nación.,,
abierta,Elementos de las Garantías Individuales,Derecho,,,,,,,,"Entendemos por Garantías individuales al conjunto de diversos derechos consignados por los ordenamientos jurídicos vigentes, que son otorgados a favor de todo sujeto considerado titular de los mismos y facultado jurídicamente para exigirlos frente a las autoridades del Estado.",,
abierta,Principios constitucionales de las Garantía Individuales,Derecho,,,,,,,,"Son fuentes de las garantías individuales la constitución, las leyes secundarias, los tratados internacionales y las constituciones locales",,
abierta,Características de las Garantías Individuales,Derecho,,,,,,,,"Los elementos están dados por la relación que se establece entre el sujeto titular de las garantías individuales y el sujeto obligado a respetar las garantías individuales, cuyo amparo de dichos derechos fundamentales es el objeto de las garantías individuales. Sujeto titular de las garantías individuales Sujeto obligado por las garantías individuales Objeto de las garantías individuales",,
abierta,¿En qué casos procede la suspensión de las Garantías Individuales?,Derecho,,,,,,,,De supremacía constitucional; de legalidad y de rigidez constitucional,,
abierta,¿Quién puede decretar la suspensión de las Garantías Individuales?,Derecho,,,,,,,,Unilaterales Irrenunciables Supremas Inalienables Imprescriptibles Permanentes Generales,,
abierta,¿Quiénes intervienen en la suspensión de las Garantías Individuales?,Derecho,,,,,,,,"La suspensión de las garantías individuales se encuentra prevista en el Artículo 29. “En los casos de invasión, perturbación grave de la paz pública, o de cualquier otro que ponga a la sociedad en grave peligro o conflicto,………”",,
abierta,Clasificación de las Garantías Individuales,Derecho,,,,,,,,"Artículo 29. “…….Solamente el Presidente de los Estados Unidos Mexicanos,…”",,
abierta,Requisitos del derecho de petición,Derecho,,,,,,,,"En el Artículo 29 se establece que además del Presidente deberá acordar con: Los secretarios de Estado, Jefes de departamento, y El procurador General de la República",,
abierta,Obligaciones de la autoridad para contestar el derecho de petición,Derecho,,,,,,,,Las garantías de igualdad Las garantías de libertad; Las garantías de propiedad; y Las garantías de seguridad jurídica,,
abierta,Restricciones al derecho de petición.,Derecho,,,,,,,,"El peticionario debe formulas su solicitud ante la autoridad estatal por escrito, La petición debe hacerse de manera pacífica, y La petición debe formularse de manera respetuosa al servidor público en funciones",,
abierta,Mencione las Garantías Individuales que contiene al artículo 11 constitucional,Derecho,,,,,,,,"La autoridad estatal debe proporcionar la respuesta por escrito a la solicitud que haga el peticionario, La respuesta de la autoridad pública debe ser congruente con lo pedido La autoridad estatal debe dar contestación al peticionario en breve término La autoridad pública está obligado a cerciorarse de que la respuesta al peticionario sea notificado del contenido del acuerdo que determinó sobre la solicitud que se le formule, circunstancia que debe demostrarse en caso de que se promueva a un juicio de amparo indirecto La respuesta a la solicitud del gobernado que impone a la autoridad estatal el art. 8º. Constitucional, no obliga a que la autoridad pública tenga que dar respuesta favorable a peticionario, sino tan sólo que dé contestación a su petición",,
abierta,Mencione las Garantías Individuales que contiene el artículo 14 constitucional,Derecho,,,,,,,,"Se restringe su ejercicio cuando se trata de materia política, debido a que sólo podrán hacer uso de dicho derecho los ciudadanos de la República. Esta restricción se relaciona con el Art 34 constitucional",,
abierta,Irretroactividad de la ley,Derecho,,,,,,,,"Artículo 11. Todo hombre tiene derecho para entrar en la República, salir de ella, viajar por su territorio y mudar de residencia, sin necesidad de carta de seguridad, pasaporte, salvo-conducto u otros requisitos semejantes. El ejercicio de este derecho estará subordinado a las facultades de la autoridad judicial, en los casos de responsabilidad criminal o civil, y a las de la autoridad administrativa, (administrativa, sic DOF 05-02-1917) por lo que toca a las limitaciones que impongan las leyes sobre emigración, inmigración y salubridad general de la República, o sobre extranjeros perniciosos residentes en el país. Consigna cuatro garantías de libertad: La de entrar al territorio de la república La de salir del territorio de la República La de viajar dentro del territorio mexicano, y La de cambiar de residencia o domicilio",,
abierta,Garantía de Audiencia,Derecho,,,,,,,,"Consigna cuatro: La garantía de irretroactividad legal Artículo 14. “A ninguna ley se dará efecto retroactivo en perjuicio de persona alguna.” La garantía de Audiencia “…Nadie podrá ser privado de la libertad o de sus propiedades, posesiones o derechos, sino mediante juicio seguido ante los tribunales previamente establecidos, en el que se cumplan las formalidades esenciales del procedimiento y conforme a las Leyes expedidas con anterioridad al hecho…” La garantía de legalidad en materia judicial penal “..En los juicios del orden criminal queda prohibido imponer, por simple analogía, y aún por mayoría de razón, pena alguna que no esté decretada por una ley exactamente aplicable al delito de que se trata…” La garantía de legalidad en materia judicial civil “…En los juicios del orden civil, la sentencia definitiva deberá ser conforme a la letra o a la interpretación jurídica de la ley, y a falta de ésta se fundará en los principios generales del derecho…”",,
abierta,Exacta aplicación de la Ley,Derecho,,,,,,,,"Prohíbe aplicar retroactivamente una ley dictada con posterioridad a una persona cuando cause perjuicio a una persona, en tanto puede darse efectos retroactivos cuando no provoque un perjuicio a la esfera jurídica del individuo.",,
abierta,Legalidad en materia Civil,Derecho,,,,,,,,"El sujeto titular.- la garantía de audiencia se otorga a toda persona, sea física o moral, pública o privada. El acto de privación de los bienes.- se comprende como la afectación que se provoca al patrimonio del sujeto titular de la garantía de audiencia, con lo que se produce una pérdida de sus bienes o derechos del que goza jurídicamente El juicio seguido ante tribunales previamente establecidos.- Se refiere a que la autoridad estatal debe llevar a efecto la substanciación de anterioridad en la ley, previamente que se prive a una persona de alguno de sus bienes jurídicamente protegidos por la garantía de audiencia. Las formalidades esenciales del procedimiento.- se le permita a la persona titular de la garantía de audiencia, defenderse en el juicio y ser vencido en él",,
abierta,Mencione las Garantías Individuales que contiene al artículo 16,Derecho,,,,,,,,De aquí nace el principio en derecho penal de No hay pena sin delito. Toda conducta debe estar tipificada por el ordenamiento jurídico.,,
abierta,¿Qué es el CJA?,Derecho,,,,,,,,"Se dará cuando en la resolución judicial que deba atender la controversia planteada, según sea el caso de las materias antes aludidas, que debe ser fundada en la ley y no se pueda decidir por el texto de dicho ordenamiento jurídico, porque éste es obscuro, deficiente, incompleto o confuso, ante ello el juzgador se encuentra obligado a recurrir a interpretar la ley, a través de diversos sistemas de interpretación, a fin de fijar su sentido y alcance.",,
abierta,¿Es necesario tener abogado para participar en el procedimiento de mediación?,Derecho,,,,,,,,Éste consagra las diversas garantías de seguridad jurídica: La garantía de legalidad La garantía de que la orden de aprehensión provenga de la autoridad judicial; La garantía de poner al inculpado a disposición del juez competente al ejecutar la orden de aprehensión Excepciones a la garantía de la orden de aprehensión; La garantía para que se lleve a cabo la orden de cateo; La garantía a las comunidades privadas La garantía a la visita domiciliaria; y La garantía de la privacidad del domicilio ante los miembros de las fuerzas armadas,,
abierta,¿Cuánto cuesta el procedimiento de mediación?,Derecho,,,,,,,,"El Centro de Justicia Alternativa (CJA) es una dependencia del Tribunal que cuenta con autonomía técnica y de gestión, y se instituye para administrar y substanciar los métodos alternos de solución de controversias, particularmente la mediación, para la atención de los conflictos de naturaleza civil, mercantil, familiar, penal y de justicia para adolescentes, entre particulares, así como para su desarrollo.",,
abierta,¿Qué efectos tiene el convenio a que se llega en mediación?,Derecho,,,,,,,,Los participantes acuden de manera personal y podrán ser asesorados en todo momento por su abogado particular de forma externa al Centro o servicio de mediación privada.,,
abierta,¿Puede el CJA obligar a las partes a que cumplan el convenio?,Derecho,,,,,,,,"El servicio es gratuito si es el que se brinda en el Centro de Justicia Alternativa del Distrito Federal y si se contrata los servicios de una mediadora o mediador privados, se tendrá que convenir con ella o él el pago de sus honorarios.",,
abierta,¿Cuánto tiempo dura una mediación?,Derecho,,,,,,,,"El convenio celebrado entre los mediados ante la fe pública del Mediador actuante, con las formalidades que señala la Ley de Justicia Alternativa del Tribunal Superior de Justicia para el Distrito Federal, será válido y exigible en sus términos, trayendo aparejada ejecución para su exigibilidad en vía de apremio ante la autoridad jurisdiccional. Por acuerdo de los mediados los convenios podrán ser anotados en el Registro Público de la Propiedad y del Comercio de conformidad con las leyes respectivas.",,
abierta,¿Qué es el Órgano Especializado en Mecanismos Alternativos de Solución de Controversias en Materia Penal y Justicia para Adolescentes (OEMASC) del CJA?,Derecho,,,,,,,,"No. En caso de incumplimiento del convenio por alguna de las partes, la parte que se considere afectada podrá solicitar la ejecución del convenio por vía de apremio ante la autoridad jurisdiccional o bien ejercer los derechos que le correspondan para hacerlos valer por la vía y forma correspondientes, de acuerdo a cada caso en particular.",,
abierta,¿Qué es un Facilitador Público?,Derecho,,,,,,,,"Las mediaciones se llevan a cabo a través de sesiones, las cuales tienen una duración aproximada de una hora y media cada una, tiempo que podrá extenderse o reducirse de común acuerdo, en razón de la dinámica del caso y de la carga de trabajo del mediador, pudiendo llevarse a cabo varias sesiones, las que se programan atendiendo a cada asunto en particular y a las necesidades de los mediados.",,
abierta,¿De qué manera se solicita un Mecanismo Alternativo de Solución de Controversias (MASC) en materia Penal?,Derecho,,,,,,,,"Es el Órgano Especializado en Mecanismos Alternativos de Solución de Controversias en Materia Penal y de Justicia para Adolescentes, encargado de tramitar los mecanismos alternativos (mediación, conciliación o junta restaurativa), que conduzcan a las soluciones alternas.",,
abierta,¿En qué casos procede un MASC para celebrar un acuerdo reparatorio?,Derecho,,,,,,,,Es el profesional certificado del Órgano cuya función es propiciar la participación de los intervinientes en los mecanismos alternativos.,,
abierta,¿Qué efectos tiene un Acuerdo Reparatorio emanado de la aplicación de un MASC?,Derecho,,,,,,,,"Se solicita la salida alterna (acuerdo reparatorio o suspensión condicional) ante un Juez de Control, quien derivará el asunto al Órgano Especializado en Mecanismos Alternativos de Solución de Controversias (OEMASC), a través de la Unidad de Gestión Judicial, para que el imputado y la víctima u ofendido se presenten al OEMASC a recibir el servicio.",,
abierta,¿Qué sucede si el imputado o acusado incumple el Acuerdo Reparatorio?,Derecho,,,,,,,,"En materia penal cuando se trate de un delito de querella, culposo, patrimonial sin violencia sobre las personas, exceptuando la violencia familiar, asimismo en materia de adolescentes es procedente en todas las conductas que no ameriten medida de internamiento.",,
abierta,¿Qué efectos tiene un Plan de Reparación emanado de la aplicación de un MASC?,Derecho,,,,,,,,"Una vez que el Juez de Control aprueba el Acuerdo Reparatorio en términos del Código Nacional de Procedimientos Penales, se extingue la acción penal.",,
abierta,¿Qué es un acuerdo de sometimiento o sumisión?,Derecho,,,,,,,,"Inmediatamente se informa al Juez de Control, a través de la Unidad de Gestión Judicial, a efecto de que decrete el incumplimiento y se retome el proceso penal.",,
abierta,¿Qué es alterutralidad?,Derecho,,,,,,,,Es un elemento necesario para la procedencia de una suspensión condicional del proceso en términos del Código Nacional de Procedimientos Penales.,,
abierta,¿Qué es analogía?,Derecho,,,,,,,,"Es el pacto suscrito por los mediados o mediables para someter su controversia al procedimiento de mediación o conciliación, donde se establecen las bases y reglas mínimas del procedimiento, precisan sus derechos y obligaciones y se comprometen a no grabar imágenes o sonidos derivados de las sesiones de mediación y a no llamar al Mediador",,
abierta,¿Qué es comediación?,Derecho,,,,,,,,Es la capacidad del Mediador de sentir que los mediados son igual a él. De entender y comprender a los mediados sin distinción y sin privilegios de ningún tipo.,,
abierta,¿Qué es conciliación?,Derecho,,,,,,,,Significa comparación o relación entre varias razones o conceptos y la habilidad de comparar o relacionar dos o más objetos o experiencias de manera positiva.,,
abierta,¿Qué es conciliación extrajudicial?,Derecho,,,,,,,,Significa que el procedimiento de mediación o una de sus sesiones es conducida por dos o más Mediadores.,,
abierta,¿Qué es conciliación intraprocesal?,Derecho,,,,,,,,Es la acción mediante la cual dos posturas encontradas se ponen de acuerdo y llegan a un arreglo beneficioso.,,
abierta,¿Qué es confidencialidad?,Derecho,,,,,,,,Es la acción de ponerse de acuerdo fuera de juicio.,,
abierta,¿Qué es conflicto?,Derecho,,,,,,,,Es la acción de ponerse de acuerdo dentro de un procedimiento oficial y formal.,,
abierta,¿Qué es confrontación?,Derecho,,,,,,,,Es la característica de la información que le permite mantenerse oculta e inaccesible a todos.,,
abierta,¿Qué es connotación positiva?,Derecho,,,,,,,,"Es la divergencia percibida de intereses, sentires, pensares o haceres.",,
abierta,¿Qué es convenio de mediación?,Derecho,,,,,,,,Es el acto de poner a una persona o cosa enfrente con objeto de encontrar una solución o cumplir con algún objetivo.,,
abierta,¿Qué es encuadre?,Derecho,,,,,,,,"Es el énfasis llevado a cabo generalmente por el Mediador de una palabra, enunciado, imagen, actitud o conducta, con el propósito de que sea conscientemente valorada.",,
abierta,¿Qué es expediente de mediación?,Derecho,,,,,,,,"Es el acto formalmente jurídico y de naturaleza moral y ética que corona todo proceso exitoso de mediación, en cuyo contenido se traza la solución, la prevención o la minimización de las secuelas de un determinado conflicto.",,
abierta,¿Qué es familiograma?,Derecho,,,,,,,,"Es la exposición detallada de la naturaleza, principios, reglas mínimas, dinámica, estructura y fines del procedimiento de mediación o conciliación.",,
abierta,¿Qué es imparcialidad?,Derecho,,,,,,,,Es el documento donde se contienen las constancias del procedimiento de mediación.,,
abierta,¿Qué es la mediación?,Derecho,,,,,,,,"Es la gráfica que se utiliza como instrumento para valorar la dinámica, la composición, la estructura, el tipo de familia, las relaciones, los roles que asumen y el ciclo evolutivo por el cual está cursando la familia en un momento determinado (también llamado genograma).",,
abierta,¿Cuál es la Función del tercero involucrado en un arbitraje?,Derecho,,,,,,,,Es la actitud del Mediador de no tomar partido por ninguna de las partes.,,
abierta,"¿Como El Título IV del Código de Comercio, define el arbitraje?",Derecho,,,,,,,,"Procedimiento voluntario, mínimamente formal, confidencial e integrador a través del cual un tercero imparcial y alterarla interviene para ayudar a las partes en conflicto a trabajar cooperativamente, intentando lograr un acuerdo mutuamente satisfactorio o aceptable. No es un simple comunicador que acerca a las partes y que les propone una o varias soluciones, ahora él emite una resolución que goza de carácter obligatorio. “Sin embargo, para que el arbitraje pueda funcionar es necesario que previamente las partes hayan aceptado, de común acuerdo, someterse a este medio de solución”.",,
abierta,¿Cuáles son presupuestos que son parte fundamental para que el arbitraje pueda llevarse a cabo para resolver una controversia?,Derecho,,,,,,,,Es el procedimiento arbitral de carácter comercial con independencia de que sea o no una institución arbitral permanente ante la que se lleve a cabo.,,
abierta,Concepto de Cláusula compromisoria:,Derecho,,,,,,,,1. Existencia de un contrato 2. Incluir dentro del mismo la “Cláusula compromisoria” 3. Compromiso arbitral 4. Contrato arbitral o contrato de arbitraje,,
abierta,Concepto de Compromiso Arbitral:,Derecho,,,,,,,,Es un apartado dentro del contrato en virtud del cual las partes estipulan que en caso de surgir una contienda jurídica entre ellas se someterán para su arreglo a un arbitraje.,,
abierta,Concepto de Contrato Arbitral:,Derecho,,,,,,,,"Es el acuerdo pactado entre las partes, una vez que ya se suscitó una controversia jurídica entre ellos, para que su lid sea dirimida en el porvenir por medio del arbitraje; es decir, el compromiso se conviene después de planteado el pleito actual.",,
abierta,¿Cuáles son tres campos del Arbitraje Comercial?,Derecho,,,,,,,,"Es definido como el acuerdo de voluntades entre los contendientes y el árbitro designado, en el que se consignan las obligaciones y derechos de los árbitros en relación con las partes, así como el plazo para resolver, los honorarios a cubrir, entre otros.",,
abierta,¿Cuál es el marco jurídico que regula al arbitraje?,Derecho,,,,,,,,1. Arbitraje Comercial Nacional 2. Arbitraje Comercial Regional 3. Arbitraje Comercial Internacional,,
abierta,Concepto de Acuerdo de arbitraje.,Derecho,,,,,,,, Constitución Política de los Estados Unidos Mexicanos  Los Tratados Internacionales suscritos por México  El Código de Comercio  El Código Federal de Procedimientos Civiles (supletorio)  Las Leyes particulares (especiales) que versen sobre una materia específica de comercio o mercantiles,,
abierta,Concepto de Costas.,Derecho,,,,,,,,"Es el acuerdo que las partes deciden someter sus controversias derivadas de una relación jurídica, contractual o no. Pueden adoptar la forma de una cláusula compromisoria incluida en un contrato o la forma de un acuerdo independiente",,
abierta,¿Que se entiende por Derecho de Impugnar?,Derecho,,,,,,,,"Los honorarios del tribunal arbitral; los gastos de viaje y demás expensas realizadas por los árbitros; costo de la asesoría pericial o de cualquier otra asistencia requerida por el tribunal arbitral; gastos de viaje y otras expensas realizadas por los testigos, entre otros, siempre que sean aprobados por el tribunal arbitral.",,
abierta,¿A qué se refiere la Competencia del Tribunal Arbitral?,Derecho,,,,,,,,"Se entiende renunciado este derecho si una parte prosigue el arbitraje sabiendo que no se ha cumplido alguna disposición de las normas contenidas en el Código de Comercio, Título IV, del que pueda apartarse, o se haya dejado de cumplir algún requisito del acuerdo de arbitraje.",,
abierta,¿Las partes del procedimiento arbitral gozaran de?,Derecho,,,,,,,,"El Tribunal Arbitral estará facultado para decidir sobre su propia competencia, incluso sobre las excepciones relativas a la existencia o validez del acuerdo de arbitraje. La decisión de un tribunal arbitral declarando nulo un contrato, no entrañará por ese solo hecho la nulidad de la cláusula compromisoria.",,
abierta,En el caso de no haber acuerdo de las partes el Tribunal Arbitral que sucederá?,Derecho,,,,,,,, Igualdad.  Plena oportunidad para hacer valer sus derechos.  Libertad para convenir el procedimiento a que se haya de ajustar el Tribunal Arbitral en sus actuaciones.  Libertad para determinar el lugar del arbitraje.  Determinar el idioma.  El inicio de las actuaciones arbitrales,,
abierta,¿A qué se refiere Pronunciamiento del Laudo y Terminación de las Actuaciones del Tribunal Arbitral?,Derecho,,,,,,,," Determinará el lugar del arbitraje, atendiendo las circunstancias del caso, inclusive las conveniencias de las partes.  Podrá, salvo acuerdo en contrario de las partes, reunirse en cualquier lugar que estime apropiado para celebrar deliberaciones entre sus miembros, oír a las partes, a los testigos, o a los peritos, o para examinar mercancías u otros bienes o documentos.  Determinar la admisibilidad, pertinencia y valor de las pruebas.  Determinar el inicio de las actuaciones arbitrales, en la fecha en que el demandado haya recibido el requerimiento de someter esa controversia al arbitraje.  A falta de tal acuerdo, el tribunal arbitral determinará el o los idiomas que hayan de emplearse en las actuaciones; podrá ordenar que cualquier prueba documental vaya acompañada de una traducción a uno de los idiomas convenidos por las partes o determinados por el tribunal arbitral.",,
abierta,¿A cuales convenciones México se ha adherido y están en vigor?,Derecho,,,,,,,,"Es cuando el Tribunal Arbitral decide sobre el litigio de conformidad con las normas de derecho elegidas por las partes, entendiendo que toda indicación del derecho u ordenamiento jurídico de un país determinado se refiere, a menos que se exprese lo contrario, al derecho sustantivo de ese país y no a sus normas de conflicto de leyes.",,
abierta,¿Cuál es El marco jurídico del Arbitraje en el Merco Sur?,Derecho,,,,,,,,"• La Convención de Naciones Unidas suscrita en Nueva York en 1958, sobre Reconocimiento y Ejecución de Sentencias Arbítrales Extranjeras. • La Convención Interamericana en Panamá, 1975, sobre Arbitraje Comercial Internacional.  La Convención Interamericana sobre Eficacia Extraterritorial de las Sentencias y Laudos Arbitrales Extranjeros, suscrita en Montevideo en 1979. • La Ley Modelo de Naciones Unidas para el Arbitraje Mercantil Internacional, CNUDMI (UNCITRAL) 1985. • El Convenio sobre Reconocimiento y Ejecución de Sentencias Judiciales y Laudos Arbitrales en Materia Civil y Mercantil, México-España 1989. •El Tratado de Libre Comercio de América del Norte: México Estados Unidos-Canadá, que concretamente en su artículo 2022 señala: estimularán y facilitarán el uso del arbitraje y de otros medios alternativos en la resolución de controversias comerciales internacionales entre partes de naturaleza privada.",,
abierta,Mencione las convenciones Internacionales sobre Arbitraje y Medicación,Derecho,,,,,,,,"• Protocolo de Brasilia para la solución de controversias, 1991. • Acuerdo sobre Arbitraje Comercial en el MERCOSUR, 1998. • Acuerdo sobre Arbitraje Internacional entre MERCOSUR y las Repúblicas de Chile y Bolivia, 1998. • Permanente de Revisión, 2002. • Tribunal Internacional de Conciliación y Arbitraje del MERCO SUR, TICAMER. • Corte de Arbitraje Internacional para el MERCOSUR. • Laudos Arbitrales. • Centro de Arbitraje de Chile, 1992. • Cámara de Arbitraje de Brasil, 1995. • Centro de Arbitraje de Uruguay. • Cámara de Arbitraje de Paraguay, 1996.",,
abierta,¿Cuale son Organismos internacionales de arbitraje?,Derecho,,,,,,,,"• Convención de Nueva York, sobre Reconocimiento y Ejecución de Laudos Arbitrales Extranjeras, 1958; • Convención Interamericana Sobre Arbitraje Comercial Internacional, Convención de Panamá, 1975; • Convención Interamericana Sobre Eficacia Extraterritorial de las Sentencias y Laudos Arbitrales Extranjeros o Convención de Montevideo, 1979 (CIDIP II); • Ley Modelo de las Naciones Unidas para el Arbitraje Mercantil Internacional, 1985 (CNUDMI/UNCITRAL); • Convenio sobre Reconocimiento y Ejecución de Sentencias Judiciales y Laudos Arbitrales en Materia Civil y Mercantil, México-España 1989; • Ley Modelo sobre Conciliación Comercial Internacional, CNUDMI/UNCITRAL, 2002; • Notas de la CNUDMI sobre Organización del Proceso Arbitral, 1996; • Reglamento de Conciliación de CNUDMI, 1980; • Reglamento de Arbitraje de la CNUDMI, 1976; • Entendimiento de la OMC para solución de Controversias; • Reglamento de Arbitraje de la OMPI, 2002; • Reglamento de Mediación de la OMPI, 2002; • Convenio sobre arreglo de diferencias relativas a inversiones CIADI, 1966;",,
abierta,¿Qué deberá de contener la Demanda?,Derecho,,,,,,,,"a) el nombre completo, calidad en que intervienen y dirección de cada una de las partes; b) una descripción de la naturaleza y circunstancias de la controversia que ha dado origen a la Demanda; c) una indicación de las pretensiones y, en la medida de lo posible, de los montos reclamados; d) los convenios pertinentes y, particularmente, el acuerdo de arbitraje; e) toda indicación pertinente con relación al número de árbitros y su selección, así como la designación del árbitro que en ellos se requiera f Cualquier comentarios con relación a la sede del arbitraje, las normas jurídicas aplicables y el idioma del arbitraje. Además pagará el anticipo sobre gastos administrativos.",,
